method,tau_hat,calibration_moment,feasible_found,boundary_fallback,pac_success_nominal,pac_success_tol,clip_c,coverage_ipcw_hajek,coverage_ipcw_ht,observed_y_coverage,coverage_shortfall,abs_calibration_error,mean_lpb,median_lpb,mean_log_lpb,sd_lpb,worst_slice_coverage,max_raw_weight,max_normalized_weight,weight_variance,weight_cv,effective_sample_size,clipped_fraction,computation_time_sec,split,n_total,n_train,n_cal,n_test,events_train,events_cal,events_test,censoring_test
Naive-Y,0.04,0.02397660818713448,TRUE,FALSE,1,1,Inf,0.9582187124329217,0.6008099141278453,0.9186046511627907,0,0.05821871243292165,0.7191875964623569,0.634700691065712,-0.42582082392219284,0.4037765431329134,0.7467467868100002,1,1,0,0,171,NA,0.24799999999999933,1,686,343,171,172,149,80,70,0.5930232558139535
CC,0.04,0.025000000000000022,TRUE,FALSE,1,1,Inf,0.9582187124329217,0.6008099141278453,0.9186046511627907,0,0.05821871243292165,0.7191875964623569,0.634700691065712,-0.42582082392219284,0.4037765431329134,0.7467467868100002,1,1,0.2504299965600275,1.0696687227691517,80,NA,0.10799999999999876,1,686,343,171,172,149,80,70,0.5930232558139535
HT-IPCW,0.09999999999999999,5.4996057664125075e-5,TRUE,FALSE,0,0,Inf,0.8730537962430754,0.5474109089541611,0.8430232558139535,0.02694620375692458,0.02694620375692458,1.3835161135305207,1.2209868992148718,0.2284403854585117,0.7767533206049619,0.5695383817464585,42.81204348788474,42.81204348788474,17.05656299291081,3.9723182578132326,10.247476152980049,NA,0.6469999999999985,1,686,343,171,172,149,80,70,0.5930232558139535
H-IPCW,0.09,0.001232438672523188,TRUE,FALSE,0,1,Inf,0.8826150057682904,0.553405854992334,0.8546511627906976,0.017384994231709583,0.017384994231709583,1.2816875375730152,1.1311206837122953,0.1519898166985429,0.7195832712402119,0.5695383817464585,42.81204348788474,41.177903647323376,17.05656299291081,3.9723182578132326,10.247476152980049,NA,0.1269999999999989,1,686,343,171,172,149,80,70,0.5930232558139535
Stab-IPCW,0.04,0.02737302227227394,TRUE,FALSE,1,1,Inf,0.9582187124329217,0.6008099141278453,0.9186046511627907,0,0.05821871243292165,0.7191875964623569,0.634700691065712,-0.42582082392219284,0.4037765431329134,0.7467467868100002,2.4727763996273375,5.098869138158409,0.2975429430360287,1.124770315359758,75.74046374188865,NA,0.20999999999999908,1,686,343,171,172,149,80,70,0.5930232558139535
Clip-IPCW,0.05,0.0014251538299531459,TRUE,FALSE,1,1,1.728875361879034,0.939385408572311,0.5890012993216205,0.9069767441860465,0,0.03938540857231099,0.8419178318533349,0.7430131336057142,-0.268260638024821,0.47268149981990165,0.7467467868100002,1.728875361879034,3.1415037109308885,0.3724736585955324,1.1089747916673194,76.93577395705289,0.125,0.1379999999999999,1,686,343,171,172,149,80,70,0.5930232558139535
H-AIPCW,0.01,-0.9104825026419026,FALSE,TRUE,1,1,Inf,1,0.6270070771237458,0.9651162790697675,0,0.09999999999999998,0.273409163288571,0.241290291624262,-1.3929736208526837,0.15350126636854441,1,42.81204348788474,41.177903647323376,17.05656299291081,3.9723182578132326,10.247476152980049,NA,0.42300000000000004,1,686,343,171,172,149,80,70,0.5930232558139535
Clip-AIPCW,0.04,0.0021032096613927617,TRUE,FALSE,1,1,1.728875361879034,0.9582187124329217,0.6008099141278453,0.9186046511627907,0,0.05821871243292165,0.7191875964623569,0.634700691065712,-0.42582082392219284,0.4037765431329134,0.7467467868100002,1.728875361879034,3.1415037109308885,0.3724736585955324,1.1089747916673194,76.93577395705289,0.125,0.3879999999999999,1,686,343,171,172,149,80,70,0.5930232558139535
Naive-Y,0.060000000000000005,0.006432748538011674,TRUE,FALSE,1,1,Inf,0.9404671152083943,0.6618280664640006,0.8953488372093024,0,0.0404671152083943,1.695722423325916,0.8485516768255987,-0.17049844124722724,7.0607640169757,0.9027937860292994,1,1,0,0,171,NA,0.07800000000000118,2,686,343,171,172,152,69,78,0.5465116279069767
CC,0.06999999999999999,0.02753623188405796,TRUE,FALSE,1,1,Inf,0.932041554696882,0.655898808192196,0.8837209302325582,0,0.03204155469688197,1.901495832973333,0.9515221685762267,-0.05596644278855401,7.917577294020887,0.853477362662423,1,1,0.24210526315789474,1.2194082670455908,69,NA,0.10099999999999909,2,686,343,171,172,152,69,78,0.5465116279069767
HT-IPCW,0.01,-0.08970673846753707,FALSE,TRUE,1,1,Inf,1,0.7037227094509827,0.9767441860465116,0,0.09999999999999998,0.4595545771582572,0.2299644102574735,-1.4761048688705043,1.9135245117955593,1,46.315662045353214,46.315662045353214,12.928642815101071,4.437457854541991,8.310701666323483,NA,0.6400000000000006,2,686,343,171,172,152,69,78,0.5465116279069767
H-IPCW,0.09999999999999999,0.00916058264348937,TRUE,FALSE,0,0,Inf,0.857878438273125,0.6037085389611411,0.8313953488372093,0.04212156172687498,0.04212156172687498,2.485464616153616,1.2437443408876168,0.21185231061279028,10.349146113656609,0.663145664939231,46.315662045353214,57.15913514788332,12.928642815101071,4.437457854541991,8.310701666323483,NA,0.0920000000000023,2,686,343,171,172,152,69,78,0.5465116279069767
Stab-IPCW,0.08,0.0012939784051949929,TRUE,FALSE,1,1,Inf,0.9235489542324643,0.6499223723830914,0.872093023255814,0,0.02354895423246428,2.1009616615498876,1.0513363014671924,0.04378787425045914,8.74812663727203,0.853477362662423,1.5689616034195348,3.767709355910861,0.26479093220531785,1.235710202726134,67.90969204399023,NA,0.0920000000000023,2,686,343,171,172,152,69,78,0.5465116279069767
Clip-IPCW,0.08,0.013521997928074469,TRUE,FALSE,1,1,1.8906504503328403,0.9235489542324643,0.6499223723830914,0.872093023255814,0,0.02354895423246428,2.1009616615498876,1.0513363014671924,0.04378787425045914,8.74812663727203,0.853477362662423,1.8906504503328403,3.7991822836985834,0.3969644189218363,1.2660611420314756,65.93312357714244,0.07246376811594203,0.10899999999999821,2,686,343,171,172,152,69,78,0.5465116279069767
H-AIPCW,0.01,-1.867825883643758,FALSE,TRUE,1,1,Inf,1,0.7037227094509827,0.9767441860465116,0,0.09999999999999998,0.4595545771582572,0.2299644102574735,-1.4761048688705043,1.9135245117955593,1,46.315662045353214,57.15913514788332,12.928642815101071,4.437457854541991,8.310701666323483,NA,0.2079999999999984,2,686,343,171,172,152,69,78,0.5465116279069767
Clip-AIPCW,0.06999999999999999,0.02410330237723954,TRUE,FALSE,1,1,1.8906504503328403,0.932041554696882,0.655898808192196,0.8837209302325582,0,0.03204155469688197,1.901495832973333,0.9515221685762267,-0.05596644278855401,7.917577294020887,0.853477362662423,1.8906504503328403,3.7991822836985834,0.3969644189218363,1.2660611420314756,65.93312357714244,0.07246376811594203,0.2140000000000022,2,686,343,171,172,152,69,78,0.5465116279069767
Naive-Y,0.06999999999999999,0.006432748538011674,TRUE,FALSE,0,1,Inf,0.8833679556282017,0.5560844625511036,0.872093023255814,0.016632044371798327,0.016632044371798327,1.3197892019302853,1.0622405004429425,0.07709902784806857,1.8816722830641612,0.5577261533116945,1,1,0,0,171,NA,0.06900000000000261,3,686,343,171,172,144,84,71,0.5872093023255814
CC,0.06999999999999999,0.016666666666666607,TRUE,FALSE,0,1,Inf,0.8833679556282017,0.5560844625511036,0.872093023255814,0.016632044371798327,0.016632044371798327,1.3197892019302853,1.0622405004429425,0.07709902784806857,1.8816722830641612,0.5577261533116945,1,1,0.2513931888544892,1.0206893370115493,84,NA,0.09600000000000009,3,686,343,171,172,144,84,71,0.5872093023255814
HT-IPCW,0.01,-0.20671101425198235,FALSE,TRUE,1,1,Inf,1,0.62950490676973625,0.9825581395348837,0,0.09999999999999998,0.3243993338990836,0.26109480989868106,-1.3261530105652013,0.4625081295934298,1,8.143228903415938,8.143228903415938,0.9163867903642645,1.3807819764125053,59.05900562439493,NA,0.38300000000000267,3,686,343,171,172,144,84,71,0.5872093023255814
H-IPCW,0.06999999999999999,0.03838777537775128,TRUE,FALSE,0,1,Inf,0.8833679556282017,0.5560844625511036,0.872093023255814,0.016632044371798327,0.016632044371798327,1.3197892019302853,1.0622405004429425,0.07709902784806857,1.8816722830641612,0.5577261533116945,8.143228903415938,11.745792982171608,0.9163867903642645,1.3807819764125053,59.05900562439493,NA,0.11200000000000188,3,686,343,171,172,144,84,71,0.5872093023255814
Stab-IPCW,0.06999999999999999,0.0142075674978975,TRUE,FALSE,0,1,Inf,0.8833679556282017,0.5560844625511036,0.872093023255814,0.016632044371798327,0.016632044371798327,1.3197892019302853,1.0622405004429425,0.07709902784806857,1.8816722830641612,0.5577261533116945,1.1192237758810444,2.337537628007192,0.2437006276947498,1.0310269253730722,83.13885445653762,NA,0.10900000000000176,3,686,343,171,172,144,84,71,0.5872093023255814
Clip-IPCW,0.06999999999999999,0.028695139495240815,TRUE,FALSE,0,1,1.6463904591508434,0.8833679556282017,0.5560844625511036,0.872093023255814,0.016632044371798327,0.016632044371798327,1.3197892019302853,1.0622405004429425,0.07709902784806857,1.8816722830641612,0.5577261533116945,1.6463904591508434,2.7483420620088252,0.39872221129737667,1.054078993598202,81.25117434208083,0.16666666666666666,0.1109999999999971,3,686,343,171,172,144,84,71,0.5872093023255814
H-AIPCW,0.06999999999999999,0.009987462077254063,TRUE,FALSE,0,1,Inf,0.8833679556282017,0.5560844625511036,0.872093023255814,0.016632044371798327,0.016632044371798327,1.3197892019302853,1.0622405004429425,0.07709902784806857,1.8816722830641612,0.5577261533116945,8.143228903415938,11.745792982171608,0.9163867903642645,1.3807819764125053,59.05900562439493,NA,0.28600000000000136,3,686,343,171,172,144,84,71,0.5872093023255814
Clip-AIPCW,0.06999999999999999,0.013419853318583494,TRUE,FALSE,0,1,1.6463904591508434,0.8833679556282017,0.5560844625511036,0.872093023255814,0.016632044371798327,0.016632044371798327,1.3197892019302853,1.0622405004429425,0.07709902784806857,1.8816722830641612,0.5577261533116945,1.6463904591508434,2.7483420620088252,0.39872221129737667,1.054078993598202,81.25117434208083,0.16666666666666666,0.21799999999999997,3,686,343,171,172,144,84,71,0.5872093023255814
Naive-Y,0.06999999999999999,5.847953216374047e-4,TRUE,FALSE,1,1,Inf,0.9349141231420216,0.6377946732269181,0.877906976744186,0,0.03491412314202158,3.2487540827269834,0.8849319388388935,0.027801718339646078,26.157908833354384,0.78237052515973,1,1,0,0,171,NA,0.07199999999999918,4,686,343,171,172,151,72,76,0.5581395348837209
CC,0.08,0.002777777777777768,TRUE,FALSE,1,1,Inf,0.9263137820296322,0.6319275549391102,0.872093023255814,0,0.026313782029632193,3.5786954140994127,0.9748050454636361,0.12452847918974222,28.814488878080674,0.78237052515973,1,1,0.2452012383900929,1.1760477181195148,72,NA,0.07400000000000162,4,686,343,171,172,151,72,76,0.5581395348837209
HT-IPCW,0.09999999999999999,0.028745599832514013,TRUE,FALSE,0,1,Inf,0.8881475029333332,0.6058906720832786,0.8488372093023255,0.0118524970666668,0.0118524970666668,4.212102730400123,1.1473396080114506,0.2874921385676884,33.91447810849545,0.6807104107353334,77.8924839218754,77.8924839218754,35.64088889684968,5.915697284734579,4.777761118904079,NA,0.5640000000000001,4,686,343,171,172,151,72,76,0.5581395348837209
H-IPCW,0.09999999999999999,0.020297936169955094,TRUE,FALSE,0,1,Inf,0.8881475029333332,0.6058906720832786,0.8488372093023255,0.0118524970666668,0.0118524970666668,4.212102730400123,1.1473396080114506,0.2874921385676884,33.91447810849545,0.6807104107353334,77.8924839218754,77.18399119132363,35.64088889684968,5.915697284734579,4.777761118904079,NA,0.08699999999999974,4,686,343,171,172,151,72,76,0.5581395348837209
Stab-IPCW,0.08,0.005449629723869049,TRUE,FALSE,1,1,Inf,0.9263137820296322,0.6319275549391102,0.872093023255814,0,0.026313782029632193,3.5786954140994127,0.9748050454636361,0.12452847918974222,28.814488878080674,0.78237052515973,2.1039984941145966,4.8595368463525155,0.2753016197717323,1.2118638708049785,69.51147019203832,NA,0.08899999999999864,4,686,343,171,172,151,72,76,0.5581395348837209
Clip-IPCW,0.09,0.0010600169270142546,TRUE,FALSE,1,1,1.882014706223,0.9065950195954798,0.618475494122163,0.8604651162790697,0,0.006595019595479812,3.899270081766798,1.0621267555646996,0.21031953175776166,31.395651600033315,0.6807104107353334,1.882014706223,3.7400206605453348,0.376739443636906,1.219751988099805,68.97680174517018,0.09722222222222222,0.10100000000000264,4,686,343,171,172,151,72,76,0.5581395348837209
H-AIPCW,0.01,-0.09859217249131866,FALSE,TRUE,1,1,Inf,0.9875110771199795,0.6736761047346194,0.9534883720930233,0,0.08751107711997952,0.819742116023196,0.22329051741318462,-1.3492353261818262,6.600296295679257,0.8737905146472688,77.8924839218754,77.18399119132363,35.64088889684968,5.915697284734579,4.777761118904079,NA,0.2170000000000023,4,686,343,171,172,151,72,76,0.5581395348837209
Clip-AIPCW,0.060000000000000005,7.781617861764428e-4,TRUE,FALSE,1,1,1.882014706223,0.9524837761126951,0.6497806201687409,0.9011627906976745,0,0.05248377611269506,2.9072732834636184,0.7919155830072665,-0.08325421942255616,23.40841675484831,0.78237052515973,1.882014706223,3.7400206605453348,0.376739443636906,1.219751988099805,68.97680174517018,0.09722222222222222,0.2259999999999991,4,686,343,171,172,151,72,76,0.5581395348837209
Naive-Y,0.060000000000000005,0.012280701754385942,TRUE,FALSE,1,1,Inf,0.9652412580121844,0.6577788821025623,0.9069767441860465,0,0.06524125801218439,1.0007546400273895,0.7931416914176364,-0.17211589966903487,0.7659547655932941,0.8885593598575703,1,1,0,0,171,NA,0.08200000000000074,5,686,343,171,172,150,72,77,0.5523255813953488
CC,0.060000000000000005,0.016666666666666607,TRUE,FALSE,1,1,Inf,0.9652412580121844,0.6577788821025623,0.9069767441860465,0,0.06524125801218439,1.0007546400273895,0.7931416914176364,-0.17211589966903487,0.7659547655932941,0.8885593598575703,1,1,0.2452012383900929,1.1760477181195148,72,NA,0.07900000000000063,5,686,343,171,172,150,72,77,0.5523255813953488
HT-IPCW,0.01,-0.1907668135153492,FALSE,TRUE,1,1,Inf,1,0.6814657751546909,0.9767441860465116,0,0.09999999999999998,0.27227055262467165,0.21578628566342334,-1.4738292833829025,0.2083896681287227,1,19.986953639138132,19.986953639138132,3.0418791868962023,2.4387397941763265,24.737180606144292,NA,0.5710000000000015,5,686,343,171,172,150,72,77,0.5523255813953488
H-IPCW,0.06999999999999999,0.014133154945816382,TRUE,FALSE,1,1,Inf,0.956620151564106,0.6519038931142314,0.9011627906976745,0,0.056620151564105936,1.121811560717039,0.8890845799072379,-0.05792541155344712,0.8586089703319787,0.8518642657047905,19.986953639138132,27.94737931100537,3.0418791868962023,2.4387397941763265,24.737180606144292,NA,0.13200000000000145,5,686,343,171,172,150,72,77,0.5523255813953488
Stab-IPCW,0.060000000000000005,0.021329676685348874,TRUE,FALSE,1,1,Inf,0.9652412580121844,0.6577788821025623,0.9069767441860465,0,0.06524125801218439,1.0007546400273895,0.7931416914176364,-0.17211589966903487,0.7659547655932941,0.8885593598575703,4.847347867703448,10.8253494190283,0.3722759741367562,1.362605821073385,60.087775372031324,NA,0.14099999999999824,5,686,343,171,172,150,72,77,0.5523255813953488
Clip-IPCW,0.060000000000000005,0.029911491549564805,TRUE,FALSE,1,1,1.6316003208817533,0.9652412580121844,0.6577788821025623,0.9069767441860465,0,0.06524125801218439,1.0007546400273895,0.7931416914176364,-0.17211589966903487,0.7659547655932941,0.8885593598575703,1.6316003208817533,3.103104833870156,0.407164089111043,1.2135771744344488,69.39493261328244,0.19444444444444445,0.1460000000000008,5,686,343,171,172,150,72,77,0.5523255813953488
H-AIPCW,0.01,-0.14922522860311102,FALSE,TRUE,1,1,Inf,1,0.6814657751546909,0.9767441860465116,0,0.09999999999999998,0.27227055262467165,0.21578628566342334,-1.4738292833829025,0.2083896681287227,1,19.986953639138132,27.94737931100537,3.0418791868962023,2.4387397941763265,24.737180606144292,NA,0.34199999999999875,5,686,343,171,172,150,72,77,0.5523255813953488
Clip-AIPCW,0.060000000000000005,0.013439465690682106,TRUE,FALSE,1,1,1.6316003208817533,0.9652412580121844,0.6577788821025623,0.9069767441860465,0,0.06524125801218439,1.0007546400273895,0.7931416914176364,-0.17211589966903487,0.7659547655932941,0.8885593598575703,1.6316003208817533,3.103104833870156,0.407164089111043,1.2135771744344488,69.39493261328244,0.19444444444444445,0.254999999999999,5,686,343,171,172,150,72,77,0.5523255813953488
Naive-Y,0.05,0.02397660818713448,TRUE,FALSE,1,1,Inf,0.9333234172484394,0.5729881497836485,0.9244186046511628,0,0.033323417248439346,0.8524642515667746,0.7908135765626021,-0.2584495651387465,0.3895560660299667,0.82914916549553,1,1,0,0,171,NA,0.06299999999999883,6,686,343,171,172,148,81,70,0.5930232558139535
CC,0.05,0.013580246913580174,TRUE,FALSE,1,1,Inf,0.9333234172484394,0.5729881497836485,0.9244186046511628,0,0.033323417248439346,0.8524642515667746,0.7908135765626021,-0.2584495651387465,0.3895560660299667,0.82914916549553,1,1,0.25077399380804954,1.0571882797418488,81,NA,0.0730000000000004,6,686,343,171,172,148,81,70,0.5930232558139535
HT-IPCW,0.01,-0.15674107483465827,FALSE,TRUE,1,1,Inf,0.9905255342508571,0.6081058105850367,0.9709302325581395,0,0.09052553425085708,0.27412730338969726,0.25430226877975665,-1.3929882303700225,0.12526971506854886,0.9396666032416848,9.902277289805971,9.902277289805971,1.8080223891104379,1.8090966485752809,40.20037821477209,NA,0.3780000000000001,6,686,343,171,172,148,81,70,0.5930232558139535
H-IPCW,0.060000000000000005,0.009949164823636787,TRUE,FALSE,1,1,Inf,0.913797157449423,0.5610005415573193,0.9127906976744186,0,0.013797157449423003,0.9713485477747288,0.9011000962712536,-0.1278954783461973,0.4438833866869834,0.7420298545055102,9.902277289805971,13.322782888349654,1.8080223891104379,1.8090966485752809,40.20037821477209,NA,0.08999999999999986,6,686,343,171,172,148,81,70,0.5930232558139535
Stab-IPCW,0.05,0.016346994959929785,TRUE,FALSE,1,1,Inf,0.9333234172484394,0.5729881497836485,0.9244186046511628,0,0.033323417248439346,0.8524642515667746,0.7908135765626021,-0.2584495651387465,0.3895560660299667,0.82914916549553,3.132431578768548,6.412259389293985,0.30166422454713515,1.1243237713276653,75.77397391241331,NA,0.0990000000000002,6,686,343,171,172,148,81,70,0.5930232558139535
Clip-IPCW,0.05,0.025226884106077874,TRUE,FALSE,1,1,1.672192606764419,0.9333234172484394,0.5729881497836485,0.9244186046511628,0,0.033323417248439346,0.8524642515667746,0.7908135765626021,-0.2584495651387465,0.3895560660299667,0.82914916549553,1.672192606764419,2.9441544995396502,0.38187028012553587,1.0880083478459477,78.5542497629011,0.09876543209876543,0.10800000000000054,6,686,343,171,172,148,81,70,0.5930232558139535
H-AIPCW,0.060000000000000005,0.009512531499098094,TRUE,FALSE,1,1,Inf,0.913797157449423,0.5610005415573193,0.9127906976744186,0,0.013797157449423003,0.9713485477747288,0.9011000962712536,-0.1278954783461973,0.4438833866869834,0.7420298545055102,9.902277289805971,13.322782888349654,1.8080223891104379,1.8090966485752809,40.20037821477209,NA,0.21600000000000108,6,686,343,171,172,148,81,70,0.5930232558139535
Clip-AIPCW,0.05,0.013931527699215927,TRUE,FALSE,1,1,1.672192606764419,0.9333234172484394,0.5729881497836485,0.9244186046511628,0,0.033323417248439346,0.8524642515667746,0.7908135765626021,-0.2584495651387465,0.3895560660299667,0.82914916549553,1.672192606764419,2.9441544995396502,0.38187028012553587,1.0880083478459477,78.5542497629011,0.09876543209876543,0.2259999999999991,6,686,343,171,172,148,81,70,0.5930232558139535
Naive-Y,0.03,0.006432748538011674,TRUE,FALSE,1,1,Inf,0.9522630741465237,0.6388831388356425,0.9244186046511628,0,0.05226307414652365,0.7624072415829024,0.5427942071975083,-0.4890648377248511,0.8767396767121856,0.8574745418955094,1,1,0,0,171,NA,0.0799999999999983,7,686,343,171,172,146,75,78,0.5465116279069767
CC,0.03,0.05999999999999994,TRUE,FALSE,1,1,Inf,0.9522630741465237,0.6388831388356425,0.9244186046511628,0,0.05226307414652365,0.7624072415829024,0.5427942071975083,-0.4890648377248511,0.8767396767121856,0.8574745418955094,1,1,0.2476780185758514,1.1346935320890421,75,NA,0.07499999999999929,7,686,343,171,172,146,75,78,0.5465116279069767
HT-IPCW,0.01,-0.30134182339762683,FALSE,TRUE,1,1,Inf,0.9913288275809533,0.6650927565902077,0.9651162790697675,0,0.09132882758095329,0.3592491966061226,0.25576669819309217,-1.2415293997753332,0.41312307558573397,0.9567968500543771,7.486581508223469,7.486581508223469,0.9170851105373315,1.5996534340233892,48.25156049610661,NA,0.6479999999999997,7,686,343,171,172,146,75,78,0.5465116279069767
H-IPCW,0.05,0.02006816681202159,TRUE,FALSE,1,1,Inf,0.9248754382998519,0.6205084908732696,0.9069767441860465,0,0.024875438299851838,1.085905061236014,0.773107788931293,-0.13537661234384216,1.248750012331388,0.7471412235059386,7.486581508223469,12.505603031621218,0.9170851105373315,1.5996534340233892,48.25156049610661,NA,0.0799999999999983,7,686,343,171,172,146,75,78,0.5465116279069767
Stab-IPCW,0.03,0.05959041023561168,TRUE,FALSE,1,1,Inf,0.9522630741465237,0.6388831388356425,0.9244186046511628,0,0.05226307414652365,0.7624072415829024,0.5427942071975083,-0.4890648377248511,0.8767396767121856,0.8574745418955094,1.345944447530552,3.112802009482681,0.24489995204865114,1.144507684559426,74.27556504545733,NA,0.10000000000000142,7,686,343,171,172,146,75,78,0.5465116279069767
Clip-IPCW,0.05,0.008907888458896576,TRUE,FALSE,1,1,1.9904988562285046,0.9248754382998519,0.6205084908732696,0.9069767441860465,0,0.024875438299851838,1.085905061236014,0.773107788931293,-0.13537661234384216,1.248750012331388,0.7471412235059386,1.9904988562285046,3.7891692975699387,0.38604753643354506,1.1827759085884126,71.52484003811547,0.06666666666666667,0.09499999999999886,7,686,343,171,172,146,75,78,0.5465116279069767
H-AIPCW,0.05,0.016123255280956927,TRUE,FALSE,1,1,Inf,0.9248754382998519,0.6205084908732696,0.9069767441860465,0,0.024875438299851838,1.085905061236014,0.773107788931293,-0.13537661234384216,1.248750012331388,0.7471412235059386,7.486581508223469,12.505603031621218,0.9170851105373315,1.5996534340233892,48.25156049610661,NA,0.21699999999999875,7,686,343,171,172,146,75,78,0.5465116279069767
Clip-AIPCW,0.05,0.012424098846175468,TRUE,FALSE,1,1,1.9904988562285046,0.9248754382998519,0.6205084908732696,0.9069767441860465,0,0.024875438299851838,1.085905061236014,0.773107788931293,-0.13537661234384216,1.248750012331388,0.7471412235059386,1.9904988562285046,3.7891692975699387,0.38604753643354506,1.1827759085884126,71.52484003811547,0.06666666666666667,0.2839999999999989,7,686,343,171,172,146,75,78,0.5465116279069767
Naive-Y,0.06999999999999999,0.012280701754385942,TRUE,FALSE,1,1,Inf,0.9165116790093341,0.5176625607844415,0.877906976744186,0,0.016511679009334035,1.3220184057471063,0.8527986835916643,-0.030841491502576677,2.676123572807132,0.803234335598301,1,1,0,0,171,NA,0.08099999999999952,8,686,343,171,172,159,72,68,0.6046511627906976
CC,0.09,0.002777777777777768,TRUE,FALSE,0,1,Inf,0.8834336723774451,0.49897949758854526,0.8546511627906976,0.016566327622554944,0.016566327622554944,1.5856459395461733,1.022857748431468,0.1509907016589632,3.209777154764635,0.803234335598301,1,1,0.2452012383900929,1.1760477181195148,72,NA,0.06300000000000239,8,686,343,171,172,159,72,68,0.6046511627906976
HT-IPCW,0.01,-0.10460440283498673,FALSE,TRUE,1,1,Inf,1,0.564818291616303,0.9767441860465116,0,0.09999999999999998,0.3353083909730318,0.2162984669320414,-1.40270575604111,0.6787550652412121,1,43.812683731385064,43.812683731385064,11.479580839671156,4.259708030948787,8.981563808750286,NA,0.40600000000000236,8,686,343,171,172,159,72,68,0.6046511627906976
H-IPCW,0.12,0.013597244944477616,TRUE,FALSE,0,0,Inf,0.7648669395254217,0.43201083809653884,0.7848837209302325,0.1351330604745783,0.1351330604745783,1.9582248259536807,1.2631984142505726,0.36203720631534814,3.9639778045520293,0.5812749033415724,43.812683731385064,55.082884400598026,11.479580839671156,4.259708030948787,8.981563808750286,NA,0.14700000000000202,8,686,343,171,172,159,72,68,0.6046511627906976
Stab-IPCW,0.09,0.002522215986283028,TRUE,FALSE,0,1,Inf,0.8834336723774451,0.49897949758854526,0.8546511627906976,0.016566327622554944,0.016566327622554944,1.5856459395461733,1.022857748431468,0.1509907016589632,3.209777154764635,0.803234335598301,1.4667635621671375,3.503042680347647,0.24572895964726835,1.1838958198935912,71.44609671216239,NA,0.16000000000000014,8,686,343,171,172,159,72,68,0.6046511627906976
Clip-IPCW,0.09,0.016506468410341986,TRUE,FALSE,0,1,1.8715519776782679,0.8834336723774451,0.49897949758854526,0.8546511627906976,0.016566327622554944,0.016566327622554944,1.5856459395461733,1.022857748431468,0.1509907016589632,3.209777154764635,0.803234335598301,1.8715519776782679,3.5870361331971083,0.40273743060085765,1.2163116203542024,69.20940638303409,0.06944444444444445,0.1529999999999987,8,686,343,171,172,159,72,68,0.6046511627906976
H-AIPCW,0.01,-0.227242106438596,FALSE,TRUE,1,1,Inf,1,0.564818291616303,0.9767441860465116,0,0.09999999999999998,0.3353083909730318,0.2162984669320414,-1.40270575604111,0.6787550652412121,1,43.812683731385064,55.082884400598026,11.479580839671156,4.259708030948787,8.981563808750286,NA,0.31899999999999906,8,686,343,171,172,159,72,68,0.6046511627906976
Clip-AIPCW,0.09,0.004018415004379437,TRUE,FALSE,0,1,1.8715519776782679,0.8834336723774451,0.49897949758854526,0.8546511627906976,0.016566327622554944,0.016566327622554944,1.5856459395461733,1.022857748431468,0.1509907016589632,3.209777154764635,0.803234335598301,1.8715519776782679,3.5870361331971083,0.40273743060085765,1.2163116203542024,69.20940638303409,0.06944444444444445,0.3260000000000005,8,686,343,171,172,159,72,68,0.6046511627906976
Naive-Y,0.08,0.018128654970760213,TRUE,FALSE,1,1,Inf,0.9443734386975673,0.5582235784493654,0.9127906976744186,0,0.04437343869756727,0.9976517040251052,0.8645559202625739,-0.1015664326553358,0.5437212289797545,0.352153510311404,1,1,0,0,171,NA,0.1319999999999979,9,686,343,171,172,158,67,74,0.5697674418604651
CC,0.08,0.055223880597014885,TRUE,FALSE,1,1,Inf,0.9443734386975673,0.5582235784493654,0.9127906976744186,0,0.04437343869756727,0.9976517040251052,0.8645559202625739,-0.1015664326553358,0.5437212289797545,0.352153510311404,1,1,0.23969728242174063,1.2495477671845348,67,NA,0.09799999999999898,9,686,343,171,172,158,67,74,0.5697674418604651
HT-IPCW,0.01,-0.40416412495201276,FALSE,TRUE,1,1,Inf,1,0.5911047002965687,0.9825581395348837,0,0.09999999999999998,0.19878440397270628,0.17226476195759155,-1.714749813787886,0.10833770943704821,1,3.6229361255553028,3.6229361255553028,0.45544091516426344,1.3610625229994195,60.17613851997567,NA,0.5100000000000016,9,686,343,171,172,158,67,74,0.5697674418604651
H-IPCW,0.09999999999999999,0.0019069292777669372,TRUE,FALSE,1,1,Inf,0.9145505296341259,0.5405951167254481,0.8895348837209303,0,0.014550529634125842,1.1924727973340024,1.0333861131371764,0.07681375695094107,0.6498989299326188,0.352153510311404,3.6229361255553028,7.306724478547812,0.45544091516426344,1.3610625229994195,60.17613851997567,NA,0.11299999999999955,9,686,343,171,172,158,67,74,0.5697674418604651
Stab-IPCW,0.08,0.05394985771073396,TRUE,FALSE,1,1,Inf,0.9443734386975673,0.5582235784493654,0.9127906976744186,0,0.04437343869756727,0.9976517040251052,0.8645559202625739,-0.1015664326553358,0.5437212289797545,0.352153510311404,1.204615364827326,3.143582467625805,0.23153813276129417,1.2557052875227903,66.59981392344541,NA,0.12099999999999866,9,686,343,171,172,158,67,74,0.5697674418604651
Clip-IPCW,0.09,0.01046442048277334,TRUE,FALSE,1,1,1.6474839719001249,0.9344593962858928,0.5523633413808852,0.9011627906976745,0,0.034459396285892785,1.09587805326282,0.9496779838210486,-0.0076594580450419485,0.5972546927229097,0.352153510311404,1.6474839719001249,3.4960841520699466,0.3631513379397166,1.2788055248295902,65.12350224838232,0.08955223880597014,0.16399999999999793,9,686,343,171,172,158,67,74,0.5697674418604651
H-AIPCW,0.01,-0.05166492075794388,FALSE,TRUE,1,1,Inf,1,0.5911047002965687,0.9825581395348837,0,0.09999999999999998,0.19878440397270628,0.17226476195759155,-1.714749813787886,0.10833770943704821,1,3.6229361255553028,7.306724478547812,0.45544091516426344,1.3610625229994195,60.17613851997567,NA,0.28500000000000014,9,686,343,171,172,158,67,74,0.5697674418604651
Clip-AIPCW,0.09999999999999999,1.348800934396939e-4,TRUE,FALSE,1,1,1.6474839719001249,0.9145505296341259,0.5405951167254481,0.8895348837209303,0,0.014550529634125842,1.1924727973340024,1.0333861131371764,0.07681375695094107,0.6498989299326188,0.352153510311404,1.6474839719001249,3.4960841520699466,0.3631513379397166,1.2788055248295902,65.12350224838232,0.08955223880597014,0.3019999999999996,9,686,343,171,172,158,67,74,0.5697674418604651
Naive-Y,0.04,0.012280701754385942,TRUE,FALSE,1,1,Inf,0.9712973212485261,0.5961195233921377,0.936046511627907,0,0.07129732124852606,0.8328811305441991,0.6688303677956511,-0.40513367946613343,0.8861776242756174,0.9306152909109607,1,1,0,0,171,NA,0.09399999999999764,10,686,343,171,172,146,78,75,0.563953488372093
CC,0.05,0.023076923076923106,TRUE,FALSE,1,1,Inf,0.9523129507319782,0.5844681436789956,0.9186046511627907,0,0.05231295073197817,0.9725957937206945,0.7810257413392014,-0.2500560378410649,1.034832700912204,0.8962698146450591,1,1,0.24953560371517028,1.0951352733650423,78,NA,0.0990000000000002,10,686,343,171,172,146,78,75,0.563953488372093
HT-IPCW,0.13,0.0017131189474572928,TRUE,FALSE,0,0,Inf,0.7236003469222605,0.4440991285543895,0.7441860465116279,0.17639965307773953,0.17639965307773953,1.9165982586865822,1.539090118942039,0.4282825423431297,2.0392423711939625,0.5027115398350264,77.18481189446317,77.18481189446317,34.88865454800565,5.623872844830415,5.2707847108691785,NA,0.5589999999999975,10,686,343,171,172,146,78,75,0.563953488372093
H-IPCW,0.09999999999999999,0.01593495718776384,TRUE,FALSE,0,0,Inf,0.8033569707428828,0.4930485897947446,0.8197674418604651,0.09664302925711721,0.09664302925711721,1.5857987354677254,1.2734474495775268,0.2388188824051286,1.6872748156244743,0.6029429390098333,77.18481189446317,73.48948976069164,34.88865454800565,5.623872844830415,5.2707847108691785,NA,0.13100000000000023,10,686,343,171,172,146,78,75,0.563953488372093
Stab-IPCW,0.05,0.021902948180164663,TRUE,FALSE,1,1,Inf,0.9523129507319782,0.5844681436789956,0.9186046511627907,0,0.05231295073197817,0.9725957937206945,0.7810257413392014,-0.2500560378410649,1.034832700912204,0.8962698146450591,1.5378709959757895,3.3320705220501283,0.2604936986876789,1.1058415133555404,77.17532616929952,NA,0.12600000000000122,10,686,343,171,172,146,78,75,0.563953488372093
Clip-IPCW,0.060000000000000005,0.008445610630071761,TRUE,FALSE,1,1,1.7679646185131155,0.9426736744316646,0.5785521788469277,0.9069767441860465,0,0.04267367443166459,1.1047261755844422,0.8871306927638639,-0.12267183268098136,1.1754181741575151,0.8614097543329554,1.7679646185131155,3.1343025538402083,0.4108163978460262,1.1362953573537098,74.88122608835516,0.11538461538461539,0.13599999999999923,10,686,343,171,172,146,78,75,0.563953488372093
H-AIPCW,0.01,-2.0610345566092394,FALSE,TRUE,1,1,Inf,1,0.6137353726311867,0.9825581395348837,0,0.09999999999999998,0.32149331605580433,0.25816948533934425,-1.3570478574346894,0.3420658394033624,1,77.18481189446317,73.48948976069164,34.88865454800565,5.623872844830415,5.2707847108691785,NA,0.33500000000000085,10,686,343,171,172,146,78,75,0.563953488372093
Clip-AIPCW,0.04,0.022079304561140708,TRUE,FALSE,1,1,1.7679646185131155,0.9712973212485261,0.5961195233921377,0.936046511627907,0,0.07129732124852606,0.8328811305441991,0.6688303677956511,-0.40513367946613343,0.8861776242756174,0.9306152909109607,1.7679646185131155,3.1343025538402083,0.4108163978460262,1.1362953573537098,74.88122608835516,0.11538461538461539,0.3030000000000008,10,686,343,171,172,146,78,75,0.563953488372093
Naive-Y,0.05,0.018128654970760213,TRUE,FALSE,1,1,Inf,0.9544708412518768,0.6124672076183847,0.9127906976744186,0,0.054470841251876734,1.2225387466380986,0.638990337331686,-0.34731436211442873,4.181811307442541,0.8992687837487311,1,1,0,0,171,NA,0.11299999999999955,11,686,343,171,172,152,68,79,0.5406976744186046
CC,0.060000000000000005,0.0117647058823529,TRUE,FALSE,1,1,Inf,0.9453241286113097,0.6065979224524719,0.9011627906976745,0,0.04532412861130963,1.4081748041211537,0.7360176481782484,-0.20594959788652306,4.816797287548658,0.8945930409965712,1,1,0.2409356725146199,1.234348377466839,68,NA,0.10500000000000043,11,686,343,171,172,152,68,79,0.5406976744186046
HT-IPCW,0.01,-0.3238441716135221,FALSE,TRUE,1,1,Inf,1,0.6416824706924282,0.9941860465116279,0,0.09999999999999998,0.3578806335077301,0.1870552302398948,-1.5757997727068387,1.2241651105397258,1,6.565527666167386,6.565527666167386,0.9173006789155393,1.6623248528181176,45.634510309704226,NA,0.5650000000000013,11,686,343,171,172,152,68,79,0.5406976744186046
H-IPCW,0.08,0.0036737433816619674,TRUE,FALSE,1,1,Inf,0.9174142626658391,0.5886886507158879,0.872093023255814,0,0.01741426266583912,1.763190410573529,0.9215754006411812,0.01888090274180693,6.031162297625997,0.7977251604111933,6.565527666167386,11.395402671798216,0.9173006789155393,1.6623248528181176,45.634510309704226,NA,0.11500000000000199,11,686,343,171,172,152,68,79,0.5406976744186046
Stab-IPCW,0.060000000000000005,0.01075354666750195,TRUE,FALSE,1,1,Inf,0.9453241286113097,0.6065979224524719,0.9011627906976745,0,0.04532412861130963,1.4081748041211537,0.7360176481782484,-0.20594959788652306,4.816797287548658,0.8945930409965712,1.3326012184449596,3.3793128981987097,0.24060392988960794,1.2438830738981217,67.37066026676378,NA,0.13200000000000145,11,686,343,171,172,152,68,79,0.5406976744186046
Clip-IPCW,0.060000000000000005,0.024411513622196308,TRUE,FALSE,1,1,1.697186167087247,0.9453241286113097,0.6065979224524719,0.9011627906976745,0,0.04532412861130963,1.4081748041211537,0.7360176481782484,-0.20594959788652306,4.816797287548658,0.8945930409965712,1.697186167087247,3.4815994930948477,0.38420152052012274,1.2715366036657423,65.58382196214266,0.1323529411764706,0.1509999999999998,11,686,343,171,172,152,68,79,0.5406976744186046
H-AIPCW,0.01,-0.23846886830619146,FALSE,TRUE,1,1,Inf,1,0.6416824706924282,0.9941860465116279,0,0.09999999999999998,0.3578806335077301,0.1870552302398948,-1.5757997727068387,1.2241651105397258,1,6.565527666167386,11.395402671798216,0.9173006789155393,1.6623248528181176,45.634510309704226,NA,0.23600000000000065,11,686,343,171,172,152,68,79,0.5406976744186046
Clip-AIPCW,0.060000000000000005,0.01487385612400112,TRUE,FALSE,1,1,1.697186167087247,0.9453241286113097,0.6065979224524719,0.9011627906976745,0,0.04532412861130963,1.4081748041211537,0.7360176481782484,-0.20594959788652306,4.816797287548658,0.8945930409965712,1.697186167087247,3.4815994930948477,0.38420152052012274,1.2715366036657423,65.58382196214266,0.1323529411764706,0.5180000000000007,11,686,343,171,172,152,68,79,0.5406976744186046
Naive-Y,0.06999999999999999,5.847953216374047e-4,TRUE,FALSE,1,1,Inf,0.9386042194581689,0.6293839784161349,0.8895348837209303,0,0.03860421945816883,1.0839455107743035,0.8189746604800655,-0.1284940066861687,1.3014699959477471,0.829033373020314,1,1,0,0,171,NA,0.10300000000000153,12,686,343,171,172,162,64,73,0.5755813953488372
CC,0.060000000000000005,0.021874999999999978,TRUE,FALSE,1,1,Inf,0.965161463963995,0.6471920213125284,0.9069767441860465,0,0.06516146396399503,0.9677221136744297,0.7311621124934833,-0.2419119471960148,1.1619230697885583,0.9153533066889734,1,1,0.23556931544547643,1.2968074486304935,64,NA,0.10000000000000142,12,686,343,171,172,162,64,73,0.5755813953488372
HT-IPCW,0.01,-0.34635809923364325,FALSE,TRUE,1,1,Inf,1,0.670553109999294,0.9709302325581395,0,0.09999999999999998,0.2656124359976502,0.20068338530695046,-1.5348186818225087,0.3189151230993116,1,18.294575103826663,18.294575103826663,2.3165942710531073,2.7491348165111953,20.08564019815822,NA,0.5620000000000047,12,686,343,171,172,162,64,73,0.5755813953488372
H-IPCW,0.08,0.012623390616878305,TRUE,FALSE,1,1,Inf,0.9122322942869588,0.6117002019759114,0.8662790697674418,0,0.012232294286958822,1.1964892421285847,0.9040070382692325,-0.029710004417898027,1.43659882681026,0.7863856837703466,18.294575103826663,33.04405804275855,2.3165942710531073,2.7491348165111953,20.08564019815822,NA,0.13000000000000256,12,686,343,171,172,162,64,73,0.5755813953488372
Stab-IPCW,0.060000000000000005,0.021685294839880062,TRUE,FALSE,1,1,Inf,0.965161463963995,0.6471920213125284,0.9069767441860465,0,0.06516146396399503,0.9677221136744297,0.7311621124934833,-0.2419119471960148,1.1619230697885583,0.9153533066889734,1.614535823290613,4.285911719465495,0.24166122193673634,1.3049654671809732,63.4985191552416,NA,0.142000000000003,12,686,343,171,172,162,64,73,0.5755813953488372
Clip-IPCW,0.06999999999999999,0.0018302934089902893,TRUE,FALSE,1,1,1.5752930485457892,0.9386042194581689,0.6293839784161349,0.8895348837209303,0,0.03860421945816883,1.0839455107743035,0.8189746604800655,-0.1284940066861687,1.3014699959477471,0.829033373020314,1.5752930485457892,3.652262443636493,0.32363461216734474,1.3189493012129128,62.649892607979,0.078125,0.14499999999999602,12,686,343,171,172,162,64,73,0.5755813953488372
H-AIPCW,0.01,-2.012231266785765,FALSE,TRUE,1,1,Inf,1,0.670553109999294,0.9709302325581395,0,0.09999999999999998,0.2656124359976502,0.20068338530695046,-1.5348186818225087,0.3189151230993116,1,18.294575103826663,33.04405804275855,2.3165942710531073,2.7491348165111953,20.08564019815822,NA,0.25799999999999557,12,686,343,171,172,162,64,73,0.5755813953488372
Clip-AIPCW,0.06999999999999999,0.004981210972899451,TRUE,FALSE,1,1,1.5752930485457892,0.9386042194581689,0.6293839784161349,0.8895348837209303,0,0.03860421945816883,1.0839455107743035,0.8189746604800655,-0.1284940066861687,1.3014699959477471,0.829033373020314,1.5752930485457892,3.652262443636493,0.32363461216734474,1.3189493012129128,62.649892607979,0.078125,0.21600000000000108,12,686,343,171,172,162,64,73,0.5755813953488372
Naive-Y,0.05,0.012280701754385942,TRUE,FALSE,1,1,Inf,0.9641583307855704,0.6356932712458252,0.8953488372093024,0,0.06415833078557043,0.9833224991458728,0.7738177305310081,-0.1876632236308509,0.9046832450973554,0.9043780221164113,1,1,0,0,171,NA,0.06400000000000006,13,686,343,171,172,143,76,80,0.5348837209302325
CC,0.05,0.007894736842105288,TRUE,FALSE,1,1,Inf,0.9641583307855704,0.6356932712458252,0.8953488372093024,0,0.06415833078557043,0.9833224991458728,0.7738177305310081,-0.1876632236308509,0.9046832450973554,0.9043780221164113,1,1,0.24836601307189543,1.1213175023946031,76,NA,0.08200000000000074,13,686,343,171,172,143,76,80,0.5348837209302325
HT-IPCW,0.01,-0.34140619334041233,FALSE,TRUE,1,1,Inf,1,0.6593245641801169,0.9534883720930233,0,0.09999999999999998,0.3017444068650531,0.23745533365051408,-1.369020042270782,0.277613000241294,1,6.361354154906892,6.361354154906892,0.5917797891169695,1.362731560355942,60.08058306504504,NA,0.36299999999999955,13,686,343,171,172,143,76,80,0.5348837209302325
H-IPCW,0.05,0.02255946989331756,TRUE,FALSE,1,1,Inf,0.9641583307855704,0.6356932712458252,0.8953488372093024,0,0.06415833078557043,0.9833224991458728,0.7738177305310081,-0.1876632236308509,0.9046832450973554,0.9043780221164113,6.361354154906892,11.268855874886514,0.5917797891169695,1.362731560355942,60.08058306504504,NA,0.0800000000000054,13,686,343,171,172,143,76,80,0.5348837209302325
Stab-IPCW,0.05,0.0075104265748191035,TRUE,FALSE,1,1,Inf,0.9641583307855704,0.6356932712458252,0.8953488372093024,0,0.06415833078557043,0.9833224991458728,0.7738177305310081,-0.1876632236308509,0.9046832450973554,0.9043780221164113,2.5378759297313294,5.659675362862848,0.2686335613131422,1.1558494455042345,73.44808242455116,NA,0.09499999999999886,13,686,343,171,172,143,76,80,0.5348837209302325
Clip-IPCW,0.05,0.017072179743919638,TRUE,FALSE,1,1,1.7211043065503304,0.9641583307855704,0.6356932712458252,0.8953488372093024,0,0.06415833078557043,0.9833224991458728,0.7738177305310081,-0.1876632236308509,0.9046832450973554,0.9043780221164113,1.7211043065503304,3.2648961669971484,0.3700352360739712,1.1539413161799297,73.58657171127382,0.07894736842105263,0.08599999999999852,13,686,343,171,172,143,76,80,0.5348837209302325
H-AIPCW,0.03,0.03555102493885396,TRUE,FALSE,1,1,Inf,0.9911410668769883,0.6534836519596865,0.9244186046511628,0,0.09114106687698831,0.6739815314349262,0.5303843444320695,-0.5653976573131327,0.6200812038002411,0.9634447324156349,6.361354154906892,11.268855874886514,0.5917797891169695,1.362731560355942,60.08058306504504,NA,0.21699999999999875,13,686,343,171,172,143,76,80,0.5348837209302325
Clip-AIPCW,0.05,0.018938413242207883,TRUE,FALSE,1,1,1.7211043065503304,0.9641583307855704,0.6356932712458252,0.8953488372093024,0,0.06415833078557043,0.9833224991458728,0.7738177305310081,-0.1876632236308509,0.9046832450973554,0.9043780221164113,1.7211043065503304,3.2648961669971484,0.3700352360739712,1.1539413161799297,73.58657171127382,0.07894736842105263,0.21600000000000108,13,686,343,171,172,143,76,80,0.5348837209302325
Naive-Y,0.06999999999999999,5.847953216374047e-4,TRUE,FALSE,0,1,Inf,0.8913139660928787,0.5830777208670763,0.872093023255814,0.008686033907121304,0.008686033907121304,1.161007488083529,0.9484638078422737,0.04888704520556452,0.7065136184992854,0.8250967914326053,1,1,0,0,171,NA,0.13799999999999812,14,686,343,171,172,150,70,79,0.5406976744186046
CC,0.06999999999999999,0.014285714285714235,TRUE,FALSE,0,1,Inf,0.8913139660928787,0.5830777208670763,0.872093023255814,0.008686033907121304,0.008686033907121304,1.161007488083529,0.9484638078422737,0.04888704520556452,0.7065136184992854,0.8250967914326053,1,1,0.2432060543515652,1.2047176174586003,70,NA,0.09499999999999886,14,686,343,171,172,150,70,79,0.5406976744186046
HT-IPCW,0.01,-0.3323172173843719,FALSE,TRUE,1,1,Inf,1,0.6541777006176935,0.9767441860465116,0,0.09999999999999998,0.3025032595784189,0.24712449868695835,-1.296064333277188,0.18408380197906268,1,9.032974637986744,9.032974637986744,1.015991806748749,1.7572347394043832,42.01663960704825,NA,0.3810000000000002,14,686,343,171,172,150,70,79,0.5406976744186046
H-IPCW,0.06999999999999999,0.03685500072447486,TRUE,FALSE,0,1,Inf,0.8913139660928787,0.5830777208670763,0.872093023255814,0.008686033907121304,0.008686033907121304,1.161007488083529,0.9484638078422737,0.04888704520556452,0.7065136184992854,0.8250967914326053,9.032974637986744,15.747639652080734,1.015991806748749,1.7572347394043832,42.01663960704825,NA,0.07900000000000063,14,686,343,171,172,150,70,79,0.5406976744186046
Stab-IPCW,0.06999999999999999,0.013452350201371326,TRUE,FALSE,0,1,Inf,0.8913139660928787,0.5830777208670763,0.872093023255814,0.008686033907121304,0.008686033907121304,1.161007488083529,0.9484638078422737,0.04888704520556452,0.7065136184992854,0.8250967914326053,1.3985246236208912,3.4328314516713614,0.2437516519428205,1.211870313821015,69.51103151883247,NA,0.08899999999999864,14,686,343,171,172,150,70,79,0.5406976744186046
Clip-IPCW,0.06999999999999999,0.026133638694465732,TRUE,FALSE,0,1,1.8959287593976735,0.8913139660928787,0.5830777208670763,0.872093023255814,0.008686033907121304,0.008686033907121304,1.161007488083529,0.9484638078422737,0.04888704520556452,0.7065136184992854,0.8250967914326053,1.8959287593976735,3.8664681353290136,0.37621073202468786,1.2508580018222972,66.91460901629863,0.07142857142857142,0.09300000000000352,14,686,343,171,172,150,70,79,0.5406976744186046
H-AIPCW,0.06999999999999999,0.05096316439476099,TRUE,FALSE,0,1,Inf,0.8913139660928787,0.5830777208670763,0.872093023255814,0.008686033907121304,0.008686033907121304,1.161007488083529,0.9484638078422737,0.04888704520556452,0.7065136184992854,0.8250967914326053,9.032974637986744,15.747639652080734,1.015991806748749,1.7572347394043832,42.01663960704825,NA,0.19699999999999562,14,686,343,171,172,150,70,79,0.5406976744186046
Clip-AIPCW,0.06999999999999999,0.026447233389725582,TRUE,FALSE,0,1,1.8959287593976735,0.8913139660928787,0.5830777208670763,0.872093023255814,0.008686033907121304,0.008686033907121304,1.161007488083529,0.9484638078422737,0.04888704520556452,0.7065136184992854,0.8250967914326053,1.8959287593976735,3.8664681353290136,0.37621073202468786,1.2508580018222972,66.91460901629863,0.07142857142857142,0.22299999999999898,14,686,343,171,172,150,70,79,0.5406976744186046
Naive-Y,0.03,0.018128654970760213,TRUE,FALSE,1,1,Inf,0.9752220122155927,0.6934938750626665,0.9418604651162791,0,0.07522201221559266,0.6796662949310668,0.6027457567863472,-0.46424045109782736,0.3421480010040964,0.9291969338647613,1,1,0,0,171,NA,0.06499999999999773,15,686,343,171,172,146,78,75,0.563953488372093
CC,0.03,0.023076923076923106,TRUE,FALSE,1,1,Inf,0.9752220122155927,0.6934938750626665,0.9418604651162791,0,0.07522201221559266,0.6796662949310668,0.6027457567863472,-0.46424045109782736,0.3421480010040964,0.9291969338647613,1,1,0.24953560371517028,1.0951352733650423,78,NA,0.07399999999999807,15,686,343,171,172,146,78,75,0.563953488372093
HT-IPCW,0.01,-0.11383548006093847,FALSE,TRUE,1,1,Inf,1,0.711113845233177,0.9767441860465116,0,0.09999999999999998,0.33350034344209295,0.29575678299142155,-1.1761984908993952,0.16788602979711484,1,20.95909298324875,20.95909298324875,3.982779035554312,2.5194651737799205,23.39074517877562,NA,0.3760000000000048,15,686,343,171,172,146,78,75,0.563953488372093
H-IPCW,0.05,0.006646559324523347,TRUE,FALSE,1,1,Inf,0.958693757421427,0.6817404042409936,0.9127906976744186,0,0.05869375742142702,0.9497990978968744,0.8423065559178633,-0.1295918997335377,0.47813443909833575,0.8937653482348422,20.95909298324875,26.45987192373117,3.982779035554312,2.5194651737799205,23.39074517877562,NA,0.08599999999999852,15,686,343,171,172,146,78,75,0.563953488372093
Stab-IPCW,0.03,0.023228547631725313,TRUE,FALSE,1,1,Inf,0.9752220122155927,0.6934938750626665,0.9418604651162791,0,0.07522201221559266,0.6796662949310668,0.6027457567863472,-0.46424045109782736,0.3421480010040964,0.9291969338647613,2.4419710222136533,5.350257407762061,0.2655216430206022,1.1289745042542207,75.42576764136366,NA,0.09100000000000108,15,686,343,171,172,146,78,75,0.563953488372093
Clip-IPCW,0.04,0.0018269116877485385,TRUE,FALSE,1,1,1.8751372538367512,0.9752220122155927,0.6934938750626665,0.936046511627907,0,0.07522201221559266,0.8202688606889477,0.7274357708945669,-0.2762102206591935,0.4129281576322621,0.9291969338647613,1.8751372538367512,3.401160834862685,0.3950260700531226,1.140005604380534,74.60691633788156,0.08974358974358974,0.17600000000000193,15,686,343,171,172,146,78,75,0.563953488372093
H-AIPCW,0.01,-0.782699281632493,FALSE,TRUE,1,1,Inf,1,0.711113845233177,0.9767441860465116,0,0.09999999999999998,0.33350034344209295,0.29575678299142155,-1.1761984908993952,0.16788602979711484,1,20.95909298324875,26.45987192373117,3.982779035554312,2.5194651737799205,23.39074517877562,NA,0.23199999999999932,15,686,343,171,172,146,78,75,0.563953488372093
Clip-AIPCW,0.02,0.04386738975605513,TRUE,FALSE,1,1,1.8751372538367512,0.9917983225203323,0.7052815188232482,0.9709302325581395,0,0.09179832252033227,0.522158160253006,0.46306344423888984,-0.7278718550847394,0.2628574817832658,0.9649946719332442,1.8751372538367512,3.401160834862685,0.3950260700531226,1.140005604380534,74.60691633788156,0.08974358974358974,0.28600000000000136,15,686,343,171,172,146,78,75,0.563953488372093
Naive-Y,0.08,0.012280701754385942,TRUE,FALSE,1,1,Inf,0.9347358572361918,0.5895973987407791,0.8953488372093024,0,0.03473585723619177,1.2394555484823542,1.0641798007073537,0.0869753358064852,0.9232535987584787,0.8486372616475598,1,1,0,0,171,NA,0.06400000000000006,16,686,343,171,172,148,73,78,0.5465116279069767
CC,0.06999999999999999,0.004109589041095818,TRUE,FALSE,1,1,Inf,0.9534968431071266,0.6014311466190534,0.9069767441860465,0,0.053496843107126546,1.1262741387993298,0.9670037703545613,-0.008781910977863626,0.8389463043739737,0.8865846050462772,1,1,0.24609563123495012,1.162051036227645,73,NA,0.06500000000000483,16,686,343,171,172,148,73,78,0.5465116279069767
HT-IPCW,0.01,-0.32129098724239946,FALSE,TRUE,1,1,Inf,1,0.6307636474801437,0.9767441860465116,0,0.09999999999999998,0.2881368523051921,0.2473904114092954,-1.3720166036787516,0.21462922664022924,1,6.760636466078722,6.760636466078722,0.786649952410537,1.5326059747433343,51.272134714743686,NA,0.49199999999999733,16,686,343,171,172,148,73,78,0.5465116279069767
H-IPCW,0.08,0.015826205593128067,TRUE,FALSE,1,1,Inf,0.9347358572361918,0.5895973987407791,0.8953488372093024,0,0.03473585723619177,1.2394555484823542,1.0641798007073537,0.0869753358064852,0.9232535987584787,0.8486372616475598,6.760636466078722,11.68227263968757,0.786649952410537,1.5326059747433343,51.272134714743686,NA,0.08299999999999841,16,686,343,171,172,148,73,78,0.5465116279069767
Stab-IPCW,0.06999999999999999,0.00491309250599062,TRUE,FALSE,1,1,Inf,0.9534968431071266,0.6014311466190534,0.9069767441860465,0,0.053496843107126546,1.1262741387993298,0.9670037703545613,-0.008781910977863626,0.8389463043739737,0.8865846050462772,1.6357427952200576,3.7825765522867676,0.25709034672646874,1.172507407179488,72.25146527506416,NA,0.09100000000000108,16,686,343,171,172,148,73,78,0.5465116279069767
Clip-IPCW,0.08,0.005744170629455292,TRUE,FALSE,1,1,1.936140619625522,0.9347358572361918,0.5895973987407791,0.8953488372093024,0,0.03473585723619177,1.2394555484823542,1.0641798007073537,0.0869753358064852,0.9232535987584787,0.8486372616475598,1.936140619625522,3.7463466884678644,0.3939482715400353,1.2144808408429675,69.33355709972719,0.0958904109589041,0.09000000000000341,16,686,343,171,172,148,73,78,0.5465116279069767
H-AIPCW,0.01,-0.44880426321527,FALSE,TRUE,1,1,Inf,1,0.6307636474801437,0.9767441860465116,0,0.09999999999999998,0.2881368523051921,0.2473904114092954,-1.3720166036787516,0.21462922664022924,1,6.760636466078722,11.68227263968757,0.786649952410537,1.5326059747433343,51.272134714743686,NA,0.19700000000000273,16,686,343,171,172,148,73,78,0.5465116279069767
Clip-AIPCW,0.08,0.007002922926491692,TRUE,FALSE,1,1,1.936140619625522,0.9347358572361918,0.5895973987407791,0.8953488372093024,0,0.03473585723619177,1.2394555484823542,1.0641798007073537,0.0869753358064852,0.9232535987584787,0.8486372616475598,1.936140619625522,3.7463466884678644,0.3939482715400353,1.2144808408429675,69.33355709972719,0.0958904109589041,0.22699999999999676,16,686,343,171,172,148,73,78,0.5465116279069767
Naive-Y,0.06999999999999999,5.847953216374047e-4,TRUE,FALSE,1,1,Inf,0.912787780308396,0.5296194041916641,0.8837209302325582,0,0.012787780308396002,1.0157845599018935,0.8789419302864422,-0.09330983155910996,0.5458839854801786,0.45082477883896926,1,1,0,0,171,NA,0.06799999999999784,17,686,343,171,172,143,80,76,0.5581395348837209
CC,0.060000000000000005,0,TRUE,FALSE,1,1,Inf,0.9445272911685493,0.5480353615409286,0.9069767441860465,0,0.044527291168549255,0.9036332438077377,0.781899212624458,-0.21030281555202443,0.48561371772552986,0.7043601864851848,1,1,0.2504299965600275,1.0696687227691517,80,NA,0.06499999999999773,17,686,343,171,172,143,80,76,0.5581395348837209
HT-IPCW,0.01,-0.09780608281474001,FALSE,TRUE,1,1,Inf,1,0.5802218386542445,0.9709302325581395,0,0.09999999999999998,0.23811724192180933,0.2060389934155453,-1.5439632243773536,0.12796452531664715,1,18.372001428473418,18.372001428473418,3.692925246796603,2.3779294739453736,25.825038050204515,NA,0.3950000000000031,17,686,343,171,172,143,80,76,0.5581395348837209
H-IPCW,0.08,0.01080017103060722,TRUE,FALSE,0,0,Inf,0.8721443845639845,0.5060372183836896,0.8604651162790697,0.027855615436015557,0.027855615436015557,1.1247480434052024,0.9732262680306416,0.008587938266153939,0.6044411077230434,0.45082477883896926,18.372001428473418,22.73370300862911,3.692925246796603,2.3779294739453736,25.825038050204515,NA,0.08299999999999841,17,686,343,171,172,143,80,76,0.5581395348837209
Stab-IPCW,0.060000000000000005,0.001580558160598732,TRUE,FALSE,1,1,Inf,0.9445272911685493,0.5480353615409286,0.9069767441860465,0,0.044527291168549255,0.9036332438077377,0.781899212624458,-0.21030281555202443,0.48561371772552986,0.7043601864851848,2.3385911219197935,4.917852238419643,0.2743667934078987,1.1015062177293502,77.50811736991795,NA,0.12000000000000455,17,686,343,171,172,143,80,76,0.5581395348837209
Clip-IPCW,0.06999999999999999,0.004182037346840297,TRUE,FALSE,1,1,1.7004902653893648,0.912787780308396,0.5296194041916641,0.8837209302325582,0,0.012787780308396002,1.0157845599018935,0.8789419302864422,-0.09330983155910996,0.5458839854801786,0.45082477883896926,1.7004902653893648,3.016285091555736,0.3901652562576519,1.1079560520883052,77.01357181125562,0.1375,0.1559999999999988,17,686,343,171,172,143,80,76,0.5581395348837209
H-AIPCW,0.06999999999999999,0.004131314263025463,TRUE,FALSE,1,1,Inf,0.912787780308396,0.5296194041916641,0.8837209302325582,0,0.012787780308396002,1.0157845599018935,0.8789419302864422,-0.09330983155910996,0.5458839854801786,0.45082477883896926,18.372001428473418,22.73370300862911,3.692925246796603,2.3779294739453736,25.825038050204515,NA,0.32800000000000296,17,686,343,171,172,143,80,76,0.5581395348837209
Clip-AIPCW,0.060000000000000005,0.0029851304878808615,TRUE,FALSE,1,1,1.7004902653893648,0.9445272911685493,0.5480353615409286,0.9069767441860465,0,0.044527291168549255,0.9036332438077377,0.781899212624458,-0.21030281555202443,0.48561371772552986,0.7043601864851848,1.7004902653893648,3.016285091555736,0.3901652562576519,1.1079560520883052,77.01357181125562,0.1375,0.31400000000000006,17,686,343,171,172,143,80,76,0.5581395348837209
Naive-Y,0.06999999999999999,0.012280701754385942,TRUE,FALSE,1,1,Inf,0.9521671993819926,0.5341141137014777,0.8837209302325582,0,0.052167199381992546,1.4962310204537097,0.8911418147449132,-0.0040713035264185815,4.86913541306267,0.5948596149708947,1,1,0,0,171,NA,0.10099999999999909,18,686,343,171,172,153,77,69,0.5988372093023255
CC,0.060000000000000005,0.02207792207792203,TRUE,FALSE,1,1,Inf,0.9636539676241686,0.5405575671652666,0.8953488372093024,0,0.06365396762416853,1.3347479012363137,0.7949639131088259,-0.11827816059846062,4.343626207836585,0.7697934145336437,1,1,0.24898520811833505,1.1081336900478653,77,NA,0.125,18,686,343,171,172,153,77,69,0.5988372093023255
HT-IPCW,0.01,-0.278885298404713,FALSE,TRUE,1,1,Inf,1,0.560945718407593,0.9709302325581395,0,0.09999999999999998,0.3630707553170746,0.2162416948660463,-1.420178142075816,1.1815292210862656,1,9.385302630798703,9.385302630798703,1.0903879925822886,1.6811974445676565,44.88311436194811,NA,0.5389999999999944,18,686,343,171,172,153,77,69,0.5988372093023255
H-IPCW,0.08,0.011966549590318851,TRUE,FALSE,1,1,Inf,0.9416644978433976,0.52822266824169,0.877906976744186,0,0.04166449784339754,1.652716703034672,0.984343287813229,0.09539982403366289,5.378381624560945,0.5948596149708947,9.385302630798703,15.110417780634156,1.0903879925822886,1.6811974445676565,44.88311436194811,NA,0.13000000000000256,18,686,343,171,172,153,77,69,0.5988372093023255
Stab-IPCW,0.060000000000000005,0.022378358800657094,TRUE,FALSE,1,1,Inf,0.9636539676241686,0.5405575671652666,0.8953488372093024,0,0.06365396762416853,1.3347479012363137,0.7949639131088259,-0.11827816059846062,4.343626207836585,0.7697934145336437,1.7269512898284765,3.7993046691200227,0.2590841886630229,1.1198103782249578,76.11359211465543,NA,0.13799999999999812,18,686,343,171,172,153,77,69,0.5988372093023255
Clip-IPCW,0.06999999999999999,0.009468067279712413,TRUE,FALSE,1,1,1.9703079102151027,0.9521671993819926,0.5341141137014777,0.8837209302325582,0,0.052167199381992546,1.4962310204537097,0.8911418147449132,-0.0040713035264185815,4.86913541306267,0.5948596149708947,1.9703079102151027,3.669671705299491,0.37742800848147284,1.1442216876396125,74.2965654277912,0.03896103896103896,0.13799999999999812,18,686,343,171,172,153,77,69,0.5988372093023255
H-AIPCW,0.08,0.01719651848838931,TRUE,FALSE,1,1,Inf,0.9416644978433976,0.52822266824169,0.877906976744186,0,0.04166449784339754,1.652716703034672,0.984343287813229,0.09539982403366289,5.378381624560945,0.5948596149708947,9.385302630798703,15.110417780634156,1.0903879925822886,1.6811974445676565,44.88311436194811,NA,0.29700000000000415,18,686,343,171,172,153,77,69,0.5988372093023255
Clip-AIPCW,0.08,0.0014361831062520917,TRUE,FALSE,1,1,1.9703079102151027,0.9416644978433976,0.52822266824169,0.877906976744186,0,0.04166449784339754,1.652716703034672,0.984343287813229,0.09539982403366289,5.378381624560945,0.5948596149708947,1.9703079102151027,3.669671705299491,0.37742800848147284,1.1442216876396125,74.2965654277912,0.03896103896103896,0.3290000000000006,18,686,343,171,172,153,77,69,0.5988372093023255
Naive-Y,0.060000000000000005,5.847953216374047e-4,TRUE,FALSE,1,1,Inf,0.9204815863700151,0.6806827582604047,0.8895348837209303,0,0.02048158637001507,0.9421443000202885,0.8156886966482457,-0.14209921890390206,0.4609535372205439,0.8303020808173719,1,1,0,0,171,NA,0.11200000000000188,19,686,343,171,172,145,69,85,0.5058139534883721
CC,0.060000000000000005,0.01304347826086949,TRUE,FALSE,1,1,Inf,0.9204815863700151,0.6806827582604047,0.8895348837209303,0,0.02048158637001507,0.9421443000202885,0.8156886966482457,-0.14209921890390206,0.4609535372205439,0.8303020808173719,1,1,0.24210526315789474,1.2194082670455908,69,NA,0.0940000000000012,19,686,343,171,172,145,69,85,0.5058139534883721
HT-IPCW,0.01,-0.3527143147772127,FALSE,TRUE,1,1,Inf,1,0.7394854697145282,0.9767441860465116,0,0.09999999999999998,0.2689428346602145,0.23284504324035177,-1.3957588200221474,0.1315829761365389,1,7.1809705213505,7.1809705213505,0.7348949924183454,1.5663851426560604,49.72066151779098,NA,0.5350000000000037,19,686,343,171,172,145,69,85,0.5058139534883721
H-IPCW,0.06999999999999999,0.02289853592857729,TRUE,FALSE,1,1,Inf,0.9204815863700151,0.6806827582604047,0.8837209302325582,0,0.02048158637001507,1.051668787773268,0.9105126919368345,-0.032124163278328864,0.5145394900739623,0.8303020808173719,7.1809705213505,13.121064035189033,0.7348949924183454,1.5663851426560604,49.72066151779098,NA,0.14500000000000313,19,686,343,171,172,145,69,85,0.5058139534883721
Stab-IPCW,0.06999999999999999,0.001988571654766242,TRUE,FALSE,1,1,Inf,0.9204815863700151,0.6806827582604047,0.8837209302325582,0,0.02048158637001507,1.051668787773268,0.9105126919368345,-0.032124163278328864,0.5145394900739623,0.8303020808173719,2.7319970031669722,6.555423212830315,0.2811009566307689,1.2721891221080437,65.54234199045165,NA,0.1280000000000001,19,686,343,171,172,145,69,85,0.5058139534883721
Clip-IPCW,0.06999999999999999,0.014839547752578525,TRUE,FALSE,1,1,2.004072531884401,0.9204815863700151,0.6806827582604047,0.8837209302325582,0,0.02048158637001507,1.051668787773268,0.9105126919368345,-0.032124163278328864,0.5145394900739623,0.8303020808173719,2.004072531884401,4.044591649480981,0.39735748230049067,1.272189898738453,65.54229263939195,0.07246376811594203,0.13800000000000523,19,686,343,171,172,145,69,85,0.5058139534883721
H-AIPCW,0.02,0.0090632891312913,TRUE,FALSE,1,1,Inf,0.9921340769187746,0.7336687338900699,0.9709302325581395,0,0.09213407691877462,0.4353281593375713,0.3768979538449648,-0.9141575305217047,0.2129886630891264,0.9543574592691024,7.1809705213505,13.121064035189033,0.7348949924183454,1.5663851426560604,49.72066151779098,NA,0.3340000000000032,19,686,343,171,172,145,69,85,0.5058139534883721
Clip-AIPCW,0.06999999999999999,0.02099542119495591,TRUE,FALSE,1,1,2.004072531884401,0.9204815863700151,0.6806827582604047,0.8837209302325582,0,0.02048158637001507,1.051668787773268,0.9105126919368345,-0.032124163278328864,0.5145394900739623,0.8303020808173719,2.004072531884401,4.044591649480981,0.39735748230049067,1.272189898738453,65.54229263939195,0.07246376811594203,0.3710000000000022,19,686,343,171,172,145,69,85,0.5058139534883721
Naive-Y,0.06999999999999999,0.006432748538011674,TRUE,FALSE,1,1,Inf,0.9405838090860374,0.749256168620344,0.9069767441860465,0,0.040583809086037426,1.0332470620414083,0.9521524299430546,-0.0905935936511099,0.565714916821655,0.8509039656395546,1,1,0,0,171,NA,0.10900000000000176,20,686,343,171,172,150,64,85,0.5058139534883721
CC,0.060000000000000005,0.006249999999999978,TRUE,FALSE,1,1,Inf,0.9633424371538227,0.7673853797596403,0.9244186046511628,0,0.0633424371538227,0.9248676366384776,0.8522791885429286,-0.2014045718765542,0.5063759069377434,0.9118840843128406,1,1,0.23556931544547643,1.2968074486304935,64,NA,0.10099999999999909,20,686,343,171,172,150,64,85,0.5058139534883721
HT-IPCW,0.01,-0.40134498409884917,FALSE,TRUE,1,1,Inf,1,0.7965862918142234,0.9825581395348837,0,0.09999999999999998,0.2615072319854317,0.24098277704334006,-1.4645932647252746,0.14317828467725266,1,2.923742020161415,2.923742020161415,0.47893292794663556,1.3878328294501339,58.6657889315623,NA,0.5530000000000044,20,686,343,171,172,150,64,85,0.5058139534883721
H-IPCW,0.09,0.0010298594863121671,TRUE,FALSE,0,0,Inf,0.87393073324936,0.6961612421015929,0.8546511627906976,0.02606926675064003,0.02606926675064003,1.2396406747426783,1.1423471927231923,0.09152163454800795,0.6787178468383488,0.7371442464668586,2.923742020161415,5.863256012531503,0.47893292794663556,1.3878328294501339,58.6657889315623,NA,0.12299999999999756,20,686,343,171,172,150,64,85,0.5058139534883721
Stab-IPCW,0.060000000000000005,0.006567572623986657,TRUE,FALSE,1,1,Inf,0.9633424371538227,0.7673853797596403,0.9244186046511628,0,0.0633424371538227,0.9248676366384776,0.8522791885429286,-0.2014045718765542,0.5063759069377434,0.9118840843128406,1.521597180165968,4.018938487937899,0.24478756435782498,1.3067916172613128,63.38691274333796,NA,0.13400000000000034,20,686,343,171,172,150,64,85,0.5058139534883721
Clip-IPCW,0.06999999999999999,0.009605555267106812,TRUE,FALSE,1,1,1.7871135684692143,0.9405838090860374,0.749256168620344,0.9069767441860465,0,0.040583809086037426,1.0332470620414083,0.9521524299430546,-0.0905935936511099,0.565714916821655,0.8509039656395546,1.7871135684692143,3.738504662020402,0.4086450602166723,1.3372693818957226,61.55880796766359,0.109375,0.1419999999999959,20,686,343,171,172,150,64,85,0.5058139534883721
H-AIPCW,0.01,-0.5342540690208094,FALSE,TRUE,1,1,Inf,1,0.7965862918142234,0.9825581395348837,0,0.09999999999999998,0.2615072319854317,0.24098277704334006,-1.4645932647252746,0.14317828467725266,1,2.923742020161415,5.863256012531503,0.47893292794663556,1.3878328294501339,58.6657889315623,NA,0.3149999999999977,20,686,343,171,172,150,64,85,0.5058139534883721
Clip-AIPCW,0.06999999999999999,0.004430879977452681,TRUE,FALSE,1,1,1.7871135684692143,0.9405838090860374,0.749256168620344,0.9069767441860465,0,0.040583809086037426,1.0332470620414083,0.9521524299430546,-0.0905935936511099,0.565714916821655,0.8509039656395546,1.7871135684692143,3.738504662020402,0.4086450602166723,1.3372693818957226,61.55880796766359,0.109375,0.32500000000000284,20,686,343,171,172,150,64,85,0.5058139534883721
Naive-Y,0.06999999999999999,5.847953216374047e-4,TRUE,FALSE,1,1,Inf,0.9570065723128336,0.6601013144879447,0.8837209302325582,0,0.05700657231283357,1.3338428565416263,0.9262575319841202,-0.06346664220824484,3.910130732463482,0.8250538076005135,1,1,0,0,171,NA,0.4399999999999977,21,686,343,171,172,152,74,73,0.5755813953488372
CC,0.060000000000000005,0.032432432432432434,TRUE,FALSE,1,1,Inf,0.9743564874667618,0.6720685278077908,0.9069767441860465,0,0.07435648746676182,1.186406051682191,0.8238733190890513,-0.18060217136140835,3.477923011029313,0.9129465145814804,1,1,0.24692122463020297,1.1482688982285942,74,NA,0.10099999999999909,21,686,343,171,172,152,74,73,0.5755813953488372
HT-IPCW,0.01,-0.2880990966632312,FALSE,TRUE,1,1,Inf,1,0.6897563021878242,0.9593023255813954,0,0.09999999999999998,0.3121233744774427,0.21674714161428582,-1.515887522385883,0.9149827454403503,1,8.011457682423416,8.011457682423416,1.0452845562048019,1.670845035451884,45.293246761049794,NA,0.5330000000000013,21,686,343,171,172,152,74,73,0.5755813953488372
H-IPCW,0.06999999999999999,0.021996110220616334,TRUE,FALSE,1,1,Inf,0.9570065723128336,0.6601013144879447,0.8837209302325582,0,0.05700657231283357,1.3338428565416263,0.9262575319841202,-0.06346664220824484,3.910130732463482,0.8250538076005135,8.011457682423416,13.092737138866733,1.0452845562048019,1.670845035451884,45.293246761049794,NA,0.13700000000000045,21,686,343,171,172,152,74,73,0.5755813953488372
Stab-IPCW,0.060000000000000005,0.03434725870559911,TRUE,FALSE,1,1,Inf,0.9743564874667618,0.6720685278077908,0.9069767441860465,0,0.07435648746676182,1.186406051682191,0.8238733190890513,-0.18060217136140835,3.477923011029313,0.9129465145814804,2.7707140091381985,6.223588502182605,0.28191395770582695,1.1926347477666321,70.83503526846673,NA,0.1280000000000001,21,686,343,171,172,152,74,73,0.5755813953488372
Clip-IPCW,0.06999999999999999,0.01062572597013888,TRUE,FALSE,1,1,1.8571323289388872,0.9570065723128336,0.6601013144879447,0.8837209302325582,0,0.05700657231283357,1.3338428565416263,0.9262575319841202,-0.06346664220824484,3.910130732463482,0.8250538076005135,1.8571323289388872,3.4774270101294578,0.40812432657628916,1.1962209766665712,70.58600545249072,0.08108108108108109,0.1700000000000017,21,686,343,171,172,152,74,73,0.5755813953488372
H-AIPCW,0.01,-0.16800318286875376,FALSE,TRUE,1,1,Inf,1,0.6897563021878242,0.9593023255813954,0,0.09999999999999998,0.3121233744774427,0.21674714161428582,-1.515887522385883,0.9149827454403503,1,8.011457682423416,13.092737138866733,1.0452845562048019,1.670845035451884,45.293246761049794,NA,0.31400000000000006,21,686,343,171,172,152,74,73,0.5755813953488372
Clip-AIPCW,0.060000000000000005,0.02740041732000203,TRUE,FALSE,1,1,1.8571323289388872,0.9743564874667618,0.6720685278077908,0.9069767441860465,0,0.07435648746676182,1.186406051682191,0.8238733190890513,-0.18060217136140835,3.477923011029313,0.9129465145814804,1.8571323289388872,3.4774270101294578,0.40812432657628916,1.1962209766665712,70.58600545249072,0.08108108108108109,0.3190000000000026,21,686,343,171,172,152,74,73,0.5755813953488372
Naive-Y,0.060000000000000005,5.847953216374047e-4,TRUE,FALSE,1,1,Inf,0.9279989415717319,0.5441319461594868,0.8953488372093024,0,0.027998941571731883,0.9766316388699379,0.8903273613830488,-0.12258951221616404,0.44611932803817794,0.6452637407533904,1,1,0,0,171,NA,0.09700000000000131,22,686,343,171,172,145,77,77,0.5523255813953488
CC,0.05,0.02207792207792203,TRUE,FALSE,1,1,Inf,0.9801065747152262,0.5746852437571247,0.9244186046511628,0,0.0801065747152262,0.8570227391720364,0.7812882192668018,-0.2532346085756679,0.3914827180443051,0.9317496503698838,1,1,0.24898520811833505,1.1081336900478653,77,NA,0.10200000000000387,22,686,343,171,172,145,77,77,0.5523255813953488
HT-IPCW,0.01,-0.21987773287839774,FALSE,TRUE,1,1,Inf,1,0.5863497486730987,0.9767441860465116,0,0.09999999999999998,0.2753753006337343,0.2510405715372767,-1.3885641634309522,0.1257897442470561,1,11.498732830409969,11.498732830409969,1.5462743266767365,1.8124930775771209,40.085141187253534,NA,0.6159999999999997,22,686,343,171,172,145,77,77,0.5523255813953488
H-IPCW,0.060000000000000005,0.019449521774743336,TRUE,FALSE,1,1,Inf,0.9279989415717319,0.5441319461594868,0.8953488372093024,0,0.027998941571731883,0.9766316388699379,0.8903273613830488,-0.12258951221616404,0.44611932803817794,0.6452637407533904,11.498732830409969,16.760349372691056,1.5462743266767365,1.8124930775771209,40.085141187253534,NA,0.1319999999999979,22,686,343,171,172,145,77,77,0.5523255813953488
Stab-IPCW,0.05,0.022673916326006942,TRUE,FALSE,1,1,Inf,0.9801065747152262,0.5746852437571247,0.9244186046511628,0,0.0801065747152262,0.8570227391720364,0.7812882192668018,-0.2532346085756679,0.3914827180443051,0.9317496503698838,1.7798622670187358,3.9251869819645973,0.26398721951797466,1.1330926033959283,75.1189162929472,NA,0.15800000000000125,22,686,343,171,172,145,77,77,0.5523255813953488
Clip-IPCW,0.060000000000000005,0.001431623915792224,TRUE,FALSE,1,1,1.8035632424630847,0.9279989415717319,0.5441319461594868,0.8953488372093024,0,0.027998941571731883,0.9766316388699379,0.8903273613830488,-0.12258951221616404,0.44611932803817794,0.6452637407533904,1.8035632424630847,3.2168731659116476,0.4168765996805453,1.1516123702737013,73.75600052517488,0.1038961038961039,0.13700000000000045,22,686,343,171,172,145,77,77,0.5523255813953488
H-AIPCW,0.01,-1.4424029233308646,FALSE,TRUE,1,1,Inf,1,0.5863497486730987,0.9767441860465116,0,0.09999999999999998,0.2753753006337343,0.2510405715372767,-1.3885641634309522,0.1257897442470561,1,11.498732830409969,16.760349372691056,1.5462743266767365,1.8124930775771209,40.085141187253534,NA,0.3159999999999954,22,686,343,171,172,145,77,77,0.5523255813953488
Clip-AIPCW,0.05,0.007567219522255222,TRUE,FALSE,1,1,1.8035632424630847,0.9801065747152262,0.5746852437571247,0.9244186046511628,0,0.0801065747152262,0.8570227391720364,0.7812882192668018,-0.2532346085756679,0.3914827180443051,0.9317496503698838,1.8035632424630847,3.2168731659116476,0.4168765996805453,1.1516123702737013,73.75600052517488,0.1038961038961039,0.37699999999999534,22,686,343,171,172,145,77,77,0.5523255813953488
Naive-Y,0.09,5.847953216374047e-4,TRUE,FALSE,1,1,Inf,0.912223057598857,0.5505302717685268,0.8662790697674418,0,0.012223057598857001,1.4825895510059848,1.0141209113487817,0.08364222407730891,3.8612245279469124,0.8159631655961045,1,1,0,0,171,NA,0.17099999999999937,23,686,343,171,172,158,69,72,0.5813953488372093
CC,0.08,0.02753623188405796,TRUE,FALSE,1,1,Inf,0.9317676516052633,0.5623255125929304,0.8837209302325582,0,0.03176765160526329,1.3543752573303531,0.9264197696119836,-0.006807748080622586,3.5273059627999905,0.8685579237635324,1,1,0.24210526315789474,1.2194082670455908,69,NA,0.12199999999999989,23,686,343,171,172,158,69,72,0.5813953488372093
HT-IPCW,0.01,-0.2608875827510394,FALSE,TRUE,1,1,Inf,1,0.6035040083481623,0.9883720930232558,0,0.09999999999999998,0.286373924955383,0.19588549343628034,-1.5606049235790445,0.7458261272999419,1,10.050178833778848,10.050178833778848,1.5455475466105026,1.9451985158638345,35.9117719833413,NA,0.5339999999999989,23,686,343,171,172,158,69,72,0.5813953488372093
H-IPCW,0.09999999999999999,0.004287915395901128,TRUE,FALSE,1,1,Inf,0.912223057598857,0.5505302717685268,0.8662790697674418,0,0.012223057598857001,1.6082614543108364,1.1000830072127217,0.1650057221155052,4.188521745970074,0.8159631655961045,10.050178833778848,15.725212908613992,1.5455475466105026,1.9451985158638345,35.9117719833413,NA,0.09100000000000108,23,686,343,171,172,158,69,72,0.5813953488372093
Stab-IPCW,0.08,0.030144682047923876,TRUE,FALSE,1,1,Inf,0.9317676516052633,0.5623255125929304,0.8837209302325582,0,0.03176765160526329,1.3543752573303531,0.9264197696119836,-0.006807748080622586,3.5273059627999905,0.8685579237635324,2.6076728527761115,6.146518638986995,0.2977499747577456,1.2861806271262628,64.66039045044354,NA,0.09500000000000597,23,686,343,171,172,158,69,72,0.5813953488372093
Clip-IPCW,0.09,1.9720402938522955e-4,TRUE,FALSE,1,1,1.756605585412867,0.912223057598857,0.5505302717685268,0.8662790697674418,0,0.012223057598857001,1.4825895510059848,1.0141209113487817,0.08364222407730891,3.8612245279469124,0.8159631655961045,1.756605585412867,3.5843306022531722,0.3798795399353784,1.2576411890690977,66.47458029915583,0.11594202898550725,0.09799999999999898,23,686,343,171,172,158,69,72,0.5813953488372093
H-AIPCW,0.09999999999999999,0.020497430591622,TRUE,FALSE,1,1,Inf,0.912223057598857,0.5505302717685268,0.8662790697674418,0,0.012223057598857001,1.6082614543108364,1.1000830072127217,0.1650057221155052,4.188521745970074,0.8159631655961045,10.050178833778848,15.725212908613992,1.5455475466105026,1.9451985158638345,35.9117719833413,NA,0.22100000000000364,23,686,343,171,172,158,69,72,0.5813953488372093
Clip-AIPCW,0.09,0.0017917726698294938,TRUE,FALSE,1,1,1.756605585412867,0.912223057598857,0.5505302717685268,0.8662790697674418,0,0.012223057598857001,1.4825895510059848,1.0141209113487817,0.08364222407730891,3.8612245279469124,0.8159631655961045,1.756605585412867,3.5843306022531722,0.3798795399353784,1.2576411890690977,66.47458029915583,0.11594202898550725,0.20199999999999818,23,686,343,171,172,158,69,72,0.5813953488372093
Naive-Y,0.03,0.018128654970760213,TRUE,FALSE,1,1,Inf,0.9850374924926342,0.7697887118921966,0.9476744186046512,0,0.08503749249263415,0.6938983160371184,0.5336982742395866,-0.5525564562347772,0.8489705669508841,0.963636694868857,1,1,0,0,171,NA,0.06199999999999761,24,686,343,171,172,146,73,80,0.5348837209302325
CC,0.05,0.004109589041095818,TRUE,FALSE,1,1,Inf,0.9318059238752298,0.7281892185223549,0.8953488372093024,0,0.031805923875229736,1.0010148782937032,0.7699109519166514,-0.18611224469313392,1.2247214744729484,0.8610900359079807,1,1,0.24609563123495012,1.162051036227645,73,NA,0.07100000000000506,24,686,343,171,172,146,73,80,0.5348837209302325
HT-IPCW,0.01,-0.29462039745696955,FALSE,TRUE,1,1,Inf,0.9925103778665701,0.775628634585457,0.9651162790697675,0,0.09251037786657013,0.3182135715190818,0.24474772460791588,-1.3321591214255146,0.38932787409959557,0.9724944732878051,10.121766798051178,10.121766798051178,1.0871629208151443,1.722342554533294,43.300828396149946,NA,0.3689999999999998,24,686,343,171,172,146,73,80,0.5348837209302325
H-IPCW,0.05,0.024677999971795508,TRUE,FALSE,1,1,Inf,0.9318059238752298,0.7281892185223549,0.8953488372093024,0,0.031805923875229736,1.0010148782937032,0.7699109519166514,-0.18611224469313392,1.2247214744729484,0.8610900359079807,10.121766798051178,16.719702407435708,1.0871629208151443,1.722342554533294,43.300828396149946,NA,0.08500000000000085,24,686,343,171,172,146,73,80,0.5348837209302325
Stab-IPCW,0.05,0.0032185987531945254,TRUE,FALSE,1,1,Inf,0.9318059238752298,0.7281892185223549,0.8953488372093024,0,0.031805923875229736,1.0010148782937032,0.7699109519166514,-0.18611224469313392,1.2247214744729484,0.8610900359079807,1.8380491138401591,4.163778138234523,0.26977061895836146,1.176597152392567,71.96106332236745,NA,0.09700000000000131,24,686,343,171,172,146,73,80,0.5348837209302325
Clip-IPCW,0.05,0.013973963014027112,TRUE,FALSE,1,1,1.8390390068368554,0.9318059238752298,0.7281892185223549,0.8953488372093024,0,0.031805923875229736,1.0010148782937032,0.7699109519166514,-0.18611224469313392,1.2247214744729484,0.8610900359079807,1.8390390068368554,3.469534658140465,0.4070268888723978,1.2036267728982077,70.07492018020112,0.0684931506849315,0.09900000000000375,24,686,343,171,172,146,73,80,0.5348837209302325
H-AIPCW,0.05,0.030997124841344096,TRUE,FALSE,1,1,Inf,0.9318059238752298,0.7281892185223549,0.8953488372093024,0,0.031805923875229736,1.0010148782937032,0.7699109519166514,-0.18611224469313392,1.2247214744729484,0.8610900359079807,10.121766798051178,16.719702407435708,1.0871629208151443,1.722342554533294,43.300828396149946,NA,0.2079999999999984,24,686,343,171,172,146,73,80,0.5348837209302325
Clip-AIPCW,0.05,0.012418322781136196,TRUE,FALSE,1,1,1.8390390068368554,0.9318059238752298,0.7281892185223549,0.8953488372093024,0,0.031805923875229736,1.0010148782937032,0.7699109519166514,-0.18611224469313392,1.2247214744729484,0.8610900359079807,1.8390390068368554,3.469534658140465,0.4070268888723978,1.2036267728982077,70.07492018020112,0.0684931506849315,0.2220000000000013,24,686,343,171,172,146,73,80,0.5348837209302325
Naive-Y,0.03,0.012280701754385942,TRUE,FALSE,1,1,Inf,0.9676264859978035,0.7115702111653688,0.9302325581395349,0,0.06762648599780352,0.8115211062937472,0.5032421574067563,-0.5184656006250232,1.5271161320498892,0.8794365466309981,1,1,0,0,171,NA,0.07399999999999807,25,686,343,171,172,153,75,71,0.5872093023255814
CC,0.03,0.046666666666666634,TRUE,FALSE,1,1,Inf,0.9676264859978035,0.7115702111653688,0.9302325581395349,0,0.06762648599780352,0.8115211062937472,0.5032421574067563,-0.5184656006250232,1.5271161320498892,0.8794365466309981,1,1,0.2476780185758514,1.1346935320890421,75,NA,0.09500000000000597,25,686,343,171,172,153,75,71,0.5872093023255814
HT-IPCW,0.01,-0.317671040600246,FALSE,TRUE,1,1,Inf,1,0.7353769470578382,0.9709302325581395,0,0.09999999999999998,0.3821750363830805,0.23699517896064476,-1.271497282142276,0.719174965137752,1,10.056822175369938,10.056822175369938,0.9878383180440066,1.6831136622104215,44.807738257036846,NA,0.4440000000000026,25,686,343,171,172,153,75,71,0.5872093023255814
H-IPCW,0.04,0.014036989114395576,TRUE,FALSE,1,1,Inf,0.9359047538860957,0.6882427806496745,0.9069767441860465,0,0.03590475388609571,0.9900825234462791,0.6139720350409202,-0.3195876995583469,1.8631320638359168,0.8203765137345084,10.056822175369938,17.030652287477132,0.9878383180440066,1.6831136622104215,44.807738257036846,NA,0.0799999999999983,25,686,343,171,172,153,75,71,0.5872093023255814
Stab-IPCW,0.03,0.045750404295617206,TRUE,FALSE,1,1,Inf,0.9676264859978035,0.7115702111653688,0.9302325581395349,0,0.06762648599780352,0.8115211062937472,0.5032421574067563,-0.5184656006250232,1.5271161320498892,0.8794365466309981,2.1430143646897215,4.806415492781059,0.2655537126730536,1.1557726615975368,73.45364963431938,NA,0.1110000000000042,25,686,343,171,172,153,75,71,0.5872093023255814
Clip-IPCW,0.04,0.0013719975120436716,TRUE,FALSE,1,1,1.6373452370530117,0.9359047538860957,0.6882427806496745,0.9069767441860465,0,0.03590475388609571,0.9900825234462791,0.6139720350409202,-0.3195876995583469,1.8631320638359168,0.8203765137345084,1.6373452370530117,3.181261656193112,0.3575572683310883,1.16180150703549,73.0179696343871,0.09333333333333334,0.09100000000000108,25,686,343,171,172,153,75,71,0.5872093023255814
H-AIPCW,0.01,-1.8478772111511628,FALSE,TRUE,1,1,Inf,1,0.7353769470578382,0.9709302325581395,0,0.09999999999999998,0.3821750363830805,0.23699517896064476,-1.271497282142276,0.719174965137752,1,10.056822175369938,17.030652287477132,0.9878383180440066,1.6831136622104215,44.807738257036846,NA,0.22800000000000153,25,686,343,171,172,153,75,71,0.5872093023255814
Clip-AIPCW,0.03,0.04490705470937083,TRUE,FALSE,1,1,1.6373452370530117,0.9676264859978035,0.7115702111653688,0.9302325581395349,0,0.06762648599780352,0.8115211062937472,0.5032421574067563,-0.5184656006250232,1.5271161320498892,0.8794365466309981,1.6373452370530117,3.181261656193112,0.3575572683310883,1.16180150703549,73.0179696343871,0.09333333333333334,0.3060000000000045,25,686,343,171,172,153,75,71,0.5872093023255814
Naive-Y,0.05,5.847953216374047e-4,TRUE,FALSE,1,1,Inf,0.9742550701854458,0.6645398786002835,0.8953488372093024,0,0.07425507018544575,1.7106408567920113,0.6340576028223348,-0.28178434705879835,7.11336246126602,0.9426436663774244,1,1,0,0,171,NA,0.09800000000000608,26,686,343,171,172,151,80,68,0.6046511627906976
CC,0.06999999999999999,0,TRUE,FALSE,1,1,Inf,0.9566905445874244,0.6525591067615915,0.8837209302325582,0,0.056690544587424396,2.2212043378598803,0.8233005146873119,-0.02060287409971434,9.236439953482762,0.8966635419303409,1,1,0.2504299965600275,1.0696687227691517,80,NA,0.0899999999999963,26,686,343,171,172,151,80,68,0.6046511627906976
HT-IPCW,0.01,-0.09423289979301563,FALSE,TRUE,1,1,Inf,1,0.6821005083132806,0.9593023255813954,0,0.09999999999999998,0.5015917186378431,0.18591748317730877,-1.508621217110792,2.085770188449414,1,21.901620402681974,21.901620402681974,4.420886516780134,2.5784974251180794,22.47111874861668,NA,0.5180000000000007,26,686,343,171,172,151,80,68,0.6046511627906976
H-IPCW,0.08,0.003621980933876628,TRUE,FALSE,1,1,Inf,0.9566905445874244,0.6525591067615915,0.872093023255814,0,0.056690544587424396,2.465937172856818,0.9140119659390222,0.08391950964995837,10.254113157413544,0.8966635419303409,21.901620402681974,26.85890271617882,4.420886516780134,2.5784974251180794,22.47111874861668,NA,0.12099999999999511,26,686,343,171,172,151,80,68,0.6046511627906976
Stab-IPCW,0.060000000000000005,0.01028607030800749,TRUE,FALSE,1,1,Inf,0.9657184182995991,0.6587170240096539,0.8895348837209303,0,0.06571841829959912,1.9700188930241356,0.7301973712752645,-0.1406092843469275,8.191934844758915,0.9323626926625224,3.079556442014888,6.48245003974395,0.28742994527755816,1.128540154304717,75.45821305462134,NA,0.11299999999999955,26,686,343,171,172,151,80,68,0.6046511627906976
Clip-IPCW,0.06999999999999999,0.00673764301863577,TRUE,FALSE,1,1,1.6243023997752912,0.9566905445874244,0.6525591067615915,0.8837209302325582,0,0.056690544587424396,2.2212043378598803,0.8233005146873119,-0.02060287409971434,9.236439953482762,0.8966635419303409,1.6243023997752912,2.9027937782272386,0.37978429336701996,1.1013308318352324,77.52161332812273,0.15,0.12199999999999989,26,686,343,171,172,151,80,68,0.6046511627906976
H-AIPCW,0.01,-0.10021937891638069,FALSE,TRUE,1,1,Inf,1,0.6821005083132806,0.9593023255813954,0,0.09999999999999998,0.5015917186378431,0.18591748317730877,-1.508621217110792,2.085770188449414,1,21.901620402681974,26.85890271617882,4.420886516780134,2.5784974251180794,22.47111874861668,NA,0.32399999999999807,26,686,343,171,172,151,80,68,0.6046511627906976
Clip-AIPCW,0.060000000000000005,0.0015160351485570371,TRUE,FALSE,1,1,1.6243023997752912,0.9657184182995991,0.6587170240096539,0.8895348837209303,0,0.06571841829959912,1.9700188930241356,0.7301973712752645,-0.1406092843469275,8.191934844758915,0.9323626926625224,1.6243023997752912,2.9027937782272386,0.37978429336701996,1.1013308318352324,77.52161332812273,0.15,0.35599999999999454,26,686,343,171,172,151,80,68,0.6046511627906976
Naive-Y,0.06999999999999999,5.847953216374047e-4,TRUE,FALSE,1,1,Inf,0.9244346920241497,0.5901319330755278,0.877906976744186,0,0.024434692024149718,1.1095813612282144,0.944321540496674,-0.04329440069009058,0.7069374326324261,0.4790385042728675,1,1,0,0,171,NA,0.09899999999999665,27,686,343,171,172,144,82,73,0.5755813953488372
CC,0.06999999999999999,0.02682926829268295,TRUE,FALSE,1,1,Inf,0.9244346920241497,0.5901319330755278,0.877906976744186,0,0.024434692024149718,1.1095813612282144,0.944321540496674,-0.04329440069009058,0.7069374326324261,0.4790385042728675,1,1,0.25104919160646716,1.0448685844066983,82,NA,0.10800000000000409,27,686,343,171,172,144,82,73,0.5755813953488372
HT-IPCW,0.01,-0.02564685998252192,FALSE,TRUE,1,1,Inf,1,0.6383706043997225,0.9825581395348837,0,0.09999999999999998,0.2657764640623997,0.2261920114567822,-1.4723768769970405,0.169331729716892,1,22.585890216635605,22.585890216635605,4.9708700116437905,2.5499362867917807,22.909505447178635,NA,0.5660000000000025,27,686,343,171,172,144,82,73,0.5755813953488372
H-IPCW,0.08,0.030008181928179556,TRUE,FALSE,1,1,Inf,0.9060770877400144,0.5784129781333334,0.8662790697674418,0,0.006077087740014364,1.2267462794831743,1.044036045412492,0.05708817033133109,0.7815856462740697,0.4790385042728675,22.585890216635605,25.831542408807636,4.9708700116437905,2.5499362867917807,22.909505447178635,NA,0.17800000000000438,27,686,343,171,172,144,82,73,0.5755813953488372
Stab-IPCW,0.06999999999999999,0.030512930815339897,TRUE,FALSE,1,1,Inf,0.9244346920241497,0.5901319330755278,0.877906976744186,0,0.024434692024149718,1.1095813612282144,0.944321540496674,-0.04329440069009058,0.7069374326324261,0.4790385042728675,4.671108514772142,9.145470728420968,0.3823673931016349,1.2106720955473214,69.59266742994016,NA,0.13599999999999568,27,686,343,171,172,144,82,73,0.5755813953488372
Clip-IPCW,0.06999999999999999,0.037592826570323576,TRUE,FALSE,1,1,1.7072801777030215,0.9244346920241497,0.5901319330755278,0.877906976744186,0,0.024434692024149718,1.1095813612282144,0.944321540496674,-0.04329440069009058,0.7069374326324261,0.4790385042728675,1.7072801777030215,2.889625149557049,0.41305349676449865,1.087776975449299,78.57231416194884,0.15853658536585366,0.134999999999998,27,686,343,171,172,144,82,73,0.5755813953488372
H-AIPCW,0.01,-0.7189862846627186,FALSE,TRUE,1,1,Inf,1,0.6383706043997225,0.9825581395348837,0,0.09999999999999998,0.2657764640623997,0.2261920114567822,-1.4723768769970405,0.169331729716892,1,22.585890216635605,25.831542408807636,4.9708700116437905,2.5499362867917807,22.909505447178635,NA,0.2989999999999995,27,686,343,171,172,144,82,73,0.5755813953488372
Clip-AIPCW,0.06999999999999999,0.004174840830702589,TRUE,FALSE,1,1,1.7072801777030215,0.9244346920241497,0.5901319330755278,0.877906976744186,0,0.024434692024149718,1.1095813612282144,0.944321540496674,-0.04329440069009058,0.7069374326324261,0.4790385042728675,1.7072801777030215,2.889625149557049,0.41305349676449865,1.087776975449299,78.57231416194884,0.15853658536585366,0.3399999999999963,27,686,343,171,172,144,82,73,0.5755813953488372
Naive-Y,0.05,0.018128654970760213,TRUE,FALSE,1,1,Inf,0.9210833907594647,0.8001042785669588,0.877906976744186,0,0.021083390759464637,0.98141528269717,0.7486979633230544,-0.2475511803235086,0.834650076262939,0.8378494680592004,1,1,0,0,171,NA,0.06899999999999551,28,686,343,171,172,129,84,86,0.5
CC,0.060000000000000005,0.004761904761904745,TRUE,FALSE,1,1,Inf,0.9072029304507466,0.788046938490153,0.8604651162790697,0,0.007202930450746603,1.12603475078598,0.8590246549121496,-0.11008920582288832,0.9576425058669484,0.8378494680592004,1,1,0.2513931888544892,1.0206893370115493,84,NA,0.060000000000002274,28,686,343,171,172,129,84,86,0.5
HT-IPCW,0.21000000000000002,0.006906286717910715,TRUE,FALSE,0,0,Inf,0.6759644225383188,0.5871803053423965,0.5581395348837209,0.22403557746168123,0.22403557746168123,3.0010430748963874,2.289423119481814,0.8701683226508384,2.5522537456791707,0.5638129100407837,84.12631465229866,84.12631465229866,42.34592102853705,5.16101699510975,6.222632747898629,NA,0.4280000000000044,28,686,343,171,172,129,84,86,0.5
H-IPCW,0.09,8.822136012137552e-5,TRUE,FALSE,0,0,Inf,0.8588404197897749,0.7460365710356078,0.8081395348837209,0.041159580210225144,0.041159580210225144,1.5335615406415248,1.169916978420603,0.19880123738722327,1.3042259270027259,0.7922209791015754,84.12631465229866,66.72081792199786,42.34592102853705,5.16101699510975,6.222632747898629,NA,0.08099999999999596,28,686,343,171,172,129,84,86,0.5
Stab-IPCW,0.060000000000000005,0.014231601775907187,TRUE,FALSE,1,1,Inf,0.9072029304507466,0.788046938490153,0.8604651162790697,0,0.007202930450746603,1.12603475078598,0.8590246549121496,-0.11008920582288832,0.9576425058669484,0.8378494680592004,17.031844659427236,28.898690138903152,1.86235809018023,2.3155174908685776,27.013079703557562,NA,0.09200000000000585,28,686,343,171,172,129,84,86,0.5
Clip-IPCW,0.060000000000000005,0.012177926169002129,TRUE,FALSE,1,1,1.5892080946462575,0.9072029304507466,0.788046938490153,0.8604651162790697,0,0.007202930450746603,1.12603475078598,0.8590246549121496,-0.11008920582288832,0.9576425058669484,0.8378494680592004,1.5892080946462575,2.6124092878602894,0.40775338155965185,1.049685592597988,81.60747306217755,0.17857142857142858,0.09700000000000131,28,686,343,171,172,129,84,86,0.5
H-AIPCW,0.01,-0.4508658420089775,FALSE,TRUE,1,1,Inf,1,0.8686556359541403,0.9767441860465116,0,0.09999999999999998,0.29720621814157205,0.22673142973483068,-1.442120641161634,0.2527606783908482,1,84.12631465229866,66.72081792199786,42.34592102853705,5.16101699510975,6.222632747898629,NA,0.20199999999999818,28,686,343,171,172,129,84,86,0.5
Clip-AIPCW,0.04,0.003041225111596657,TRUE,FALSE,1,1,1.5892080946462575,0.9375635780709686,0.8144198861566766,0.8895348837209303,0,0.03756357807096855,0.8301856654877844,0.6333285489731766,-0.41489750706701795,0.7060360086379324,0.8752618638570862,1.5892080946462575,2.6124092878602894,0.40775338155965185,1.049685592597988,81.60747306217755,0.17857142857142858,0.22999999999999687,28,686,343,171,172,129,84,86,0.5
Naive-Y,0.05,0.018128654970760213,TRUE,FALSE,1,1,Inf,0.9743914225461733,0.6656195191022455,0.9127906976744186,0,0.07439142254617326,0.9808202119289702,0.6434934948992752,-0.320859413233646,1.8281272495611602,0.9338447500591707,1,1,0,0,171,NA,0.0660000000000025,29,686,343,171,172,148,71,80,0.5348837209302325
CC,0.05,0.0014084507042253502,TRUE,FALSE,1,1,Inf,0.9743914225461733,0.6656195191022455,0.9127906976744186,0,0.07439142254617326,0.9808202119289702,0.6434934948992752,-0.320859413233646,1.8281272495611602,0.9338447500591707,1,1,0.24423804609563124,1.1902670743861876,71,NA,0.06500000000000483,29,686,343,171,172,148,71,80,0.5348837209302325
HT-IPCW,0.01,-0.3397867019924681,FALSE,TRUE,1,1,Inf,1,0.6831130731456165,0.9651162790697675,0,0.09999999999999998,0.29858555456119884,0.19589508830894534,-1.5101920790862198,0.5565264479461891,1,5.82764123468264,5.82764123468264,0.6707305220944243,1.4619099473744743,54.72555903949071,NA,0.4170000000000016,29,686,343,171,172,148,71,80,0.5348837209302325
H-IPCW,0.05,0.02183591729491498,TRUE,FALSE,1,1,Inf,0.9743914225461733,0.6656195191022455,0.9127906976744186,0,0.07439142254617326,0.9808202119289702,0.6434934948992752,-0.320859413233646,1.8281272495611602,0.9338447500591707,5.82764123468264,10.402539988624634,0.6707305220944243,1.4619099473744743,54.72555903949071,NA,0.08200000000000074,29,686,343,171,172,148,71,80,0.5348837209302325
Stab-IPCW,0.05,7.262275605907994e-4,TRUE,FALSE,1,1,Inf,0.9743914225461733,0.6656195191022455,0.9127906976744186,0,0.07439142254617326,0.9808202119289702,0.6434934948992752,-0.320859413233646,1.8281272495611602,0.9338447500591707,1.1291207065982718,2.7355103023393816,0.24273796800324962,1.193622066207944,70.76637488978855,NA,0.09300000000000352,29,686,343,171,172,148,71,80,0.5348837209302325
Clip-IPCW,0.05,0.012537592468915152,TRUE,FALSE,1,1,1.6879148315057262,0.9743914225461733,0.6656195191022455,0.9127906976744186,0,0.07439142254617326,0.9808202119289702,0.6434934948992752,-0.320859413233646,1.8281272495611602,0.9338447500591707,1.6879148315057262,3.371407959810916,0.3753539178900494,1.2237177378735724,68.7098020765459,0.11267605633802817,0.09199999999999875,29,686,343,171,172,148,71,80,0.5348837209302325
H-AIPCW,0.01,-0.17287483938148723,FALSE,TRUE,1,1,Inf,1,0.6831130731456165,0.9651162790697675,0,0.09999999999999998,0.29858555456119884,0.19589508830894534,-1.5101920790862198,0.5565264479461891,1,5.82764123468264,10.402539988624634,0.6707305220944243,1.4619099473744743,54.72555903949071,NA,0.2190000000000012,29,686,343,171,172,148,71,80,0.5348837209302325
Clip-AIPCW,0.05,0.014010367571427613,TRUE,FALSE,1,1,1.6879148315057262,0.9743914225461733,0.6656195191022455,0.9127906976744186,0,0.07439142254617326,0.9808202119289702,0.6434934948992752,-0.320859413233646,1.8281272495611602,0.9338447500591707,1.6879148315057262,3.371407959810916,0.3753539178900494,1.2237177378735724,68.7098020765459,0.11267605633802817,0.2289999999999992,29,686,343,171,172,148,71,80,0.5348837209302325
Naive-Y,0.08,5.847953216374047e-4,TRUE,FALSE,1,1,Inf,0.9368221845460071,0.714844395595774,0.872093023255814,0,0.03682218454600705,1.1619605370947612,0.9492534983093198,0.008253071478308286,0.8199264706984252,0.8076465596894333,1,1,0,0,171,NA,0.07099999999999795,30,686,343,171,172,150,72,77,0.5523255813953488
CC,0.06999999999999999,0.002777777777777768,TRUE,FALSE,1,1,Inf,0.9368221845460071,0.714844395595774,0.872093023255814,0,0.03682218454600705,1.0513025902623439,0.8588524564554927,-0.09182566771997085,0.7418417364028072,0.8076465596894333,1,1,0.2452012383900929,1.1760477181195148,72,NA,0.06400000000000006,30,686,343,171,172,150,72,77,0.5523255813953488
HT-IPCW,0.01,-0.2968243323978883,FALSE,TRUE,1,1,Inf,1,0.7630523779090418,0.9709302325581395,0,0.09999999999999998,0.2529086154001363,0.20661148142035995,-1.5165826846391084,0.17846257408425895,1,14.065353797965289,14.065353797965289,1.5233003764480493,2.0462041499818495,33.12370273366184,NA,0.37299999999999756,30,686,343,171,172,150,72,77,0.5523255813953488
H-IPCW,0.06999999999999999,0.029821118493596997,TRUE,FALSE,1,1,Inf,0.9368221845460071,0.714844395595774,0.872093023255814,0,0.03682218454600705,1.0513025902623439,0.8588524564554927,-0.09182566771997085,0.7418417364028072,0.8076465596894333,14.065353797965289,23.31883488251648,1.5233003764480493,2.0462041499818495,33.12370273366184,NA,0.10900000000000176,30,686,343,171,172,150,72,77,0.5523255813953488
Stab-IPCW,0.06999999999999999,0.00419034051566307,TRUE,FALSE,1,1,Inf,0.9368221845460071,0.714844395595774,0.872093023255814,0,0.03682218454600705,1.0513025902623439,0.8588524564554927,-0.09182566771997085,0.7418417364028072,0.8076465596894333,2.6835204390506133,6.252465905332691,0.2755428192784227,1.2230408802164194,68.75528726224141,NA,0.09000000000000341,30,686,343,171,172,150,72,77,0.5523255813953488
Clip-IPCW,0.06999999999999999,0.015903125923162707,TRUE,FALSE,1,1,1.6421758006328397,0.9368221845460071,0.714844395595774,0.872093023255814,0,0.03682218454600705,1.0513025902623439,0.8588524564554927,-0.09182566771997085,0.7418417364028072,0.8076465596894333,1.6421758006328397,3.262490421917585,0.3682653056558922,1.205618768471462,69.93817782422656,0.125,0.10000000000000142,30,686,343,171,172,150,72,77,0.5523255813953488
H-AIPCW,0.01,-0.3887904294502218,FALSE,TRUE,1,1,Inf,1,0.7630523779090418,0.9709302325581395,0,0.09999999999999998,0.2529086154001363,0.20661148142035995,-1.5165826846391084,0.17846257408425895,1,14.065353797965289,23.31883488251648,1.5233003764480493,2.0462041499818495,33.12370273366184,NA,0.27200000000000557,30,686,343,171,172,150,72,77,0.5523255813953488
Clip-AIPCW,0.060000000000000005,0.018028279049769905,TRUE,FALSE,1,1,1.6421758006328397,0.9531297959761783,0.7272879572755827,0.8953488372093024,0,0.053129795976178285,0.9371850508836757,0.7656251307284934,-0.20673014848665766,0.6613157733253628,0.9035067097606826,1.6421758006328397,3.262490421917585,0.3682653056558922,1.205618768471462,69.93817782422656,0.125,0.22699999999999676,30,686,343,171,172,150,72,77,0.5523255813953488
Naive-Y,0.06999999999999999,5.847953216374047e-4,TRUE,FALSE,1,1,Inf,0.9243653336980161,0.5722552443509135,0.8953488372093024,0,0.02436533369801608,0.9686167634070948,0.9047888840149261,-0.09910781399907406,0.3728511587378742,0.8669503346835066,1,1,0,0,171,NA,0.09899999999999665,31,686,343,171,172,147,75,77,0.5523255813953488
CC,0.06999999999999999,0.006666666666666599,TRUE,FALSE,1,1,Inf,0.9243653336980161,0.5722552443509135,0.8953488372093024,0,0.02436533369801608,0.9686167634070948,0.9047888840149261,-0.09910781399907406,0.3728511587378742,0.8669503346835066,1,1,0.2476780185758514,1.1346935320890421,75,NA,0.1039999999999992,31,686,343,171,172,147,75,77,0.5523255813953488
HT-IPCW,0.01,-0.28444566674680094,FALSE,TRUE,1,1,Inf,1,0.6190790843070121,0.9651162790697675,0,0.09999999999999998,0.23374341403823914,0.21834067995023107,-1.5207528581259853,0.08997521627124237,1,7.903741633918525,7.903741633918525,1.1655926372250383,1.7539087906804063,42.13683950716401,NA,0.4410000000000025,31,686,343,171,172,147,75,77,0.5523255813953488
H-IPCW,0.06999999999999999,0.031861570789872534,TRUE,FALSE,1,1,Inf,0.9243653336980161,0.5722552443509135,0.8953488372093024,0,0.02436533369801608,0.9686167634070948,0.9047888840149261,-0.09910781399907406,0.3728511587378742,0.8669503346835066,7.903741633918525,12.840038981038964,1.1655926372250383,1.7539087906804063,42.13683950716401,NA,0.08100000000000307,31,686,343,171,172,147,75,77,0.5523255813953488
Stab-IPCW,0.06999999999999999,0.006461424250877756,TRUE,FALSE,1,1,Inf,0.9243653336980161,0.5722552443509135,0.8953488372093024,0,0.02436533369801608,0.9686167634070948,0.9047888840149261,-0.09910781399907406,0.3728511587378742,0.8669503346835066,1.5446104675161403,3.5405455363259613,0.24964906143917528,1.1452918745917176,74.21801697105965,NA,0.09100000000000108,31,686,343,171,172,147,75,77,0.5523255813953488
Clip-IPCW,0.06999999999999999,0.019122992153939172,TRUE,FALSE,1,1,1.897152315094286,0.9243653336980161,0.5722552443509135,0.8953488372093024,0,0.02436533369801608,0.9686167634070948,0.9047888840149261,-0.09910781399907406,0.3728511587378742,0.8669503346835066,1.897152315094286,3.6582111170201657,0.3718426642735894,1.175834433708327,72.01512124548097,0.05333333333333334,0.09100000000000108,31,686,343,171,172,147,75,77,0.5523255813953488
H-AIPCW,0.01,-2.885526625635304,FALSE,TRUE,1,1,Inf,1,0.6190790843070121,0.9651162790697675,0,0.09999999999999998,0.23374341403823914,0.21834067995023107,-1.5207528581259853,0.08997521627124237,1,7.903741633918525,12.840038981038964,1.1655926372250383,1.7539087906804063,42.13683950716401,NA,0.19500000000000028,31,686,343,171,172,147,75,77,0.5523255813953488
Clip-AIPCW,0.060000000000000005,0.021563780737908426,TRUE,FALSE,1,1,1.897152315094286,0.9528034137496912,0.589860664908754,0.9186046511627907,0,0.05280341374969122,0.8636914023139705,0.8067776746751478,-0.21376131890559344,0.3324620761383208,0.8818665917823658,1.897152315094286,3.6582111170201657,0.3718426642735894,1.175834433708327,72.01512124548097,0.05333333333333334,0.2430000000000021,31,686,343,171,172,147,75,77,0.5523255813953488
Naive-Y,0.09,0.012280701754385942,TRUE,FALSE,1,1,Inf,0.9168572590148029,0.5548607353927967,0.8837209302325582,0,0.01685725901480284,1.2815736474060966,0.969260478324304,0.06839901126765623,1.2673776161601875,0.5757092952131823,1,1,0,0,171,NA,0.06200000000000472,32,686,343,171,172,154,79,66,0.6162790697674418
CC,0.09,0.024050632911392422,TRUE,FALSE,1,1,Inf,0.9168572590148029,0.5548607353927967,0.8837209302325582,0,0.01685725901480284,1.2815736474060966,0.969260478324304,0.06839901126765623,1.2673776161601875,0.5757092952131823,1,1,0.2500171998624011,1.082315710454234,79,NA,0.07799999999999585,32,686,343,171,172,154,79,66,0.6162790697674418
HT-IPCW,0.01,-0.1682905930041506,FALSE,TRUE,1,1,Inf,1,0.6051767927201832,0.9767441860465116,0,0.09999999999999998,0.2435642806134746,0.1842088682206843,-1.5920641087971266,0.24086631148390128,1,8.76492298578789,8.76492298578789,1.3275620172672948,1.5746671616511596,49.349563779595975,NA,0.399000000000008,32,686,343,171,172,154,79,66,0.6162790697674418
H-IPCW,0.11,0.002625525820530067,TRUE,FALSE,0,0,Inf,0.8778217717365682,0.5312373643994852,0.8488372093023255,0.022178228263431854,0.022178228263431854,1.4993092099805043,1.1339349595421657,0.22531475176178636,1.4827013151199615,0.5757092952131823,8.76492298578789,11.978693866700022,1.3275620172672948,1.5746671616511596,49.349563779595975,NA,0.08899999999999864,32,686,343,171,172,154,79,66,0.6162790697674418
Stab-IPCW,0.09,0.025976212541173303,TRUE,FALSE,1,1,Inf,0.9168572590148029,0.5548607353927967,0.8837209302325582,0,0.01685725901480284,1.2815736474060966,0.969260478324304,0.06839901126765623,1.2673776161601875,0.5757092952131823,1.7149596134208343,3.622926680689346,0.2698370025983098,1.0973783807614754,77.82643154596688,NA,0.12000000000000455,32,686,343,171,172,154,79,66,0.6162790697674418
Clip-IPCW,0.09999999999999999,0.0030778311070075288,TRUE,FALSE,0,1,1.8247860913292748,0.897337673612913,0.5430479353040533,0.872093023255814,0.0026623263870870773,0.0026623263870870773,1.3913223973155995,1.052263999852764,0.15056493626527964,1.3759106757454795,0.5757092952131823,1.8247860913292748,3.0804619487220384,0.4498881794167222,1.1322861047006179,75.17890181950231,0.13924050632911392,0.11499999999999488,32,686,343,171,172,154,79,66,0.6162790697674418
H-AIPCW,0.04,0.014129352085855737,TRUE,FALSE,1,1,Inf,0.9768910966711027,0.5911918207203204,0.936046511627907,0,0.07689109667110272,0.6887214563804288,0.5208834385714991,-0.5526080856073632,0.6810924673369246,0.7580002088086983,8.76492298578789,11.978693866700022,1.3275620172672948,1.5746671616511596,49.349563779595975,NA,0.26500000000000057,32,686,343,171,172,154,79,66,0.6162790697674418
Clip-AIPCW,0.09,0.01331710434393769,TRUE,FALSE,1,1,1.8247860913292748,0.9168572590148029,0.5548607353927967,0.8837209302325582,0,0.01685725901480284,1.2815736474060966,0.969260478324304,0.06839901126765623,1.2673776161601875,0.5757092952131823,1.8247860913292748,3.0804619487220384,0.4498881794167222,1.1322861047006179,75.17890181950231,0.13924050632911392,0.23000000000000398,32,686,343,171,172,154,79,66,0.6162790697674418
Naive-Y,0.060000000000000005,0.02397660818713448,TRUE,FALSE,1,1,Inf,0.9328126785523835,0.5709581098119835,0.8430232558139535,0,0.032812678552383456,1.1817115648999232,0.9247618490966962,-0.03831506810567265,1.2480445024763969,0.7866795744688989,1,1,0,0,171,NA,0.1280000000000001,33,686,343,171,172,140,84,75,0.563953488372093
CC,0.060000000000000005,0.04047619047619044,TRUE,FALSE,1,1,Inf,0.9328126785523835,0.5709581098119835,0.8430232558139535,0,0.032812678552383456,1.1817115648999232,0.9247618490966962,-0.03831506810567265,1.2480445024763969,0.7866795744688989,1,1,0.2513931888544892,1.0206893370115493,84,NA,0.11599999999999966,33,686,343,171,172,140,84,75,0.563953488372093
HT-IPCW,0.01,-0.1608401251997431,FALSE,TRUE,1,1,Inf,1,0.612082278617872,0.9534883720930233,0,0.09999999999999998,0.3257450690666325,0.2549155152168636,-1.3269191346463207,0.3440300956112199,1,9.7859682879507,9.7859682879507,1.508408001912022,1.6615791372783686,45.66453999953561,NA,0.3889999999999958,33,686,343,171,172,140,84,75,0.563953488372093
H-IPCW,0.06999999999999999,0.010031446021966563,TRUE,FALSE,1,1,Inf,0.9039116276329363,0.5532682887107571,0.8255813953488372,0,0.003911627632936288,1.3231355850246487,1.0354348273782494,0.07472542850978857,1.3974070678243318,0.7734118617275596,9.7859682879507,13.239312118498264,1.508408001912022,1.6615791372783686,45.66453999953561,NA,0.09799999999999898,33,686,343,171,172,140,84,75,0.563953488372093
Stab-IPCW,0.060000000000000005,0.041888056904463504,TRUE,FALSE,1,1,Inf,0.9328126785523835,0.5709581098119835,0.8430232558139535,0,0.032812678552383456,1.1817115648999232,0.9247618490966962,-0.03831506810567265,1.2480445024763969,0.7866795744688989,2.4703725842217894,4.899486673529245,0.2825621763800359,1.054253703360584,81.23703931153072,NA,0.08299999999999841,33,686,343,171,172,140,84,75,0.563953488372093
Clip-IPCW,0.060000000000000005,0.04952723001018858,TRUE,FALSE,1,1,1.7674364464264065,0.9328126785523835,0.5709581098119835,0.8430232558139535,0,0.032812678552383456,1.1817115648999232,0.9247618490966962,-0.03831506810567265,1.2480445024763969,0.7866795744688989,1.7674364464264065,2.9578509792708014,0.40185630465585703,1.0608839440252453,80.70251705144628,0.10714285714285714,0.09700000000000841,33,686,343,171,172,140,84,75,0.563953488372093
H-AIPCW,0.06999999999999999,1.2108024579371955e-4,TRUE,FALSE,1,1,Inf,0.9039116276329363,0.5532682887107571,0.8255813953488372,0,0.003911627632936288,1.3231355850246487,1.0354348273782494,0.07472542850978857,1.3974070678243318,0.7734118617275596,9.7859682879507,13.239312118498264,1.508408001912022,1.6615791372783686,45.66453999953561,NA,0.29599999999999227,33,686,343,171,172,140,84,75,0.563953488372093
Clip-AIPCW,0.060000000000000005,0.04260767872740634,TRUE,FALSE,1,1,1.7674364464264065,0.9328126785523835,0.5709581098119835,0.8430232558139535,0,0.032812678552383456,1.1817115648999232,0.9247618490966962,-0.03831506810567265,1.2480445024763969,0.7866795744688989,1.7674364464264065,2.9578509792708014,0.40185630465585703,1.0608839440252453,80.70251705144628,0.10714285714285714,0.21099999999999852,33,686,343,171,172,140,84,75,0.563953488372093
Naive-Y,0.04,0.012280701754385942,TRUE,FALSE,1,1,Inf,0.9809777956088183,0.6034489258954882,0.9476744186046512,0,0.08097779560881824,0.7733321876041811,0.7205402899944467,-0.37975810989201453,0.3682893748717266,0.9598210820407267,1,1,0,0,171,NA,0.060000000000002274,34,686,343,171,172,136,80,83,0.5174418604651163
CC,0.05,0.025000000000000022,TRUE,FALSE,1,1,Inf,0.9619442506330803,0.5917404322649426,0.936046511627907,0,0.06194425063308029,0.905109868664708,0.8433221036162369,-0.22241046616606985,0.4310467779098474,0.9247176436574134,1,1,0.2504299965600275,1.0696687227691517,80,NA,0.0589999999999975,34,686,343,171,172,136,80,83,0.5174418604651163
HT-IPCW,0.34,0.01349972449291248,TRUE,FALSE,0,0,Inf,0.23612116506622643,0.1452500393772672,0.3430232558139535,0.6638788349337736,0.6638788349337736,3.826166825753596,3.5649716879581264,1.219151947889342,1.822162081184414,0,99.78723260323486,99.78723260323486,59.316818958679,5.882237373941623,4.830730476401992,NA,0.35299999999999443,34,686,343,171,172,136,80,83,0.5174418604651163
H-IPCW,0.09,0.011676309085742539,TRUE,FALSE,0,0,Inf,0.7800961144767324,0.4798764706840998,0.8081395348837209,0.11990388552326758,0.11990388552326758,1.3771065752361842,1.2830977256332874,0.19727308808252253,0.655829057493037,0,99.78723260323486,76.21291947618484,59.316818958679,5.882237373941623,4.830730476401992,NA,0.0759999999999934,34,686,343,171,172,136,80,83,0.5174418604651163
Stab-IPCW,0.05,0.027219241633384746,TRUE,FALSE,1,1,Inf,0.9619442506330803,0.5917404322649426,0.936046511627907,0,0.06194425063308029,0.905109868664708,0.8433221036162369,-0.22241046616606985,0.4310467779098474,0.9247176436574134,2.9359670308827748,6.090512514032238,0.29441996983028723,1.1256057355437337,75.67781486277815,NA,0.09500000000001307,34,686,343,171,172,136,80,83,0.5174418604651163
Clip-IPCW,0.060000000000000005,0.010249557116516456,TRUE,FALSE,1,1,2.082486613157107,0.9030169994505508,0.5554913075739989,0.8953488372093024,0,0.0030169994505507836,1.0299908248476861,0.959678000635905,-0.0931616310677076,0.49051970561572605,0.7886438692650997,2.082486613157107,3.4447597769761495,0.48135895983893623,1.1476547357769662,74.04491841043505,0.125,0.09199999999999875,34,686,343,171,172,136,80,83,0.5174418604651163
H-AIPCW,0.01,-0.7014280934563906,FALSE,TRUE,1,1,Inf,1,0.615150443360416,0.9825581395348837,0,0.09999999999999998,0.29437679034973097,0.27428101569567054,-1.3456062577172065,0.14019310954911243,1,99.78723260323486,76.21291947618484,59.316818958679,5.882237373941623,4.830730476401992,NA,0.20699999999999363,34,686,343,171,172,136,80,83,0.5174418604651163
Clip-AIPCW,0.05,0.012911306460406884,TRUE,FALSE,1,1,2.082486613157107,0.9619442506330803,0.5917404322649426,0.936046511627907,0,0.06194425063308029,0.905109868664708,0.8433221036162369,-0.22241046616606985,0.4310467779098474,0.9247176436574134,2.082486613157107,3.4447597769761495,0.48135895983893623,1.1476547357769662,74.04491841043505,0.125,0.21100000000001273,34,686,343,171,172,136,80,83,0.5174418604651163
Naive-Y,0.05,0.018128654970760213,TRUE,FALSE,1,1,Inf,0.9326056981066037,0.5653182678996698,0.8662790697674418,0,0.03260569810660363,0.8583966624880593,0.738762160592336,-0.26496813837770683,0.45466706788339806,0.8320887368683407,1,1,0,0,171,NA,0.06199999999999761,35,686,343,171,172,154,73,72,0.5813953488372093
CC,0.05,0.045205479452054775,TRUE,FALSE,1,1,Inf,0.9326056981066037,0.5653182678996698,0.8662790697674418,0,0.03260569810660363,0.8583966624880593,0.738762160592336,-0.26496813837770683,0.45466706788339806,0.8320887368683407,1,1,0.24609563123495012,1.162051036227645,73,NA,0.340999999999994,35,686,343,171,172,154,73,72,0.5813953488372093
HT-IPCW,0.01,-0.29428115217621265,FALSE,TRUE,1,1,Inf,1,0.6061707204313582,0.9476744186046512,0,0.09999999999999998,0.2712486722675764,0.2334448209541875,-1.4169984316485849,0.14367231826099888,1,10.5325283555856,10.5325283555856,1.1325744107723514,1.7569616616183057,42.02649136091277,NA,0.42799999999999727,35,686,343,171,172,154,73,72,0.5813953488372093
H-IPCW,0.060000000000000005,0.010167883335679946,TRUE,FALSE,1,1,Inf,0.9032867115162575,0.5475459566758824,0.8488372093023255,0,0.003286711516257479,0.9800790127343482,0.8434856758415021,-0.1324012479714879,0.5191185736002092,0.8320887368683407,10.5325283555856,17.388477167957745,1.1325744107723514,1.7569616616183057,42.02649136091277,NA,0.07399999999999807,35,686,343,171,172,154,73,72,0.5813953488372093
Stab-IPCW,0.05,0.046141948173359676,TRUE,FALSE,1,1,Inf,0.9326056981066037,0.5653182678996698,0.8662790697674418,0,0.03260569810660363,0.8583966624880593,0.738762160592336,-0.26496813837770683,0.45466706788339806,0.8320887368683407,2.615371573242648,6.052479994933659,0.2698602378838477,1.202179763259239,70.17444477590665,NA,0.08899999999999864,35,686,343,171,172,154,73,72,0.5813953488372093
Clip-IPCW,0.05,0.052779966890945114,TRUE,FALSE,1,1,1.6581605201322338,0.9326056981066037,0.5653182678996698,0.8662790697674418,0,0.03260569810660363,0.8583966624880593,0.738762160592336,-0.26496813837770683,0.45466706788339806,0.8320887368683407,1.6581605201322338,3.2320959355735295,0.3781439212036369,1.1986330107553578,70.41907786344565,0.1506849315068493,0.09499999999999886,35,686,343,171,172,154,73,72,0.5813953488372093
H-AIPCW,0.06999999999999999,0.016615906119647826,TRUE,FALSE,0,1,Inf,0.8936417383793316,0.5416994563609309,0.8372093023255814,0.006358261620668437,0.006358261620668437,1.0969865435470347,0.9440998369012171,-0.019712248018606375,0.5810410001087485,0.8000165740904907,10.5325283555856,17.388477167957745,1.1325744107723514,1.7569616616183057,42.02649136091277,NA,0.20199999999999818,35,686,343,171,172,154,73,72,0.5813953488372093
Clip-AIPCW,0.05,0.05406768182860903,TRUE,FALSE,1,1,1.6581605201322338,0.9326056981066037,0.5653182678996698,0.8662790697674418,0,0.03260569810660363,0.8583966624880593,0.738762160592336,-0.26496813837770683,0.45466706788339806,0.8320887368683407,1.6581605201322338,3.2320959355735295,0.3781439212036369,1.1986330107553578,70.41907786344565,0.1506849315068493,0.2079999999999984,35,686,343,171,172,154,73,72,0.5813953488372093
Naive-Y,0.04,5.847953216374047e-4,TRUE,FALSE,1,1,Inf,0.9598993201013977,0.7023834250979504,0.9186046511627907,0,0.059899320101397646,0.9412574286114508,0.6501506879529991,-0.3608208114222417,1.722554851980815,0.9113425937031271,1,1,0,0,171,NA,0.06200000000001182,36,686,343,171,172,146,73,80,0.5348837209302325
CC,0.09,0.004109589041095818,TRUE,FALSE,0,0,Inf,0.8381006392922943,0.6132601464294405,0.8197674418604651,0.06189936070770574,0.06189936070770574,1.7164588612515723,1.1856022333146397,0.23998116317592771,3.141217747450977,0.3999489872400839,1,1,0.24609563123495012,1.162051036227645,73,NA,0.06299999999998818,36,686,343,171,172,146,73,80,0.5348837209302325
HT-IPCW,0.01,-0.29616560137438774,FALSE,TRUE,1,1,Inf,0.9920077090176808,0.7258779726084265,0.9651162790697675,0,0.09200770901768074,0.3443230958024171,0.237832808336281,-1.366457034233485,0.630130930492072,0.9588449707924103,5.89869166003503,5.89869166003503,0.7892239392607364,1.47123576962583,54.253393175928935,NA,0.42199999999999704,36,686,343,171,172,146,73,80,0.5348837209302325
H-IPCW,0.09,0.02920346149440508,TRUE,FALSE,0,0,Inf,0.8381006392922943,0.6132601464294405,0.8197674418604651,0.06189936070770574,0.06189936070770574,1.7164588612515723,1.1856022333146397,0.23998116317592771,3.141217747450977,0.3999489872400839,5.89869166003503,9.768724129431916,0.7892239392607364,1.47123576962583,54.253393175928935,NA,0.08799999999999386,36,686,343,171,172,146,73,80,0.5348837209302325
Stab-IPCW,0.09,0.004308577981416669,TRUE,FALSE,0,0,Inf,0.8381006392922943,0.6132601464294405,0.8197674418604651,0.06189936070770574,0.06189936070770574,1.7164588612515723,1.1856022333146397,0.23998116317592771,3.141217747450977,0.3999489872400839,1.42626134365717,3.3446752025070254,0.2486933616281792,1.1694642096007386,72.4684174028666,NA,0.09600000000000364,36,686,343,171,172,146,73,80,0.5348837209302325
Clip-IPCW,0.09,0.018095145722627694,TRUE,FALSE,0,0,1.6664802554306772,0.8381006392922943,0.6132601464294405,0.8197674418604651,0.06189936070770574,0.06189936070770574,1.7164588612515723,1.1856022333146397,0.23998116317592771,3.141217747450977,0.3999489872400839,1.6664802554306772,3.192860474329943,0.38830557409320315,1.1938962292711044,70.74732250651148,0.1232876712328767,0.09099999999999397,36,686,343,171,172,146,73,80,0.5348837209302325
H-AIPCW,0.09,0.016703532496456727,TRUE,FALSE,0,0,Inf,0.8381006392922943,0.6132601464294405,0.8197674418604651,0.06189936070770574,0.06189936070770574,1.7164588612515723,1.1856022333146397,0.23998116317592771,3.141217747450977,0.3999489872400839,5.89869166003503,9.768724129431916,0.7892239392607364,1.47123576962583,54.253393175928935,NA,0.19299999999999784,36,686,343,171,172,146,73,80,0.5348837209302325
Clip-AIPCW,0.09,0.01861039415568616,TRUE,FALSE,0,0,1.6664802554306772,0.8381006392922943,0.6132601464294405,0.8197674418604651,0.06189936070770574,0.06189936070770574,1.7164588612515723,1.1856022333146397,0.23998116317592771,3.141217747450977,0.3999489872400839,1.6664802554306772,3.192860474329943,0.38830557409320315,1.1938962292711044,70.74732250651148,0.1232876712328767,0.5060000000000002,36,686,343,171,172,146,73,80,0.5348837209302325
Naive-Y,0.06999999999999999,5.847953216374047e-4,TRUE,FALSE,1,1,Inf,0.9418366493851047,0.4730720823110339,0.8837209302325582,0,0.041836649385104674,1.0101900269795943,0.8738003261980405,-0.07453559201509648,0.4634394210257883,0.8341494067287872,1,1,0,0,171,NA,0.09300000000000352,37,686,343,171,172,167,67,65,0.622093023255814
CC,0.06999999999999999,0.025373134328358193,TRUE,FALSE,1,1,Inf,0.9418366493851047,0.4730720823110339,0.8837209302325582,0,0.041836649385104674,1.0101900269795943,0.8738003261980405,-0.07453559201509648,0.4634394210257883,0.8341494067287872,1,1,0.23969728242174063,1.2495477671845348,67,NA,0.1460000000000008,37,686,343,171,172,167,67,65,0.622093023255814
HT-IPCW,0.01,-0.3121588518721998,FALSE,TRUE,1,1,Inf,1,0.5022867634423525,0.9593023255813954,0,0.09999999999999998,0.25520044651846435,0.22074483756334315,-1.4503800285279957,0.11707693010359606,1,8.466083507655965,8.466083507655965,1.070671239693294,1.7602245975082356,41.90897703781547,NA,0.3539999999999992,37,686,343,171,172,167,67,65,0.622093023255814
H-IPCW,0.09,0.008631361346505424,TRUE,FALSE,0,0,Inf,0.8708349039093558,0.4374088453772623,0.8430232558139535,0.029165096090644216,0.029165096090644216,1.2122743206691362,1.0486004301679737,0.10782414852701643,0.5561485406613343,0.7508158406398904,8.466083507655965,14.401991991576928,1.070671239693294,1.7602245975082356,41.90897703781547,NA,0.08500000000000796,37,686,343,171,172,167,67,65,0.622093023255814
Stab-IPCW,0.08,9.68979727687836e-4,TRUE,FALSE,1,1,Inf,0.9180815752707954,0.4611402230188243,0.8662790697674418,0,0.018081575270795347,1.1126910465578277,0.9624622828111811,0.022107396862348458,0.5104632600057875,0.7925628463644527,2.2402760961912733,5.4156738616745415,0.2893237316891339,1.3002982760437323,63.78483475781908,NA,0.10699999999999932,37,686,343,171,172,167,67,65,0.622093023255814
Clip-IPCW,0.08,0.016438993669216053,TRUE,FALSE,1,1,1.9442673105751276,0.9180815752707954,0.4611402230188243,0.8662790697674418,0,0.018081575270795347,1.1126910465578277,0.9624622828111811,0.022107396862348458,0.5104632600057875,0.7925628463644527,1.9442673105751276,3.89416430624507,0.42736658872891437,1.3093585260688085,63.230433921403694,0.1044776119402985,0.09300000000000352,37,686,343,171,172,167,67,65,0.622093023255814
H-AIPCW,0.01,-0.11636509704422984,FALSE,TRUE,1,1,Inf,1,0.5022867634423525,0.9593023255813954,0,0.09999999999999998,0.25520044651846435,0.22074483756334315,-1.4503800285279957,0.11707693010359606,1,8.466083507655965,14.401991991576928,1.070671239693294,1.7602245975082356,41.90897703781547,NA,0.2680000000000007,37,686,343,171,172,167,67,65,0.622093023255814
Clip-AIPCW,0.06999999999999999,0.021661749944933143,TRUE,FALSE,1,1,1.9442673105751276,0.9418366493851047,0.4730720823110339,0.8837209302325582,0,0.041836649385104674,1.0101900269795943,0.8738003261980405,-0.07453559201509648,0.4634394210257883,0.8341494067287872,1.9442673105751276,3.89416430624507,0.42736658872891437,1.3093585260688085,63.230433921403694,0.1044776119402985,0.2909999999999968,37,686,343,171,172,167,67,65,0.622093023255814
Naive-Y,0.03,5.847953216374047e-4,TRUE,FALSE,1,1,Inf,0.9611948626495701,0.5782008145452497,0.9418604651162791,0,0.06119486264957008,0.5901455333752473,0.5199227299667208,-0.6630438682560682,0.42992631148429755,0.9121547964610577,1,1,0,0,171,NA,0.0660000000000025,38,686,343,171,172,146,78,75,0.563953488372093
CC,0.05,0.03589743589743588,TRUE,FALSE,1,1,Inf,0.9514643835069128,0.5723475051021559,0.936046511627907,0,0.051464383506912736,0.8635602523887781,0.7608031892486333,-0.28234936938260685,0.6291113853400702,0.9121547964610577,1,1,0.24953560371517028,1.0951352733650423,78,NA,0.06900000000000261,38,686,343,171,172,146,78,75,0.563953488372093
HT-IPCW,0.01,-0.26387881627682674,FALSE,TRUE,1,1,Inf,1,0.6015438045012198,0.9883720930232558,0,0.09999999999999998,0.26255203981630937,0.23131035580138526,-1.4729637321736744,0.19127151468099002,1,9.858725094216405,9.858725094216405,1.2274769367375755,1.7416737727078127,42.582987518842245,NA,0.3610000000000042,38,686,343,171,172,146,78,75,0.563953488372093
H-IPCW,0.06999999999999999,0.0052181312860125235,TRUE,FALSE,1,1,Inf,0.921926976802192,0.5545794610978984,0.8837209302325582,0,0.021926976802192022,1.1126877127988812,0.9802863878848865,-0.028879311063579164,0.8106029735776139,0.8661103707461351,9.858725094216405,15.498187053784264,1.2274769367375755,1.7416737727078127,42.582987518842245,NA,0.08100000000000307,38,686,343,171,172,146,78,75,0.563953488372093
Stab-IPCW,0.05,0.03626266019561571,TRUE,FALSE,1,1,Inf,0.9514643835069128,0.5723475051021559,0.936046511627907,0,0.051464383506912736,0.8635602523887781,0.7608031892486333,-0.28234936938260685,0.6291113853400702,0.9121547964610577,1.9931627202505615,4.31095778741869,0.2642068435486952,1.1117395246230595,76.72507217197997,NA,0.09499999999999886,38,686,343,171,172,146,78,75,0.563953488372093
Clip-IPCW,0.060000000000000005,0.01105337301111277,TRUE,FALSE,1,1,1.9060167393472391,0.921926976802192,0.5545794610978984,0.9069767441860465,0,0.021926976802192022,0.9903619911983149,0.8725164912697831,-0.14534251750542165,0.7214875887900681,0.8661103707461351,1.9060167393472391,3.512675730998756,0.3827811074239534,1.1402145982956822,74.59149807127235,0.038461538461538464,0.09199999999999875,38,686,343,171,172,146,78,75,0.563953488372093
H-AIPCW,0.01,-0.022914369282723335,FALSE,TRUE,1,1,Inf,1,0.6015438045012198,0.9883720930232558,0,0.09999999999999998,0.26255203981630937,0.23131035580138526,-1.4729637321736744,0.19127151468099002,1,9.858725094216405,15.498187053784264,1.2274769367375755,1.7416737727078127,42.582987518842245,NA,0.2669999999999959,38,686,343,171,172,146,78,75,0.563953488372093
Clip-AIPCW,0.05,0.03337328691123725,TRUE,FALSE,1,1,1.9060167393472391,0.9514643835069128,0.5723475051021559,0.936046511627907,0,0.051464383506912736,0.8635602523887781,0.7608031892486333,-0.28234936938260685,0.6291113853400702,0.9121547964610577,1.9060167393472391,3.512675730998756,0.3827811074239534,1.1402145982956822,74.59149807127235,0.038461538461538464,0.23999999999999488,38,686,343,171,172,146,78,75,0.563953488372093
Naive-Y,0.03,0.012280701754385942,TRUE,FALSE,1,1,Inf,0.9822503843497292,0.6459084137120916,0.9186046511627907,0,0.0822503843497292,0.8665833852262407,0.5041817992789942,-0.5855527501404,3.311024848612364,0.9563564426659444,1,1,0,0,171,NA,0.06799999999999784,39,686,343,171,172,139,84,76,0.5581395348837209
CC,0.04,0.004761904761904745,TRUE,FALSE,1,1,Inf,0.9555712860879897,0.6283647666827069,0.9011627906976745,0,0.05557128608798967,1.0606991683736566,0.6171191651277108,-0.3834275244190977,4.052698636116548,0.9139701330282923,1,1,0.2513931888544892,1.0206893370115493,84,NA,0.060000000000002274,39,686,343,171,172,139,84,76,0.5581395348837209
HT-IPCW,0.02,0.013056375605077553,TRUE,FALSE,1,1,Inf,1,0.6575802096933735,0.936046511627907,0,0.09999999999999998,0.652730787067687,0.37976147278967615,-0.8689463135784293,2.4939410243495344,1,45.20245269220688,45.20245269220688,12.479548406756372,3.818788465792009,11.03377873653283,NA,0.3649999999999949,39,686,343,171,172,139,84,76,0.5581395348837209
H-IPCW,0.060000000000000005,0.011560104908213168,TRUE,FALSE,1,1,Inf,0.9555712860879897,0.6283647666827069,0.9011627906976745,0,0.05557128608798967,1.4134038132484006,0.8223241869394102,-0.09635496071585256,5.400305644640484,0.9139701330282923,45.20245269220688,48.8639046043051,12.479548406756372,3.818788465792009,11.03377873653283,NA,0.08400000000000318,39,686,343,171,172,139,84,76,0.5581395348837209
Stab-IPCW,0.04,0.004264991364376226,TRUE,FALSE,1,1,Inf,0.9555712860879897,0.6283647666827069,0.9011627906976745,0,0.05557128608798967,1.0606991683736566,0.6171191651277108,-0.3834275244190977,4.052698636116548,0.9139701330282923,1.8908924509818754,3.781930957523948,0.26849131770653356,1.0363629804392578,82.69789578227346,NA,0.07400000000001228,39,686,343,171,172,139,84,76,0.5581395348837209
Clip-IPCW,0.04,0.016722490112276646,TRUE,FALSE,1,1,2.074009481466822,0.9555712860879897,0.6283647666827069,0.9011627906976745,0,0.05557128608798967,1.0606991683736566,0.6171191651277108,-0.3834275244190977,4.052698636116548,0.9139701330282923,2.074009481466822,3.363783350472428,0.4444792165154204,1.081292046279134,79.08044312260509,0.05952380952380952,0.09199999999999875,39,686,343,171,172,139,84,76,0.5581395348837209
H-AIPCW,0.01,-0.09463921375382112,FALSE,TRUE,1,1,Inf,1,0.6575802096933735,0.9593023255813954,0,0.09999999999999998,0.4031186674130844,0.23453610872797628,-1.350880108210903,1.5402279197815036,1,45.20245269220688,48.8639046043051,12.479548406756372,3.818788465792009,11.03377873653283,NA,0.23799999999999955,39,686,343,171,172,139,84,76,0.5581395348837209
Clip-AIPCW,0.03,0.030435112762599692,TRUE,FALSE,1,1,2.074009481466822,0.9822503843497292,0.6459084137120916,0.9186046511627907,0,0.0822503843497292,0.8665833852262407,0.5041817992789942,-0.5855527501404,3.311024848612364,0.9563564426659444,2.074009481466822,3.363783350472428,0.4444792165154204,1.081292046279134,79.08044312260509,0.05952380952380952,0.2909999999999968,39,686,343,171,172,139,84,76,0.5581395348837209
Naive-Y,0.03,0.02397660818713448,TRUE,FALSE,1,1,Inf,0.9754486709114578,0.5808377660385782,0.936046511627907,0,0.0754486709114578,0.9256531970052406,0.4689216020379801,-0.5762481781465933,3.5933153308946544,0.8587372535200066,1,1,0,0,171,NA,0.06299999999998818,40,686,343,171,172,146,78,75,0.563953488372093
CC,0.05,0.01025641025641022,TRUE,FALSE,1,1,Inf,0.9255949268490856,0.5511520037905349,0.9011627906976745,0,0.025594926849085597,1.3277164620028252,0.6726006375053215,-0.21553202565829618,5.15409435567363,0.7590276269165623,1,1,0.24953560371517028,1.0951352733650423,78,NA,0.07000000000000739,40,686,343,171,172,146,78,75,0.563953488372093
HT-IPCW,0.11,0.011704927589057834,TRUE,FALSE,0,0,Inf,0.7313490007435623,0.4354869020319739,0.7790697674418605,0.16865099925643767,0.16865099925643767,2.3430030296054976,1.1869291196497975,0.3524409061817078,9.095359616163453,0.445561986862573,54.194722237338596,54.194722237338596,18.8064127227524,4.253599949421548,9.00601751085362,NA,0.3819999999999908,40,686,343,171,172,146,78,75,0.563953488372093
H-IPCW,0.09999999999999999,0.014828667445366657,TRUE,FALSE,0,0,Inf,0.7820421066315091,0.46567246817765245,0.813953488372093,0.11795789336849094,0.11795789336849094,2.1851220431310794,1.1069490522245007,0.28267913557905305,8.482477630781958,0.511793058612986,54.194722237338596,53.15702357559842,18.8064127227524,4.253599949421548,9.00601751085362,NA,0.07800000000000296,40,686,343,171,172,146,78,75,0.563953488372093
Stab-IPCW,0.05,0.010756538247355951,TRUE,FALSE,1,1,Inf,0.9255949268490856,0.5511520037905349,0.9011627906976745,0,0.025594926849085597,1.3277164620028252,0.6726006375053215,-0.21553202565829618,5.15409435567363,0.7590276269165623,2.041967120826862,4.423127666338504,0.26481581121533204,1.1146863570006111,76.50118673076089,NA,0.09000000000000341,40,686,343,171,172,146,78,75,0.563953488372093
Clip-IPCW,0.05,0.024839389882365576,TRUE,FALSE,1,1,1.6897589207745938,0.9255949268490856,0.5511520037905349,0.9011627906976745,0,0.025594926849085597,1.3277164620028252,0.6726006375053215,-0.21553202565829618,5.15409435567363,0.7590276269165623,1.6897589207745938,2.9746731746488853,0.41229963754482923,1.1303709443412524,75.32155973030792,0.11538461538461539,0.09099999999999397,40,686,343,171,172,146,78,75,0.563953488372093
H-AIPCW,0.01,-17.276796523187688,FALSE,TRUE,1,1,Inf,1,0.5954570274782826,0.9534883720930233,0,0.09999999999999998,0.4296982903542391,0.21767851216609604,-1.3436645132938796,1.668056092048876,1,54.194722237338596,53.15702357559842,18.8064127227524,4.253599949421548,9.00601751085362,NA,0.20400000000000773,40,686,343,171,172,146,78,75,0.563953488372093
Clip-AIPCW,0.05,2.469452732070422e-4,TRUE,FALSE,1,1,1.6897589207745938,0.9255949268490856,0.5511520037905349,0.9011627906976745,0,0.025594926849085597,1.3277164620028252,0.6726006375053215,-0.21553202565829618,5.15409435567363,0.7590276269165623,1.6897589207745938,2.9746731746488853,0.41229963754482923,1.1303709443412524,75.32155973030792,0.11538461538461539,0.21300000000000807,40,686,343,171,172,146,78,75,0.563953488372093
Naive-Y,0.05,0.006432748538011674,TRUE,FALSE,1,1,Inf,0.9437596200199827,0.5880053051928741,0.9127906976744186,0,0.04375962001998268,0.9350862125187153,0.8163925235903803,-0.20220828420387854,0.655710243751716,0.9055945999247356,1,1,0,0,171,NA,0.06300000000000239,41,686,343,171,172,146,80,73,0.5755813953488372
CC,0.05,0.03749999999999998,TRUE,FALSE,1,1,Inf,0.9437596200199827,0.5880053051928741,0.9127906976744186,0,0.04375962001998268,0.9350862125187153,0.8163925235903803,-0.20220828420387854,0.655710243751716,0.9055945999247356,1,1,0.2504299965600275,1.0696687227691517,80,NA,0.06900000000000261,41,686,343,171,172,146,80,73,0.5755813953488372
HT-IPCW,0.01,-0.15766201112863032,FALSE,TRUE,1,1,Inf,0.9906637365626547,0.6172287099427956,0.9767441860465116,0,0.0906637365626547,0.31352909025370795,0.27373177123611775,-1.2949548674983002,0.21985591642909394,0.958580982444629,20.115594084938014,20.115594084938014,3.155077885130004,2.3927832302571326,25.553167620912202,NA,0.3650000000000091,41,686,343,171,172,146,80,73,0.5755813953488372
H-IPCW,0.060000000000000005,3.901906686432095e-4,TRUE,FALSE,1,1,Inf,0.9331264987323857,0.5813803854620067,0.9011627906976745,0,0.03312649873238571,1.0603811549082383,0.9257833507045665,-0.07646331256943888,0.7435707812242938,0.8958640782604488,20.115594084938014,27.097621819841404,3.155077885130004,2.3927832302571326,25.553167620912202,NA,0.09099999999999397,41,686,343,171,172,146,80,73,0.5755813953488372
Stab-IPCW,0.05,0.03693755413873978,TRUE,FALSE,1,1,Inf,0.9437596200199827,0.5880053051928741,0.9127906976744186,0,0.04375962001998268,0.9350862125187153,0.8163925235903803,-0.20220828420387854,0.655710243751716,0.9055945999247356,1.571221687602758,3.364196201908319,0.2578730010590735,1.087293491488563,78.61007658621156,NA,0.1039999999999992,41,686,343,171,172,146,80,73,0.5755813953488372
Clip-IPCW,0.05,0.04502394729823153,TRUE,FALSE,1,1,1.6970942343957245,0.9437596200199827,0.5880053051928741,0.9127906976744186,0,0.04375962001998268,0.9350862125187153,0.8163925235903803,-0.20220828420387854,0.655710243751716,0.9055945999247356,1.6970942343957245,3.047731677210474,0.37481507598975994,1.0994596525604714,77.66575952711734,0.0875,0.09700000000000841,41,686,343,171,172,146,80,73,0.5755813953488372
H-AIPCW,0.05,0.006912984485394694,TRUE,FALSE,1,1,Inf,0.9437596200199827,0.5880053051928741,0.9127906976744186,0,0.04375962001998268,0.9350862125187153,0.8163925235903803,-0.20220828420387854,0.655710243751716,0.9055945999247356,20.115594084938014,27.097621819841404,3.155077885130004,2.3927832302571326,25.553167620912202,NA,0.21299999999999386,41,686,343,171,172,146,80,73,0.5755813953488372
Clip-AIPCW,0.05,0.028708374281237913,TRUE,FALSE,1,1,1.6970942343957245,0.9437596200199827,0.5880053051928741,0.9127906976744186,0,0.04375962001998268,0.9350862125187153,0.8163925235903803,-0.20220828420387854,0.655710243751716,0.9055945999247356,1.6970942343957245,3.047731677210474,0.37481507598975994,1.0994596525604714,77.66575952711734,0.0875,0.2469999999999999,41,686,343,171,172,146,80,73,0.5755813953488372
Naive-Y,0.04,0.012280701754385942,TRUE,FALSE,1,1,Inf,0.9762078953093042,0.4777290281369299,0.9302325581395349,0,0.07620789530930416,0.7707353999504587,0.626745385144732,-0.4748461492283824,0.7506193797649336,0.9017130223949393,1,1,0,0,171,NA,0.09299999999998931,42,686,343,171,172,149,91,59,0.6569767441860465
CC,0.06999999999999999,0.012087912087912045,TRUE,FALSE,1,1,Inf,0.9140929544056743,0.44733170140636513,0.8953488372093024,0,0.014092954405674263,1.1592764316749957,0.9426985625755069,-0.06663994948239214,1.1290195781534413,0.7956377370371858,1,1,0.2504299965600275,0.9403681079289244,91,NA,0.0660000000000025,42,686,343,171,172,149,91,59,0.6569767441860465
HT-IPCW,0.01,-0.12353199174742491,FALSE,TRUE,1,1,Inf,1,0.48937222330655816,0.9767441860465116,0,0.09999999999999998,0.2851152647537078,0.231849576949743,-1.4692977369244997,0.2776738206195009,1,11.78479370835519,11.78479370835519,1.4636326289969748,1.541188411657294,50.87209495683603,NA,0.3580000000000041,42,686,343,171,172,149,91,59,0.6569767441860465
H-IPCW,0.06999999999999999,0.03513832900892706,TRUE,FALSE,1,1,Inf,0.9140929544056743,0.44733170140636513,0.8953488372093024,0,0.014092954405674263,1.1592764316749957,0.9426985625755069,-0.06663994948239214,1.1290195781534413,0.7956377370371858,11.78479370835519,15.012799279440781,1.4636326289969748,1.541188411657294,50.87209495683603,NA,0.08199999999999363,42,686,343,171,172,149,91,59,0.6569767441860465
Stab-IPCW,0.06999999999999999,0.011713430621787865,TRUE,FALSE,1,1,Inf,0.9140929544056743,0.44733170140636513,0.8953488372093024,0,0.014092954405674263,1.1592764316749957,0.9426985625755069,-0.06663994948239214,1.1290195781534413,0.7956377370371858,2.5310644420201767,4.65860433991849,0.279091763316344,0.9723578710871679,88.1465695624121,NA,0.09900000000000375,42,686,343,171,172,149,91,59,0.6569767441860465
Clip-IPCW,0.06999999999999999,0.021462299320976846,TRUE,FALSE,1,1,1.5687752836850766,0.9140929544056743,0.44733170140636513,0.8953488372093024,0,0.014092954405674263,1.1592764316749957,0.9426985625755069,-0.06663994948239214,1.1290195781534413,0.7956377370371858,1.5687752836850766,2.4198613402481453,0.39718789851101466,0.9721376134858023,88.16592044180595,0.2087912087912088,0.09799999999999898,42,686,343,171,172,149,91,59,0.6569767441860465
H-AIPCW,0.01,-0.14241324346566003,FALSE,TRUE,1,1,Inf,1,0.48937222330655816,0.9767441860465116,0,0.09999999999999998,0.2851152647537078,0.231849576949743,-1.4692977369244997,0.2776738206195009,1,11.78479370835519,15.012799279440781,1.4636326289969748,1.541188411657294,50.87209495683603,NA,0.20300000000000296,42,686,343,171,172,149,91,59,0.6569767441860465
Clip-AIPCW,0.06999999999999999,0.012317240249619296,TRUE,FALSE,1,1,1.5687752836850766,0.9140929544056743,0.44733170140636513,0.8953488372093024,0,0.014092954405674263,1.1592764316749957,0.9426985625755069,-0.06663994948239214,1.1290195781534413,0.7956377370371858,1.5687752836850766,2.4198613402481453,0.39718789851101466,0.9721376134858023,88.16592044180595,0.2087912087912088,0.22799999999999443,42,686,343,171,172,149,91,59,0.6569767441860465
Naive-Y,0.09,5.847953216374047e-4,TRUE,FALSE,1,1,Inf,0.9099176033590048,0.545513417086497,0.8895348837209303,0,0.009917603359004823,1.2028320866440239,1.0857585926779671,0.03995771626314357,0.970727774796033,0.8362587458676456,1,1,0,0,171,NA,0.07200000000000273,43,686,343,171,172,158,68,73,0.5755813953488372
CC,0.06999999999999999,0.04117647058823526,TRUE,FALSE,1,1,Inf,0.9610036931749818,0.576140528066903,0.9244186046511628,0,0.06100369317498178,0.9964802376185008,0.8994912859755355,-0.14824710345655526,0.8041945791373819,0.9187329771563927,1,1,0.2409356725146199,1.234348377466839,68,NA,0.08399999999998897,43,686,343,171,172,158,68,73,0.5755813953488372
HT-IPCW,0.01,-0.3316168007328619,FALSE,TRUE,1,1,Inf,1,0.5995195774570222,0.9767441860465116,0,0.09999999999999998,0.24087681595067714,0.2174319055829756,-1.5681907454385584,0.1943960575579115,1,9.281474236842504,9.281474236842504,1.1010598462499657,1.8461382914766578,38.96729431181072,NA,0.45000000000000284,43,686,343,171,172,158,68,73,0.5755813953488372
H-IPCW,0.09,0.0037017126922742343,TRUE,FALSE,1,1,Inf,0.9099176033590048,0.545513417086497,0.8895348837209303,0,0.009917603359004823,1.2028320866440239,1.0857585926779671,0.03995771626314357,0.970727774796033,0.8362587458676456,9.281474236842504,16.32960694265744,1.1010598462499657,1.8461382914766578,38.96729431181072,NA,0.1280000000000001,43,686,343,171,172,158,68,73,0.5755813953488372
Stab-IPCW,0.06999999999999999,0.04102693136535869,TRUE,FALSE,1,1,Inf,0.9610036931749818,0.576140528066903,0.9244186046511628,0,0.06100369317498178,0.9964802376185008,0.8994912859755355,-0.14824710345655526,0.8041945791373819,0.9187329771563927,1.8220614808761832,4.5809223733400595,0.24709375609250056,1.2497432247250027,66.98725344194669,NA,0.09799999999999898,43,686,343,171,172,158,68,73,0.5755813953488372
Clip-IPCW,0.08,0.010797123523436017,TRUE,FALSE,1,1,1.8703848924352011,0.9300440747872959,0.5575796307328869,0.9069767441860465,0,0.03004407478729587,1.1009953822221252,0.993833811069771,-0.04850646857310084,0.8885419746550969,0.8362587458676456,1.8703848924352011,3.925370175877878,0.37202442006534187,1.2800748257375196,65.04351642289707,0.08823529411764706,0.09999999999999432,43,686,343,171,172,158,68,73,0.5755813953488372
H-AIPCW,0.09,0.0011415884338845956,TRUE,FALSE,1,1,Inf,0.9099176033590048,0.545513417086497,0.8895348837209303,0,0.009917603359004823,1.2028320866440239,1.0857585926779671,0.03995771626314357,0.970727774796033,0.8362587458676456,9.281474236842504,16.32960694265744,1.1010598462499657,1.8461382914766578,38.96729431181072,NA,0.2049999999999983,43,686,343,171,172,158,68,73,0.5755813953488372
Clip-AIPCW,0.08,0.01662198310821037,TRUE,FALSE,1,1,1.8703848924352011,0.9300440747872959,0.5575796307328869,0.9069767441860465,0,0.03004407478729587,1.1009953822221252,0.993833811069771,-0.04850646857310084,0.8885419746550969,0.8362587458676456,1.8703848924352011,3.925370175877878,0.37202442006534187,1.2800748257375196,65.04351642289707,0.08823529411764706,0.2120000000000033,43,686,343,171,172,158,68,73,0.5755813953488372
Naive-Y,0.05,5.847953216374047e-4,TRUE,FALSE,0,1,Inf,0.8999118117524482,0.5669320480196297,0.877906976744186,8.818824755185695e-5,8.818824755185695e-5,1.3505257775613362,0.7218366844804465,-0.1592785104776145,3.4163300963607486,0.7637618806154086,1,1,0,0,171,NA,0.07899999999999352,44,686,343,171,172,147,73,79,0.5406976744186046
CC,0.04,0.017808219178082174,TRUE,FALSE,1,1,Inf,0.9399717278052475,0.5921692434366795,0.9011627906976745,0,0.03997172780524749,1.1560205226311933,0.6178764116255866,-0.31478896873267775,2.9243038297329065,0.7637618806154086,1,1,0.24609563123495012,1.162051036227645,73,NA,0.06900000000000261,44,686,343,171,172,147,73,79,0.5406976744186046
HT-IPCW,0.01,-0.07445065048376487,FALSE,TRUE,1,1,Inf,0.9862660567665437,0.6213340331271408,0.9593023255813954,0,0.08626605676654364,0.44504164536808016,0.2378683851027995,-1.2693599080643483,1.1257905568824493,0.7637618806154086,23.62532528629939,23.62532528629939,5.760146046362349,2.885839161153284,18.427984083898433,NA,0.3850000000000051,44,686,343,171,172,147,73,79,0.5406976744186046
H-IPCW,0.060000000000000005,0.015428672674223577,TRUE,FALSE,0,1,Inf,0.8808945776344482,0.5549514524263892,0.8662790697674418,0.019105422365551794,0.019105422365551794,1.5345446802651013,0.8201921522666829,-0.03153878016371664,3.881829775116492,0.7637618806154086,23.62532528629939,28.407510239797336,5.760146046362349,2.885839161153284,18.427984083898433,NA,0.09600000000000364,44,686,343,171,172,147,73,79,0.5406976744186046
Stab-IPCW,0.05,0.002078970178832843,TRUE,FALSE,0,1,Inf,0.8999118117524482,0.5669320480196297,0.877906976744186,8.818824755185695e-5,8.818824755185695e-5,1.3505257775613362,0.7218366844804465,-0.1592785104776145,3.4163300963607486,0.7637618806154086,6.6603012144091345,13.77176818339103,0.5252189575634882,1.498532028574561,52.90078701107536,NA,0.07900000000000773,44,686,343,171,172,147,73,79,0.5406976744186046
Clip-IPCW,0.05,0.004278396603724257,TRUE,FALSE,0,1,1.6176682229061763,0.8999118117524482,0.5669320480196297,0.877906976744186,8.818824755185695e-5,8.818824755185695e-5,1.3505257775613362,0.7218366844804465,-0.1592785104776145,3.4163300963607486,0.7637618806154086,1.6176682229061763,3.122872017948391,0.38338157490353364,1.1953094428777176,70.6492075194575,0.1506849315068493,0.09799999999999898,44,686,343,171,172,147,73,79,0.5406976744186046
H-AIPCW,0.02,0.01173361722168037,TRUE,FALSE,1,1,Inf,0.9770329045088102,0.6155172743616787,0.9418604651162791,0,0.07703290450881017,0.716003247390793,0.38269348039180984,-0.7938430685362241,1.8112230686704558,0.7637618806154086,23.62532528629939,28.407510239797336,5.760146046362349,2.885839161153284,18.427984083898433,NA,0.2190000000000083,44,686,343,171,172,147,73,79,0.5406976744186046
Clip-AIPCW,0.04,0.012756766508799911,TRUE,FALSE,1,1,1.6176682229061763,0.9399717278052475,0.5921692434366795,0.9011627906976745,0,0.03997172780524749,1.1560205226311933,0.6178764116255866,-0.31478896873267775,2.9243038297329065,0.7637618806154086,1.6176682229061763,3.122872017948391,0.38338157490353364,1.1953094428777176,70.6492075194575,0.1506849315068493,0.2150000000000034,44,686,343,171,172,147,73,79,0.5406976744186046
Naive-Y,0.04,0.006432748538011674,TRUE,FALSE,1,1,Inf,0.9657699787002743,0.6593221619420632,0.9302325581395349,0,0.06576997870027423,0.7223933034591189,0.6290043595225472,-0.4807720114724397,0.4934753638410616,0.945451557714102,1,1,0,0,171,NA,0.06300000000000239,45,686,343,171,172,147,71,81,0.5290697674418605
CC,0.060000000000000005,0.0014084507042253502,TRUE,FALSE,1,1,Inf,0.9481450099525619,0.6472897600708207,0.9069767441860465,0,0.04814500995256188,0.9673279520797518,0.842274556024611,-0.18880416189749563,0.660793103729537,0.9166595407990528,1,1,0.24423804609563124,1.1902670743861876,71,NA,0.07299999999999329,45,686,343,171,172,147,71,81,0.5290697674418605
HT-IPCW,0.01,-0.24421395552241243,FALSE,TRUE,1,1,Inf,0.991477219731946,0.6768722557618958,0.9941860465116279,0,0.091477219731946,0.2700534027307624,0.2351416697914622,-1.464722016347891,0.1844766563185913,0.9616372919032133,12.6226182868422,12.6226182868422,1.793578033253167,2.0421985700358682,33.228494053615364,NA,0.37599999999999056,45,686,343,171,172,147,71,81,0.5290697674418605
H-IPCW,0.06999999999999999,0.00734935861926241,TRUE,FALSE,1,1,Inf,0.9133825199147135,0.6235577321638353,0.872093023255814,0,0.013382519914713509,1.0818904461561685,0.9420267379271665,-0.07687654064234664,0.7390520911484293,0.8335133170523968,12.6226182868422,19.24807396122257,1.793578033253167,2.0421985700358682,33.228494053615364,NA,0.10200000000000387,45,686,343,171,172,147,71,81,0.5290697674418605
Stab-IPCW,0.060000000000000005,0.0018869035014800373,TRUE,FALSE,1,1,Inf,0.9481450099525619,0.6472897600708207,0.9069767441860465,0,0.04814500995256188,0.9673279520797518,0.842274556024611,-0.18880416189749563,0.660793103729537,0.9166595407990528,2.3562616834261254,5.6456635129580786,0.26275283931981813,1.2281889284117584,68.41021473187006,NA,0.08299999999999841,45,686,343,171,172,147,71,81,0.5290697674418605
Clip-IPCW,0.060000000000000005,0.01706580526590302,TRUE,FALSE,1,1,1.6640109838865578,0.9481450099525619,0.6472897600708207,0.9069767441860465,0,0.04814500995256188,0.9673279520797518,0.842274556024611,-0.18880416189749563,0.660793103729537,0.9166595407990528,1.6640109838865578,3.270289019456906,0.3909720920950294,1.2288611845153659,68.3653027558005,0.15492957746478872,0.10200000000000387,45,686,343,171,172,147,71,81,0.5290697674418605
H-AIPCW,0.01,-13.082027689426061,FALSE,TRUE,1,1,Inf,0.991477219731946,0.6768722557618958,0.9941860465116279,0,0.091477219731946,0.2700534027307624,0.2351416697914622,-1.464722016347891,0.1844766563185913,0.9616372919032133,12.6226182868422,19.24807396122257,1.793578033253167,2.0421985700358682,33.228494053615364,NA,0.23099999999999454,45,686,343,171,172,147,71,81,0.5290697674418605
Clip-AIPCW,0.05,0.004101916867506092,TRUE,FALSE,1,1,1.6640109838865578,0.9571659523185848,0.6534482733345333,0.9244186046511628,0,0.05716595231858479,0.8479879062921273,0.7383624506568123,-0.3204753694382874,0.5792705145335124,0.9229088790899649,1.6640109838865578,3.270289019456906,0.3909720920950294,1.2288611845153659,68.3653027558005,0.15492957746478872,0.242999999999995,45,686,343,171,172,147,71,81,0.5290697674418605
Naive-Y,0.05,0.018128654970760213,TRUE,FALSE,1,1,Inf,0.9540285315554896,0.6070302574297103,0.9011627906976745,0,0.05402853155548959,1.0849032025707261,0.8831454571999711,-0.20777384689165504,2.08487124273313,0.9029414692666533,1,1,0,0,171,NA,0.06499999999999773,46,686,343,171,172,154,78,67,0.6104651162790697
CC,0.05,0.023076923076923106,TRUE,FALSE,1,1,Inf,0.9540285315554896,0.6070302574297103,0.9011627906976745,0,0.05402853155548959,1.0849032025707261,0.8831454571999711,-0.20777384689165504,2.08487124273313,0.9029414692666533,1,1,0.24953560371517028,1.0951352733650423,78,NA,0.0589999999999975,46,686,343,171,172,154,78,67,0.6104651162790697
HT-IPCW,0.01,-0.134226337596833,FALSE,TRUE,1,1,Inf,1,0.636281030756996,0.9709302325581395,0,0.09999999999999998,0.3593261013372247,0.29250279038480287,-1.312789558216287,0.6905211945786957,1,14.41297199415346,14.41297199415346,2.9240867009918015,2.2330307182808355,28.70444356381031,NA,0.4240000000000066,46,686,343,171,172,154,78,67,0.6104651162790697
H-IPCW,0.06999999999999999,0.01236779287123016,TRUE,FALSE,1,1,Inf,0.9352200645026247,0.5950627866263544,0.8895348837209303,0,0.035220064502624715,1.372642505589837,1.1173743337643276,0.02747310253729872,2.6378232451303307,0.8714018570769343,14.41297199415346,18.821451692295565,2.9240867009918015,2.2330307182808355,28.70444356381031,NA,0.0969999999999942,46,686,343,171,172,154,78,67,0.6104651162790697
Stab-IPCW,0.05,0.031791079441465975,TRUE,FALSE,1,1,Inf,0.9540285315554896,0.6070302574297103,0.9011627906976745,0,0.05402853155548959,1.0849032025707261,0.8831454571999711,-0.20777384689165504,2.08487124273313,0.9029414692666533,3.5830451242366865,7.05374964636018,0.40337388674413455,1.2503213692955832,66.94956707032962,NA,0.1349999999999909,46,686,343,171,172,154,78,67,0.6104651162790697
Clip-IPCW,0.05,0.033210661519621994,TRUE,FALSE,1,1,1.6077769422027128,0.9540285315554896,0.6070302574297103,0.9011627906976745,0,0.05402853155548959,1.0849032025707261,0.8831454571999711,-0.20777384689165504,2.08487124273313,0.9029414692666533,1.6077769422027128,2.982672068001804,0.3662246555712109,1.122673575724349,75.89795196407859,0.08974358974358974,0.13800000000000523,46,686,343,171,172,154,78,67,0.6104651162790697
H-AIPCW,0.01,-6.486275725011488,FALSE,TRUE,1,1,Inf,1,0.636281030756996,0.9709302325581395,0,0.09999999999999998,0.3593261013372247,0.29250279038480287,-1.312789558216287,0.6905211945786957,1,14.41297199415346,18.821451692295565,2.9240867009918015,2.2330307182808355,28.70444356381031,NA,0.27000000000001023,46,686,343,171,172,154,78,67,0.6104651162790697
Clip-AIPCW,0.05,0.01021255663261289,TRUE,FALSE,1,1,1.6077769422027128,0.9540285315554896,0.6070302574297103,0.9011627906976745,0,0.05402853155548959,1.0849032025707261,0.8831454571999711,-0.20777384689165504,2.08487124273313,0.9029414692666533,1.6077769422027128,2.982672068001804,0.3662246555712109,1.122673575724349,75.89795196407859,0.08974358974358974,0.2120000000000033,46,686,343,171,172,154,78,67,0.6104651162790697
Naive-Y,0.05,0.012280701754385942,TRUE,FALSE,1,1,Inf,0.9321837945883366,0.607197704702592,0.9127906976744186,0,0.032183794588336534,0.981518899331146,0.6669112037495655,-0.2748132604411183,1.3593389075479774,0.6688066717367749,1,1,0,0,171,NA,0.06799999999999784,47,686,343,171,172,152,71,76,0.5581395348837209
CC,0.06999999999999999,0.015492957746478853,TRUE,FALSE,1,1,Inf,0.9051011014885351,0.5895568175912406,0.8895348837209303,0,0.0051011014885350425,1.2492947543407162,0.8488564703370924,-0.0335800549810664,1.730190796864098,0.6688066717367749,1,1,0.24423804609563124,1.1902670743861876,71,NA,0.06300000000000239,47,686,343,171,172,152,71,76,0.5581395348837209
HT-IPCW,0.01,-0.17320782419319447,FALSE,TRUE,1,1,Inf,0.9774771982179025,0.6367005247276771,0.9593023255813954,0,0.07747719821790244,0.31607090340655775,0.214760232130755,-1.4079479632444187,0.43773734447411544,0.8047606083782473,31.748218648041075,31.748218648041075,6.310879102734888,3.4564850827813483,13.27905545084437,NA,0.3959999999999866,47,686,343,171,172,152,71,76,0.5581395348837209
H-IPCW,0.09999999999999999,0.013265951083574376,TRUE,FALSE,0,0,Inf,0.8474253252643535,0.5519884763010672,0.8430232558139535,0.052574674735646476,0.052574674735646476,1.6189313208499114,1.100012884837609,0.22560700252389246,2.2421130500685913,0.5162131629122012,31.748218648041075,43.6826643225729,6.310879102734888,3.4564850827813483,13.27905545084437,NA,0.12300000000000466,47,686,343,171,172,152,71,76,0.5581395348837209
Stab-IPCW,0.06999999999999999,0.016531172843996845,TRUE,FALSE,1,1,Inf,0.9051011014885351,0.5895568175912406,0.8895348837209303,0,0.0051011014885350425,1.2492947543407162,0.8488564703370924,-0.0335800549810664,1.730190796864098,0.6688066717367749,2.176841540610718,5.1887567333915605,0.26095593433668934,1.2176432966412523,69.11926335927059,NA,0.09600000000000364,47,686,343,171,172,152,71,76,0.5581395348837209
Clip-IPCW,0.08,8.741952896883872e-4,TRUE,FALSE,0,0,1.7188541563153088,0.8668754385689214,0.564657720524471,0.8604651162790697,0.03312456143107867,0.03312456143107867,1.3759143186598524,0.9348904795811985,0.06295921860749022,1.9055505381315003,0.5162131629122012,1.7188541563153088,3.3871306403905925,0.38790518869047824,1.2273140708611934,68.4687136232876,0.1267605633802817,0.1360000000000099,47,686,343,171,172,152,71,76,0.5581395348837209
H-AIPCW,0.01,-0.3781435586957614,FALSE,TRUE,1,1,Inf,0.9774771982179025,0.6367005247276771,0.9593023255813954,0,0.07747719821790244,0.31607090340655775,0.214760232130755,-1.4079479632444187,0.43773734447411544,0.8047606083782473,31.748218648041075,43.6826643225729,6.310879102734888,3.4564850827813483,13.27905545084437,NA,0.25900000000000034,47,686,343,171,172,152,71,76,0.5581395348837209
Clip-AIPCW,0.060000000000000005,0.005356283108030657,TRUE,FALSE,1,1,1.7188541563153088,0.9321837945883366,0.607197704702592,0.9127906976744186,0,0.032183794588336534,1.1182204296608227,0.7597955916189163,-0.1444207309742845,1.5486615064557605,0.6688066717367749,1.7188541563153088,3.3871306403905925,0.38790518869047824,1.2273140708611934,68.4687136232876,0.1267605633802817,0.24800000000000466,47,686,343,171,172,152,71,76,0.5581395348837209
Naive-Y,0.04,5.847953216374047e-4,TRUE,FALSE,1,1,Inf,0.9252362114211704,0.6615852247332243,0.9011627906976745,0,0.025236211421170385,0.7510797828493123,0.5900686364909153,-0.43961578122917816,0.6118334812410774,0.8310508144679608,1,1,0,0,171,NA,0.0730000000000075,48,686,343,171,172,149,71,79,0.5406976744186046
CC,0.060000000000000005,0.0014084507042253502,TRUE,FALSE,0,1,Inf,0.8924456269698661,0.6381384919794034,0.877906976744186,0.007554373030133954,0.007554373030133954,0.9920149377865752,0.7793538250992755,-0.1613894974117319,0.8081005063491129,0.7747148074837431,1,1,0.24423804609563124,1.1902670743861876,71,NA,0.0689999999999884,48,686,343,171,172,149,71,79,0.5406976744186046
HT-IPCW,0.01,-0.05636196363090984,FALSE,TRUE,1,1,Inf,0.983679808088569,0.703375007232148,0.9651162790697675,0,0.08367980808856901,0.2940858751597237,0.23104183514090254,-1.3772558457678064,0.2395638770893424,0.9613115831869319,60.056087152846956,60.056087152846956,21.121958605988542,5.447671877778752,5.605899662278165,NA,0.46000000000000796,48,686,343,171,172,149,71,79,0.5406976744186046
H-IPCW,0.09999999999999999,0.004144217582586039,TRUE,FALSE,0,0,Inf,0.823940035909919,0.5891539339850054,0.7906976744186046,0.07605996409008098,0.07605996409008098,1.416307294149475,1.112689401305037,0.19468060351563513,1.153731257416174,0.6775713714933717,60.056087152846956,71.18703112453375,21.121958605988542,5.447671877778752,5.605899662278165,NA,0.08799999999999386,48,686,343,171,172,149,71,79,0.5406976744186046
Stab-IPCW,0.060000000000000005,1.622545450565836e-4,TRUE,FALSE,0,1,Inf,0.8924456269698661,0.6381384919794034,0.877906976744186,0.007554373030133954,0.007554373030133954,0.9920149377865752,0.7793538250992755,-0.1613894974117319,0.8081005063491129,0.7747148074837431,1.4724824067752598,3.5382158725986055,0.24925414584341463,1.19965234484999,70.34867013506579,NA,0.08799999999999386,48,686,343,171,172,149,71,79,0.5406976744186046
Clip-IPCW,0.060000000000000005,0.011119804697995974,TRUE,FALSE,0,1,1.7243538256620676,0.8924456269698661,0.6381384919794034,0.877906976744186,0.007554373030133954,0.007554373030133954,0.9920149377865752,0.7793538250992755,-0.1613894974117319,0.8081005063491129,0.7747148074837431,1.7243538256620676,3.47584419328286,0.3665617945639143,1.2204149380137668,68.93208384349433,0.07042253521126761,0.09000000000000341,48,686,343,171,172,149,71,79,0.5406976744186046
H-AIPCW,0.01,-0.23852031512757765,FALSE,TRUE,1,1,Inf,0.983679808088569,0.703375007232148,0.9651162790697675,0,0.08367980808856901,0.2940858751597237,0.23104183514090254,-1.3772558457678064,0.2395638770893424,0.9613115831869319,60.056087152846956,71.18703112453375,21.121958605988542,5.447671877778752,5.605899662278165,NA,0.20300000000000296,48,686,343,171,172,149,71,79,0.5406976744186046
Clip-AIPCW,0.060000000000000005,0.006246746073283376,TRUE,FALSE,0,1,1.7243538256620676,0.8924456269698661,0.6381384919794034,0.877906976744186,0.007554373030133954,0.007554373030133954,0.9920149377865752,0.7793538250992755,-0.1613894974117319,0.8081005063491129,0.7747148074837431,1.7243538256620676,3.47584419328286,0.3665617945639143,1.2204149380137668,68.93208384349433,0.07042253521126761,0.2150000000000034,48,686,343,171,172,149,71,79,0.5406976744186046
Naive-Y,0.060000000000000005,5.847953216374047e-4,TRUE,FALSE,1,1,Inf,0.9421410033809302,0.619511520972922,0.8895348837209303,0,0.042141003380930186,1.1045300249242997,0.8396858443135965,-0.09495576930990747,0.9968741689184579,0.5493215706079982,1,1,0,0,171,NA,0.07199999999998852,49,686,343,171,172,160,71,68,0.6046511627906976
CC,0.05,0.015492957746478853,TRUE,FALSE,1,1,Inf,0.9511277697227727,0.6254208331301087,0.9011627906976745,0,0.051127769722772665,0.9694034598021826,0.7369599234573141,-0.22545008355940557,0.8749180615558277,0.5493215706079982,1,1,0.24423804609563124,1.1902670743861876,71,NA,0.06399999999999295,49,686,343,171,172,160,71,68,0.6046511627906976
HT-IPCW,0.01,-0.3075696942431807,FALSE,TRUE,1,1,Inf,1,0.6575571159197691,0.9651162790697675,0,0.09999999999999998,0.31189346195875545,0.23710765577303095,-1.3594693145632535,0.2814939645507094,1,6.874309202715743,6.874309202715743,0.9272506227628987,1.6254039098631248,47.15305904107953,NA,0.3919999999999959,49,686,343,171,172,160,71,68,0.6046511627906976
H-IPCW,0.060000000000000005,0.018966953951709702,TRUE,FALSE,1,1,Inf,0.9421410033809302,0.619511520972922,0.8895348837209303,0,0.042141003380930186,1.1045300249242997,0.8396858443135965,-0.09495576930990747,0.9968741689184579,0.5493215706079982,6.874309202715743,11.603574523308584,0.9272506227628987,1.6254039098631248,47.15305904107953,NA,0.08499999999999375,49,686,343,171,172,160,71,68,0.6046511627906976
Stab-IPCW,0.05,0.017094572208997797,TRUE,FALSE,1,1,Inf,0.9511277697227727,0.6254208331301087,0.9011627906976745,0,0.051127769722772665,0.9694034598021826,0.7369599234573141,-0.22545008355940557,0.8749180615558277,0.5493215706079982,1.923148675806246,4.576154229966376,0.25850640206120645,1.2098274787619683,69.65027874132575,NA,0.08100000000000307,49,686,343,171,172,160,71,68,0.6046511627906976
Clip-IPCW,0.060000000000000005,0.0015706574591450551,TRUE,FALSE,1,1,1.5669256179787816,0.9421410033809302,0.619511520972922,0.8895348837209303,0,0.042141003380930186,1.1045300249242997,0.8396858443135965,-0.09495576930990747,0.9968741689184579,0.5493215706079982,1.5669256179787816,3.2127248614350212,0.35335812421088725,1.2188006957968558,69.0410280785807,0.15492957746478872,0.15500000000000114,49,686,343,171,172,160,71,68,0.6046511627906976
H-AIPCW,0.01,-0.11847344933600065,FALSE,TRUE,1,1,Inf,1,0.6575571159197691,0.9651162790697675,0,0.09999999999999998,0.31189346195875545,0.23710765577303095,-1.3594693145632535,0.2814939645507094,1,6.874309202715743,11.603574523308584,0.9272506227628987,1.6254039098631248,47.15305904107953,NA,0.21399999999999864,49,686,343,171,172,160,71,68,0.6046511627906976
Clip-AIPCW,0.05,0.02292800725524539,TRUE,FALSE,1,1,1.5669256179787816,0.9511277697227727,0.6254208331301087,0.9011627906976745,0,0.051127769722772665,0.9694034598021826,0.7369599234573141,-0.22545008355940557,0.8749180615558277,0.5493215706079982,1.5669256179787816,3.2127248614350212,0.35335812421088725,1.2188006957968558,69.0410280785807,0.15492957746478872,0.2020000000000124,49,686,343,171,172,160,71,68,0.6046511627906976
Naive-Y,0.08,0.006432748538011674,TRUE,FALSE,0,0,Inf,0.8793706400729607,0.5983660095197522,0.872093023255814,0.020629359927039292,0.020629359927039292,1.5482891740198086,0.8723512606086492,0.027245937063405636,4.226034353720815,0.46694128485527536,1,1,0,0,171,NA,0.06099999999999284,50,686,343,171,172,157,58,84,0.5116279069767442
CC,0.08,0.01379310344827589,TRUE,FALSE,0,0,Inf,0.8793706400729607,0.5983660095197522,0.872093023255814,0.020629359927039292,0.020629359927039292,1.5482891740198086,0.8723512606086492,0.027245937063405636,4.226034353720815,0.46694128485527536,1,1,0.22545579635362917,1.3999058212309963,58,NA,0.07000000000000739,50,686,343,171,172,157,58,84,0.5116279069767442
HT-IPCW,0.01,-0.2836652710113936,FALSE,TRUE,1,1,Inf,1,0.6804480184488604,0.9825581395348837,0,0.09999999999999998,0.3539014342873294,0.19939838598122953,-1.4486414644155692,0.9659691769634433,1,22.51284208277022,22.51284208277022,3.606063528546271,3.0810592273819455,16.3833720154452,NA,0.3640000000000043,50,686,343,171,172,157,58,84,0.5116279069767442
H-IPCW,0.11,0.009509329091352986,TRUE,FALSE,0,0,Inf,0.8163316717280914,0.5554712684244253,0.8313953488372093,0.08366832827190862,0.08366832827190862,1.955522436384937,1.1017983534044085,0.2607527630443315,5.337572033897616,0.33780339723375674,22.51284208277022,36.52697312662125,3.606063528546271,3.0810592273819455,16.3833720154452,NA,0.08400000000000318,50,686,343,171,172,157,58,84,0.5116279069767442
Stab-IPCW,0.08,0.01570068654958459,TRUE,FALSE,0,0,Inf,0.8793706400729607,0.5983660095197522,0.872093023255814,0.020629359927039292,0.020629359927039292,1.5482891740198086,0.8723512606086492,0.027245937063405636,4.226034353720815,0.46694128485527536,1.8693809339367433,5.392446977753068,0.2417596361824039,1.4183387597928132,57.00150866435167,NA,0.0759999999999934,50,686,343,171,172,157,58,84,0.5116279069767442
Clip-IPCW,0.09999999999999999,0.0030387260392631893,TRUE,FALSE,0,0,1.970545243639115,0.8163316717280914,0.5554712684244253,0.8313953488372093,0.08366832827190862,0.08366832827190862,1.8227549071513207,1.0269932566316018,0.19044441628931033,4.975184859063107,0.33780339723375674,1.970545243639115,4.416296534324548,0.42514642446228684,1.4613057103405187,54.756330594279156,0.1206896551724138,0.1039999999999992,50,686,343,171,172,157,58,84,0.5116279069767442
H-AIPCW,0.05,0.011884905283229108,TRUE,FALSE,1,1,Inf,0.9250320099937293,0.6294361982019995,0.9069767441860465,0,0.025032009993729232,1.1032214033534002,0.6215871027807554,-0.31167017711758616,3.011227894997805,0.603245787311278,22.51284208277022,36.52697312662125,3.606063528546271,3.0810592273819455,16.3833720154452,NA,0.22499999999999432,50,686,343,171,172,157,58,84,0.5116279069767442
Clip-AIPCW,0.09,0.005637316574577783,TRUE,FALSE,0,0,1.970545243639115,0.8514557097221436,0.5793713504774007,0.8546511627906976,0.04854429027785645,0.04854429027785645,1.6871913687431432,0.950612806772931,0.11316060886038172,4.605166015013772,0.33780339723375674,1.970545243639115,4.416296534324548,0.42514642446228684,1.4613057103405187,54.756330594279156,0.1206896551724138,0.23399999999999466,50,686,343,171,172,157,58,84,0.5116279069767442
Naive-Y,0.05,0.006432748538011674,TRUE,FALSE,0,1,Inf,0.8882623334025099,0.4189573162455614,0.872093023255814,0.011737666597490093,0.011737666597490093,0.9049642625987473,0.7954100135706712,-0.19489046991580922,0.5133643675862519,0.7400974123989269,1,1,0,0,171,NA,0.10499999999998977,51,686,343,171,172,152,80,67,0.6104651162790697
CC,0.05,0.012499999999999956,TRUE,FALSE,0,1,Inf,0.8882623334025099,0.4189573162455614,0.872093023255814,0.011737666597490093,0.011737666597490093,0.9049642625987473,0.7954100135706712,-0.19489046991580922,0.5133643675862519,0.7400974123989269,1,1,0.2504299965600275,1.0696687227691517,80,NA,0.06799999999999784,51,686,343,171,172,152,80,67,0.6104651162790697
HT-IPCW,0.23,0.008744603688138453,TRUE,FALSE,0,0,Inf,0.32552130700354664,0.15353519791900702,0.5465116279069767,0.5744786929964534,0.5744786929964534,2.6420190768977516,2.3221783629051362,0.8765127816887955,1.4987536067640348,0,66.79991631661096,66.79991631661096,30.411552816406974,4.672746620725244,7.530759356740642,NA,0.36700000000000443,51,686,343,171,172,152,80,67,0.6104651162790697
H-IPCW,0.09,0.012951378971838231,TRUE,FALSE,0,0,Inf,0.7296006882787286,0.3441230532890981,0.8023255813953488,0.17039931172127143,0.17039931172127143,1.351025596600713,1.1874715196383103,0.205833360196445,0.7664041881610584,0.5178237072113564,66.79991631661096,56.60161885818906,30.411552816406974,4.672746620725244,7.530759356740642,NA,0.07500000000000284,51,686,343,171,172,152,80,67,0.6104651162790697
Stab-IPCW,0.05,0.017593822256476627,TRUE,FALSE,0,1,Inf,0.8882623334025099,0.4189573162455614,0.872093023255814,0.011737666597490093,0.011737666597490093,0.9049642625987473,0.7954100135706712,-0.19489046991580922,0.5133643675862519,0.7400974123989269,6.325319992897727,12.67313803634105,0.45688870775682716,1.3542750467239777,60.5666616904458,NA,0.09100000000000819,51,686,343,171,172,152,80,67,0.6104651162790697
Clip-IPCW,0.060000000000000005,0.006758705459872641,TRUE,FALSE,0,0,1.9110876987430097,0.8193324465008535,0.3864458842738739,0.8430232558139535,0.08066755349914656,0.08066755349914656,1.023829525811142,0.8998855431936276,-0.07148061095458787,0.5807937603246706,0.5315116030572007,1.9110876987430097,3.3020682356925186,0.42144076512789297,1.1216921934024846,75.97178844241088,0.0875,0.09199999999999875,51,686,343,171,172,152,80,67,0.6104651162790697
H-AIPCW,0.01,-17.249332217449954,FALSE,TRUE,1,1,Inf,1,0.4716594416885105,0.9825581395348837,0,0.09999999999999998,0.3096496270443647,0.27216369112988703,-1.2673445010540716,0.17565675411807044,1,66.79991631661096,56.60161885818906,30.411552816406974,4.672746620725244,7.530759356740642,NA,0.1910000000000025,51,686,343,171,172,152,80,67,0.6104651162790697
Clip-AIPCW,0.03,0.015958722338484943,TRUE,FALSE,1,1,1.9110876987430097,0.9627715237510123,0.45410027936599895,0.9476744186046512,0,0.06277152375101225,0.6422529827840715,0.5645023509382386,-0.5378036437430681,0.36433460409863616,0.8702886319661925,1.9110876987430097,3.3020682356925186,0.42144076512789297,1.1216921934024846,75.97178844241088,0.0875,0.22100000000000364,51,686,343,171,172,152,80,67,0.6104651162790697
Naive-Y,0.060000000000000005,5.847953216374047e-4,TRUE,FALSE,1,1,Inf,0.9016923175195249,0.5414581678686562,0.8895348837209303,0,0.0016923175195249218,1.0054807197485327,0.8561748630242474,-0.1727267180836723,0.8015539032113306,0.7545390564926011,1,1,0,0,171,NA,0.060000000000002274,52,686,343,171,172,152,74,73,0.5755813953488372
CC,0.06999999999999999,0.032432432432432434,TRUE,FALSE,0,1,Inf,0.8807026176103789,0.5288540408997326,0.877906976744186,0.019297382389621087,0.019297382389621087,1.1216602852574977,0.9551026909101284,-0.06338248814853993,0.8941704819065414,0.7545390564926011,1,1,0.24692122463020297,1.1482688982285942,74,NA,0.09700000000000841,52,686,343,171,172,152,74,73,0.5755813953488372
HT-IPCW,0.01,-0.20769520476495595,FALSE,TRUE,1,1,Inf,0.9903116934850509,0.5946733101246712,0.9825581395348837,0,0.09031169348505086,0.289094182082762,0.2461660048615535,-1.419195227740725,0.2304614752852531,0.955225756075771,12.133843586884819,12.133843586884819,1.8414536761298854,1.9601218022825488,35.480055175348575,NA,0.39000000000000057,52,686,343,171,172,152,74,73,0.5755813953488372
H-IPCW,0.08,0.0034067348130043928,TRUE,FALSE,0,0,Inf,0.8605312206189418,0.5167412975103022,0.8546511627906976,0.039468779381058194,0.039468779381058194,1.2337346798761313,1.050534932997408,0.031853420821229037,0.9835144809432208,0.7258606986325884,12.133843586884819,17.526736302274582,1.8414536761298854,1.9601218022825488,35.480055175348575,NA,0.0799999999999983,52,686,343,171,172,152,74,73,0.5755813953488372
Stab-IPCW,0.06999999999999999,0.034420608943078294,TRUE,FALSE,0,1,Inf,0.8807026176103789,0.5288540408997326,0.877906976744186,0.019297382389621087,0.019297382389621087,1.1216602852574977,0.9551026909101284,-0.06338248814853993,0.8941704819065414,0.7545390564926011,2.5512264255542667,5.695489123595412,0.2809663665999482,1.183339032074855,71.48523326930024,NA,0.09100000000000819,52,686,343,171,172,152,74,73,0.5755813953488372
Clip-IPCW,0.06999999999999999,0.04459017577396988,TRUE,FALSE,0,1,1.7049897633339728,0.8807026176103789,0.5288540408997326,0.877906976744186,0.019297382389621087,0.019297382389621087,1.1216602852574977,0.9551026909101284,-0.06338248814853993,0.8941704819065414,0.7545390564926011,1.7049897633339728,3.11623362015073,0.42054687940673496,1.1852649455403212,71.34996497072895,0.12162162162162163,0.09199999999999875,52,686,343,171,172,152,74,73,0.5755813953488372
H-AIPCW,0.06999999999999999,0.01753219514173826,TRUE,FALSE,0,1,Inf,0.8807026176103789,0.5288540408997326,0.877906976744186,0.019297382389621087,0.019297382389621087,1.1216602852574977,0.9551026909101284,-0.06338248814853993,0.8941704819065414,0.7545390564926011,12.133843586884819,17.526736302274582,1.8414536761298854,1.9601218022825488,35.480055175348575,NA,0.21099999999999852,52,686,343,171,172,152,74,73,0.5755813953488372
Clip-AIPCW,0.06999999999999999,0.0398689698792738,TRUE,FALSE,0,1,1.7049897633339728,0.8807026176103789,0.5288540408997326,0.877906976744186,0.019297382389621087,0.019297382389621087,1.1216602852574977,0.9551026909101284,-0.06338248814853993,0.8941704819065414,0.7545390564926011,1.7049897633339728,3.11623362015073,0.42054687940673496,1.1852649455403212,71.34996497072895,0.12162162162162163,0.22799999999999443,52,686,343,171,172,152,74,73,0.5755813953488372
Naive-Y,0.060000000000000005,0.006432748538011674,TRUE,FALSE,1,1,Inf,0.9441904857118749,0.6086088179184012,0.9127906976744186,0,0.044190485711874894,0.9728066597492772,0.8173319052435387,-0.195517362733395,0.8073464787205927,0.8706616715267355,1,1,0,0,171,NA,0.06299999999998818,53,686,343,171,172,152,73,74,0.5697674418604651
CC,0.060000000000000005,0.017808219178082174,TRUE,FALSE,1,1,Inf,0.9441904857118749,0.6086088179184012,0.9127906976744186,0,0.044190485711874894,0.9728066597492772,0.8173319052435387,-0.195517362733395,0.8073464787205927,0.8706616715267355,1,1,0.24609563123495012,1.162051036227645,73,NA,0.06100000000000705,53,686,343,171,172,152,73,74,0.5697674418604651
HT-IPCW,0.01,-0.26885075819758386,FALSE,TRUE,1,1,Inf,1,0.644582663274285,0.9883720930232558,0,0.09999999999999998,0.27349232798996437,0.2297825608668634,-1.4644291496376365,0.22697528408851866,1,8.884260394408274,8.884260394408274,1.0554961494420354,1.6277820752108672,47.05326438833111,NA,0.38299999999999557,53,686,343,171,172,152,73,74,0.5697674418604651
H-IPCW,0.08,0.008386884063203724,TRUE,FALSE,1,1,Inf,0.9148706618755383,0.5897097677832424,0.8895348837209303,0,0.014870661875538316,1.198048260222109,1.0065752092542364,0.012746341974524001,0.9942777781526906,0.7327251253173851,8.884260394408274,14.076322691978339,1.0554961494420354,1.6277820752108672,47.05326438833111,NA,0.2920000000000016,53,686,343,171,172,152,73,74,0.5697674418604651
Stab-IPCW,0.060000000000000005,0.015331316494879716,TRUE,FALSE,1,1,Inf,0.9441904857118749,0.6086088179184012,0.9127906976744186,0,0.044190485711874894,0.9728066597492772,0.8173319052435387,-0.195517362733395,0.8073464787205927,0.8706616715267355,1.4514603293054473,3.4154698529317966,0.248869853411307,1.173900890177958,72.15236857054288,NA,0.07699999999999818,53,686,343,171,172,152,73,74,0.5697674418604651
Clip-IPCW,0.06999999999999999,0.0031756266746629886,TRUE,FALSE,1,1,1.7334293869860666,0.9349186104543383,0.6026323278713512,0.9011627906976745,0,0.034918610454338306,1.0873495228610897,0.9135684344664742,-0.08420433627528463,0.9024072765359886,0.8673171984426636,1.7334293869860666,3.2555293270274404,0.4093414801081324,1.2015956151664275,70.21466832429611,0.136986301369863,0.08699999999998909,53,686,343,171,172,152,73,74,0.5697674418604651
H-AIPCW,0.08,0.002353927748888161,TRUE,FALSE,1,1,Inf,0.9148706618755383,0.5897097677832424,0.8895348837209303,0,0.014870661875538316,1.198048260222109,1.0065752092542364,0.012746341974524001,0.9942777781526906,0.7327251253173851,8.884260394408274,14.076322691978339,1.0554961494420354,1.6277820752108672,47.05326438833111,NA,0.19299999999999784,53,686,343,171,172,152,73,74,0.5697674418604651
Clip-AIPCW,0.060000000000000005,0.011682458188110185,TRUE,FALSE,1,1,1.7334293869860666,0.9441904857118749,0.6086088179184012,0.9127906976744186,0,0.044190485711874894,0.9728066597492772,0.8173319052435387,-0.195517362733395,0.8073464787205927,0.8706616715267355,1.7334293869860666,3.2555293270274404,0.4093414801081324,1.2015956151664275,70.21466832429611,0.136986301369863,0.20300000000000296,53,686,343,171,172,152,73,74,0.5697674418604651
Naive-Y,0.04,0.006432748538011674,TRUE,FALSE,1,1,Inf,0.9682104167261393,0.7231847344892238,0.9186046511627907,0,0.06821041672613926,0.815843220763022,0.7187643383843219,-0.39864667974877444,0.517770741904454,0.922336566185749,1,1,0,0,171,NA,0.06199999999999761,54,686,343,171,172,137,85,77,0.5523255813953488
CC,0.05,0.00588235294117645,TRUE,FALSE,1,1,Inf,0.9600192001317683,0.7170664747642622,0.9127906976744186,0,0.06001920013176831,0.9536375403576677,0.8401622251792062,-0.24258522231337573,0.6052212045313452,0.9105617459881029,1,1,0.25146198830409355,1.0088192419733968,85,NA,0.0660000000000025,54,686,343,171,172,137,85,77,0.5523255813953488
HT-IPCW,0.01,-0.17642086239951615,FALSE,TRUE,1,1,Inf,0.9922131241374249,0.7411130600746354,0.9709302325581395,0,0.09221312413742488,0.31302061895063804,0.27577364419389905,-1.356599821223281,0.19865694042770085,0.9761375577903194,6.506968937615674,6.506968937615674,0.9773446803833101,1.3662741138664716,59.87838278197671,NA,0.36000000000001364,54,686,343,171,172,137,85,77,0.5523255813953488
H-IPCW,0.060000000000000005,0.016624217744608157,TRUE,FALSE,1,1,Inf,0.9600192001317683,0.7170664747642622,0.9011627906976745,0,0.06001920013176831,1.084068092244857,0.9550725743080725,-0.11439288908460662,0.687998289514017,0.9105617459881029,6.506968937615674,8.992753659529116,0.9773446803833101,1.3662741138664716,59.87838278197671,NA,0.08100000000000307,54,686,343,171,172,137,85,77,0.5523255813953488
Stab-IPCW,0.05,0.00832879882011938,TRUE,FALSE,1,1,Inf,0.9600192001317683,0.7170664747642622,0.9127906976744186,0,0.06001920013176831,0.9536375403576677,0.8401622251792062,-0.24258522231337573,0.6052212045313452,0.9105617459881029,1.9695952064590987,3.868211751377779,0.2727706187100131,1.0257276334947871,83.57916498877053,NA,0.09299999999998931,54,686,343,171,172,137,85,77,0.5523255813953488
Clip-IPCW,0.060000000000000005,0.0015124602695136562,TRUE,FALSE,1,1,1.6280885414473572,0.9600192001317683,0.7170664747642622,0.9011627906976745,0,0.06001920013176831,1.084068092244857,0.9550725743080725,-0.11439288908460662,0.687998289514017,0.9105617459881029,1.6280885414473572,2.657867643231433,0.4075046983207905,1.0421293816921873,82.22408655999979,0.16470588235294117,0.09300000000000352,54,686,343,171,172,137,85,77,0.5523255813953488
H-AIPCW,0.01,-0.007019539072969469,FALSE,TRUE,1,1,Inf,0.9922131241374249,0.7411130600746354,0.9709302325581395,0,0.09221312413742488,0.31302061895063804,0.27577364419389905,-1.356599821223281,0.19865694042770085,0.9761375577903194,6.506968937615674,8.992753659529116,0.9773446803833101,1.3662741138664716,59.87838278197671,NA,0.20600000000000307,54,686,343,171,172,137,85,77,0.5523255813953488
Clip-AIPCW,0.05,0.0011161342472215362,TRUE,FALSE,1,1,1.6280885414473572,0.9600192001317683,0.7170664747642622,0.9127906976744186,0,0.06001920013176831,0.9536375403576677,0.8401622251792062,-0.24258522231337573,0.6052212045313452,0.9105617459881029,1.6280885414473572,2.657867643231433,0.4075046983207905,1.0421293816921873,82.22408655999979,0.16470588235294117,0.20100000000000762,54,686,343,171,172,137,85,77,0.5523255813953488
Naive-Y,0.060000000000000005,0.012280701754385942,TRUE,FALSE,1,1,Inf,0.9579831734445101,0.6116268310767732,0.936046511627907,0,0.057983173444510094,1.314050606404992,0.7966129964125477,-0.2008786558912423,5.466291963581049,0.8870226092587481,1,1,0,0,171,NA,0.10899999999999466,55,686,343,171,172,144,77,78,0.5465116279069767
CC,0.060000000000000005,0.02207792207792203,TRUE,FALSE,1,1,Inf,0.9579831734445101,0.6116268310767732,0.936046511627907,0,0.057983173444510094,1.314050606404992,0.7966129964125477,-0.2008786558912423,5.466291963581049,0.8870226092587481,1,1,0.24898520811833505,1.1081336900478653,77,NA,0.125,55,686,343,171,172,144,77,78,0.5465116279069767
HT-IPCW,0.01,-0.25257337141909164,FALSE,TRUE,1,1,Inf,1,0.6384525824995619,0.9825581395348837,0,0.09999999999999998,0.33428773172113196,0.2026542587723228,-1.5697462730985519,1.3905966273476842,1,15.03481597567426,15.03481597567426,1.701553560601615,2.014801447301731,33.95764061542578,NA,0.3400000000000034,55,686,343,171,172,144,77,78,0.5465116279069767
H-IPCW,0.06999999999999999,0.014325991102041533,TRUE,FALSE,1,1,Inf,0.9297339589442448,0.5935910471254948,0.9127906976744186,0,0.029733958944244798,1.4817086368174608,0.8982518262479493,-0.08079718225027996,6.163729139749474,0.8076657141606701,15.03481597567426,23.222424460095205,1.701553560601615,2.014801447301731,33.95764061542578,NA,0.07500000000000284,55,686,343,171,172,144,77,78,0.5465116279069767
Stab-IPCW,0.060000000000000005,0.020334318301986756,TRUE,FALSE,1,1,Inf,0.9579831734445101,0.6116268310767732,0.936046511627907,0,0.057983173444510094,1.314050606404992,0.7966129964125477,-0.2008786558912423,5.466291963581049,0.8870226092587481,1.0782448397943012,2.4512775669117133,0.24021459929449754,1.1142298825677026,76.535820504983,NA,0.08899999999999864,55,686,343,171,172,144,77,78,0.5465116279069767
Clip-IPCW,0.060000000000000005,0.033530332350777375,TRUE,FALSE,1,1,1.7239373374183122,0.9579831734445101,0.6116268310767732,0.936046511627907,0,0.057983173444510094,1.314050606404992,0.7966129964125477,-0.2008786558912423,5.466291963581049,0.8870226092587481,1.7239373374183122,3.1757294615921055,0.38323564319184444,1.1403941199952057,74.57825691259988,0.09090909090909091,0.08500000000000796,55,686,343,171,172,144,77,78,0.5465116279069767
H-AIPCW,0.01,-0.2551486901189573,FALSE,TRUE,1,1,Inf,1,0.6384525824995619,0.9825581395348837,0,0.09999999999999998,0.33428773172113196,0.2026542587723228,-1.5697462730985519,1.3905966273476842,1,15.03481597567426,23.222424460095205,1.701553560601615,2.014801447301731,33.95764061542578,NA,0.18700000000001182,55,686,343,171,172,144,77,78,0.5465116279069767
Clip-AIPCW,0.060000000000000005,0.02272277167598003,TRUE,FALSE,1,1,1.7239373374183122,0.9579831734445101,0.6116268310767732,0.936046511627907,0,0.057983173444510094,1.314050606404992,0.7966129964125477,-0.2008786558912423,5.466291963581049,0.8870226092587481,1.7239373374183122,3.1757294615921055,0.38323564319184444,1.1403941199952057,74.57825691259988,0.09090909090909091,0.19899999999999807,55,686,343,171,172,144,77,78,0.5465116279069767
Naive-Y,0.060000000000000005,0.012280701754385942,TRUE,FALSE,1,1,Inf,0.9229822858723751,0.5617414365456795,0.8953488372093024,0,0.022982285872375052,0.8064526900531767,0.6596159313045242,-0.35879152807511455,0.6255978650668607,0.8356961489615988,1,1,0,0,171,NA,0.055999999999997385,56,686,343,171,172,159,61,79,0.5406976744186046
CC,0.08,0.0180327868852459,TRUE,FALSE,0,1,Inf,0.8941291038643603,0.5441809392770057,0.877906976744186,0.005870896135639736,0.005870896135639736,1.00569769454944,0.8225829358412824,-0.13799996004151735,0.7801602479263937,0.7538021511336976,1,1,0.23082215342277262,1.3468059289377197,61,NA,0.06499999999999773,56,686,343,171,172,159,61,79,0.5406976744186046
HT-IPCW,0.01,-0.36311570015232764,FALSE,TRUE,1,1,Inf,1,0.608615620412193,0.9709302325581395,0,0.09999999999999998,0.21006216712367706,0.17181460699200388,-1.7040332422750086,0.16295369202032808,1,8.108330131238455,8.108330131238455,1.0393802012505857,1.898919332118235,37.297094589179025,NA,0.3649999999999949,56,686,343,171,172,159,61,79,0.5406976744186046
H-IPCW,0.09,0.014857144457830741,TRUE,FALSE,0,1,Inf,0.8941291038643603,0.5441809392770057,0.872093023255814,0.005870896135639736,0.005870896135639736,1.101688262250461,0.9010957965354216,-0.046837697031883535,0.8546240013008847,0.7538021511336976,8.108330131238455,15.102565177523338,1.0393802012505857,1.898919332118235,37.297094589179025,NA,0.08299999999999841,56,686,343,171,172,159,61,79,0.5406976744186046
Stab-IPCW,0.08,0.015699256488710216,TRUE,FALSE,0,1,Inf,0.8941291038643603,0.5441809392770057,0.877906976744186,0.005870896135639736,0.005870896135639736,1.00569769454944,0.8225829358412824,-0.13799996004151735,0.7801602479263937,0.7538021511336976,1.3086344552020135,3.6812295152796377,0.23265017566691934,1.3568324984616544,60.419152473049714,NA,0.1290000000000049,56,686,343,171,172,159,61,79,0.5406976744186046
Clip-IPCW,0.08,0.026020170197710687,TRUE,FALSE,0,1,1.7050570389918627,0.8941291038643603,0.5441809392770057,0.877906976744186,0.005870896135639736,0.005870896135639736,1.00569769454944,0.8225829358412824,-0.13799996004151735,0.7801602479263937,0.7538021511336976,1.7050570389918627,3.849040005534476,0.37521163110598443,1.3827754465425277,58.947502646195126,0.11475409836065574,0.09499999999999886,56,686,343,171,172,159,61,79,0.5406976744186046
H-AIPCW,0.01,-0.7688026873890639,FALSE,TRUE,1,1,Inf,1,0.608615620412193,0.9709302325581395,0,0.09999999999999998,0.21006216712367706,0.17181460699200388,-1.7040332422750086,0.16295369202032808,1,8.108330131238455,15.102565177523338,1.0393802012505857,1.898919332118235,37.297094589179025,NA,0.20700000000000784,56,686,343,171,172,159,61,79,0.5406976744186046
Clip-AIPCW,0.08,0.012091524295623456,TRUE,FALSE,0,1,1.7050570389918627,0.8941291038643603,0.5441809392770057,0.877906976744186,0.005870896135639736,0.005870896135639736,1.00569769454944,0.8225829358412824,-0.13799996004151735,0.7801602479263937,0.7538021511336976,1.7050570389918627,3.849040005534476,0.37521163110598443,1.3827754465425277,58.947502646195126,0.11475409836065574,0.21399999999999864,56,686,343,171,172,159,61,79,0.5406976744186046
Naive-Y,0.09,0.012280701754385942,TRUE,FALSE,1,1,Inf,0.9304564420047329,0.5568541398193046,0.8662790697674418,0,0.030456442004732853,1.25332521912104,1.064294997418602,0.024263425448543922,1.0034446097042362,0.8497199159677696,1,1,0,0,171,NA,0.0660000000000025,57,686,343,171,172,155,75,69,0.5988372093023255
CC,0.09,0.006666666666666599,TRUE,FALSE,1,1,Inf,0.9304564420047329,0.5568541398193046,0.8662790697674418,0,0.030456442004732853,1.25332521912104,1.064294997418602,0.024263425448543922,1.0034446097042362,0.8497199159677696,1,1,0.2476780185758514,1.1346935320890421,75,NA,0.060000000000002274,57,686,343,171,172,155,75,69,0.5988372093023255
HT-IPCW,0.01,-0.2831138245070256,FALSE,TRUE,1,1,Inf,1,0.5984741624438902,0.9651162790697675,0,0.09999999999999998,0.22500601805393008,0.19106994397816413,-1.6931648993876924,0.18014564178766865,1,5.721665323463583,5.721665323463583,0.7772958951422733,1.42918401256035,56.42405883280702,NA,0.3430000000000035,57,686,343,171,172,155,75,69,0.5988372093023255
H-IPCW,0.09,0.025896257463089597,TRUE,FALSE,1,1,Inf,0.9304564420047329,0.5568541398193046,0.8662790697674418,0,0.030456442004732853,1.25332521912104,1.064294997418602,0.024263425448543922,1.0034446097042362,0.8497199159677696,5.721665323463583,9.275074642240456,0.7772958951422733,1.42918401256035,56.42405883280702,NA,0.07200000000000273,57,686,343,171,172,155,75,69,0.5988372093023255
Stab-IPCW,0.09,0.004093814465060702,TRUE,FALSE,1,1,Inf,0.9304564420047329,0.5568541398193046,0.8662790697674418,0,0.030456442004732853,1.25332521912104,1.064294997418602,0.024263425448543922,1.0034446097042362,0.8497199159677696,1.2286654907073993,2.7977420827891897,0.25033031949182766,1.139280703870734,74.66042246543847,NA,0.08599999999999852,57,686,343,171,172,155,75,69,0.5988372093023255
Clip-IPCW,0.09,0.016146557718895765,TRUE,FALSE,1,1,1.7358186097134642,0.9304564420047329,0.5568541398193046,0.8662790697674418,0,0.030456442004732853,1.25332521912104,1.064294997418602,0.024263425448543922,1.0034446097042362,0.8497199159677696,1.7358186097134642,3.184051296681303,0.40917587760813734,1.1733585086504195,72.19092136423743,0.10666666666666667,0.0870000000000033,57,686,343,171,172,155,75,69,0.5988372093023255
H-AIPCW,0.09,0.032548210748992695,TRUE,FALSE,1,1,Inf,0.9304564420047329,0.5568541398193046,0.8662790697674418,0,0.030456442004732853,1.25332521912104,1.064294997418602,0.024263425448543922,1.0034446097042362,0.8497199159677696,5.721665323463583,9.275074642240456,0.7772958951422733,1.42918401256035,56.42405883280702,NA,0.18900000000000716,57,686,343,171,172,155,75,69,0.5988372093023255
Clip-AIPCW,0.09,0.008382651697031581,TRUE,FALSE,1,1,1.7358186097134642,0.9304564420047329,0.5568541398193046,0.8662790697674418,0,0.030456442004732853,1.25332521912104,1.064294997418602,0.024263425448543922,1.0034446097042362,0.8497199159677696,1.7358186097134642,3.184051296681303,0.40917587760813734,1.1733585086504195,72.19092136423743,0.10666666666666667,0.20399999999999352,57,686,343,171,172,155,75,69,0.5988372093023255
Naive-Y,0.04,0.012280701754385942,TRUE,FALSE,1,1,Inf,0.9626080802562602,0.613391390776686,0.936046511627907,0,0.06260808025626019,0.8102634973379849,0.7300643910863773,-0.3578292510161329,0.572954188364804,0.9222976401676605,1,1,0,0,171,NA,0.06199999999999761,58,686,343,171,172,156,66,77,0.5523255813953488
CC,0.05,0.009090909090909038,TRUE,FALSE,1,1,Inf,0.9431684782190648,0.6010041225059207,0.9244186046511628,0,0.043168478219064776,0.9450964917447687,0.8515517446242605,-0.20390172119030753,0.6682974058847098,0.8403864081184428,1,1,0.23839009287925697,1.2650167507504178,66,NA,0.12600000000000477,58,686,343,171,172,156,66,77,0.5523255813953488
HT-IPCW,0.01,-0.238558546608446,FALSE,TRUE,1,1,Inf,1,0.6372182026701795,0.9709302325581395,0,0.09999999999999998,0.31497871386075293,0.28380242192250693,-1.3026836896407312,0.22272800631545525,1,34.255598883037855,34.255598883037855,7.09093735593646,3.9902430598245875,10.161074823832942,NA,0.4519999999999982,58,686,343,171,172,156,66,77,0.5523255813953488
H-IPCW,0.06999999999999999,0.009280337779733389,TRUE,FALSE,0,0,Inf,0.877521632164891,0.5591727572523142,0.8837209302325582,0.022478367835109037,0.022478367835109037,1.194170256276609,1.0759724260889212,0.03001812584575465,0.8444226504121441,0.7634890187232309,34.255598883037855,51.33092508380236,7.09093735593646,3.9902430598245875,10.161074823832942,NA,0.0870000000000033,58,686,343,171,172,156,66,77,0.5523255813953488
Stab-IPCW,0.05,0.007209440595166609,TRUE,FALSE,1,1,Inf,0.9431684782190648,0.6010041225059207,0.9244186046511628,0,0.043168478219064776,0.9450964917447687,0.8515517446242605,-0.20390172119030753,0.6682974058847098,0.8403864081184428,1.073442430570038,2.826170911125682,0.23213870728050526,1.2685086848008749,65.77671265864564,NA,0.17499999999999716,58,686,343,171,172,156,66,77,0.5523255813953488
Clip-IPCW,0.060000000000000005,0.00872006121530135,TRUE,FALSE,1,1,1.7299890524094634,0.9148817259754671,0.5829792890818788,0.9069767441860465,0,0.014881725975467108,1.0724773244075911,0.9663245442623858,-0.07746224330268296,0.7583710446841099,0.7634890187232309,1.7299890524094634,3.7374050850385343,0.3648798152393841,1.3049736333158712,63.498019549521956,0.10606060606060606,0.12199999999999989,58,686,343,171,172,156,66,77,0.5523255813953488
H-AIPCW,0.01,-0.219503288361246,FALSE,TRUE,1,1,Inf,1,0.6372182026701795,0.9709302325581395,0,0.09999999999999998,0.31497871386075293,0.28380242192250693,-1.3026836896407312,0.22272800631545525,1,34.255598883037855,51.33092508380236,7.09093735593646,3.9902430598245875,10.161074823832942,NA,0.29399999999999693,58,686,343,171,172,156,66,77,0.5523255813953488
Clip-AIPCW,0.060000000000000005,0.0013977479354512386,TRUE,FALSE,1,1,1.7299890524094634,0.9148817259754671,0.5829792890818788,0.9069767441860465,0,0.014881725975467108,1.0724773244075911,0.9663245442623858,-0.07746224330268296,0.7583710446841099,0.7634890187232309,1.7299890524094634,3.7374050850385343,0.3648798152393841,1.3049736333158712,63.498019549521956,0.10606060606060606,0.2289999999999992,58,686,343,171,172,156,66,77,0.5523255813953488
Naive-Y,0.060000000000000005,5.847953216374047e-4,TRUE,FALSE,1,1,Inf,0.9772426246662226,0.507658817574656,0.9069767441860465,0,0.07724262466622256,1.2474880373962756,0.7737462618886031,-0.18972148720565823,3.8746085513292425,0.9233854046198037,1,1,0,0,171,NA,0.06299999999998818,59,686,343,171,172,158,75,66,0.6162790697674418
CC,0.06999999999999999,0.006666666666666599,TRUE,FALSE,1,1,Inf,0.9660410956375461,0.5018398378881445,0.9011627906976745,0,0.06604109563754612,1.4013086982377936,0.8691525165054976,-0.07344686210383682,4.352364513712343,0.9222918958081818,1,1,0.2476780185758514,1.1346935320890421,75,NA,0.06300000000000239,59,686,343,171,172,158,75,66,0.6162790697674418
HT-IPCW,0.01,-0.2775502510898167,FALSE,TRUE,1,1,Inf,1,0.5194808379833484,0.9534883720930233,0,0.09999999999999998,0.33142971129217136,0.20556710165043074,-1.5151929706811036,1.02939696016444,1,10.345045104737206,10.345045104737206,1.071169616051045,1.6627418453222185,45.61772952094271,NA,0.38299999999999557,59,686,343,171,172,158,75,66,0.6162790697674418
H-IPCW,0.06999999999999999,0.031097098701891156,TRUE,FALSE,1,1,Inf,0.9660410956375461,0.5018398378881445,0.9011627906976745,0,0.06604109563754612,1.4013086982377936,0.8691525165054976,-0.07344686210383682,4.352364513712343,0.9222918958081818,10.345045104737206,16.61988798750395,1.071169616051045,1.6627418453222185,45.61772952094271,NA,0.1039999999999992,59,686,343,171,172,158,75,66,0.6162790697674418
Stab-IPCW,0.06999999999999999,0.010099672437182877,TRUE,FALSE,1,1,Inf,0.9660410956375461,0.5018398378881445,0.9011627906976745,0,0.06604109563754612,1.4013086982377936,0.8691525165054976,-0.07344686210383682,4.352364513712343,0.9222918958081818,2.191088537998845,4.8365924783195675,0.27744346045554835,1.1626977056438998,72.95345385035009,NA,0.08299999999999841,59,686,343,171,172,158,75,66,0.6162790697674418
Clip-IPCW,0.06999999999999999,0.019735375299356192,TRUE,FALSE,1,1,1.6080731837131075,0.9660410956375461,0.5018398378881445,0.9011627906976745,0,0.06604109563754612,1.4013086982377936,0.8691525165054976,-0.07344686210383682,4.352364513712343,0.9222918958081818,1.6080731837131075,3.0094572871518395,0.38887308144927957,1.167041540411263,72.64165900928397,0.14666666666666667,0.09000000000000341,59,686,343,171,172,158,75,66,0.6162790697674418
H-AIPCW,0.05,0.03905311755310026,TRUE,FALSE,1,1,Inf,0.988782760022266,0.5136536967598547,0.9127906976744186,0,0.08878276002226593,1.0880063162520845,0.6748287717999348,-0.3265064927460612,3.379269740853982,0.9537655560907561,10.345045104737206,16.61988798750395,1.071169616051045,1.6627418453222185,45.61772952094271,NA,0.20000000000000284,59,686,343,171,172,158,75,66,0.6162790697674418
Clip-AIPCW,0.06999999999999999,0.023276548688934143,TRUE,FALSE,1,1,1.6080731837131075,0.9660410956375461,0.5018398378881445,0.9011627906976745,0,0.06604109563754612,1.4013086982377936,0.8691525165054976,-0.07344686210383682,4.352364513712343,0.9222918958081818,1.6080731837131075,3.0094572871518395,0.38887308144927957,1.167041540411263,72.64165900928397,0.14666666666666667,0.2149999999999892,59,686,343,171,172,158,75,66,0.6162790697674418
Naive-Y,0.04,5.847953216374047e-4,TRUE,FALSE,1,1,Inf,0.9533839236152903,0.6000140579465919,0.8837209302325582,0,0.05338392361529032,0.9168854571761316,0.6558662193557738,-0.36848192956583314,1.1356005454186635,0.7798931950431008,1,1,0,0,171,NA,0.06299999999998818,60,686,343,171,172,148,77,74,0.5697674418604651
CC,0.05,0.02207792207792203,TRUE,FALSE,1,1,Inf,0.9252925900999485,0.5823347216391834,0.8546511627906976,0,0.025292590099948442,1.0745272637077687,0.7686305072535782,-0.20982839448358293,1.3308464401779276,0.7798931950431008,1,1,0.24898520811833505,1.1081336900478653,77,NA,0.06100000000000705,60,686,343,171,172,148,77,74,0.5697674418604651
HT-IPCW,0.01,-0.2419174247855339,FALSE,TRUE,1,1,Inf,1,0.6293519778173957,0.9534883720930233,0,0.09999999999999998,0.34623524544106465,0.24766888781782387,-1.3423460394854143,0.42882666584873963,1,9.657021014371434,9.657021014371434,1.4127733641791898,1.7677274974041315,41.64042359087815,NA,0.3930000000000007,60,686,343,171,172,148,77,74,0.5697674418604651
H-IPCW,0.060000000000000005,0.022074626080944185,TRUE,FALSE,1,1,Inf,0.9063549880674074,0.570416304344885,0.8430232558139535,0,0.006354988067407419,1.224095658387258,0.8756197247024755,-0.07950687133873513,1.5160930805800277,0.6904756507065056,9.657021014371434,14.362242153139501,1.4127733641791898,1.7677274974041315,41.64042359087815,NA,0.07500000000000284,60,686,343,171,172,148,77,74,0.5697674418604651
Stab-IPCW,0.05,0.020934289130738394,TRUE,FALSE,1,1,Inf,0.9252925900999485,0.5823347216391834,0.8546511627906976,0,0.025292590099948442,1.0745272637077687,0.7686305072535782,-0.20982839448358293,1.3308464401779276,0.7798931950431008,1.6612801474260868,3.6701608651223894,0.2599648273085878,1.126417842854763,75.61696902108842,NA,0.09099999999999397,60,686,343,171,172,148,77,74,0.5697674418604651
Clip-IPCW,0.060000000000000005,0.00431780754587204,TRUE,FALSE,1,1,1.8018590508400654,0.9063549880674074,0.570416304344885,0.8430232558139535,0,0.006354988067407419,1.224095658387258,0.8756197247024755,-0.07950687133873513,1.5160930805800277,0.6904756507065056,1.8018590508400654,3.290425841189097,0.3977124339254683,1.1516377067352208,73.75415496756453,0.09090909090909091,0.09100000000000819,60,686,343,171,172,148,77,74,0.5697674418604651
H-AIPCW,0.01,-0.57336946816391,FALSE,TRUE,1,1,Inf,1,0.6293519778173957,0.9534883720930233,0,0.09999999999999998,0.34623524544106465,0.24766888781782387,-1.3423460394854143,0.42882666584873963,1,9.657021014371434,14.362242153139501,1.4127733641791898,1.7677274974041315,41.64042359087815,NA,0.19899999999999807,60,686,343,171,172,148,77,74,0.5697674418604651
Clip-AIPCW,0.05,0.01333220554156524,TRUE,FALSE,1,1,1.8018590508400654,0.9252925900999485,0.5823347216391834,0.8546511627906976,0,0.025292590099948442,1.0745272637077687,0.7686305072535782,-0.20982839448358293,1.3308464401779276,0.7798931950431008,1.8018590508400654,3.290425841189097,0.3977124339254683,1.1516377067352208,73.75415496756453,0.09090909090909091,0.48699999999999477,60,686,343,171,172,148,77,74,0.5697674418604651
Naive-Y,0.03,0.012280701754385942,TRUE,FALSE,1,1,Inf,0.9712428242584544,0.6664622200709156,0.9302325581395349,0,0.071242824258454407,1.4212866551137935,0.4741113127357581,-0.6088128755784132,8.951474378149365,0.7025296136727759,1,1,0,0,171,NA,0.11599999999999966,61,686,343,171,172,149,72,78,0.5465116279069767
CC,0.060000000000000005,0.030555555555555558,TRUE,FALSE,1,1,Inf,0.928236449416289,0.6369514496038132,0.8895348837209303,0,0.028236449416289,2.3637552275511426,0.7884989913104873,-0.10012387954771992,14.887281379523404,0.7025296136727759,1,1,0.2452012383900929,1.1760477181195148,72,NA,0.15200000000000102,61,686,343,171,172,149,72,78,0.5465116279069767
HT-IPCW,0.14,0.0017032840488381273,TRUE,FALSE,0,0,Inf,0.8399019993700354,0.5763367688914814,0.7965116279069767,0.06009800062996462,0.06009800062996462,4.480562064161188,1.4946211972020662,0.5393730672218844,28.219245127462163,0.7025296136727759,82.8602826027356,82.8602826027356,40.846615819820435,5.850407708049445,4.88193275808124,NA,0.5630000000000024,61,686,343,171,172,149,72,78,0.5465116279069767
H-IPCW,0.09999999999999999,0.009701445726493941,TRUE,FALSE,0,1,Inf,0.8837972560794033,0.6064574858805042,0.8488372093023255,0.01620274392059673,0.01620274392059673,3.4635048900094576,1.1553523310451612,0.281905618263133,21.813668038016186,0.7025296136727759,82.8602826027356,75.84981090996278,40.846615819820435,5.850407708049445,4.88193275808124,NA,0.1349999999999909,61,686,343,171,172,149,72,78,0.5465116279069767
Stab-IPCW,0.060000000000000005,0.03394160093863518,TRUE,FALSE,1,1,Inf,0.928236449416289,0.6369514496038132,0.8895348837209303,0,0.028236449416289,2.3637552275511426,0.7884989913104873,-0.10012387954771992,14.887281379523404,0.7025296136727759,3.133909567378442,7.065986851860051,0.307440689556754,1.2501641404795647,66.95981356210015,NA,0.15200000000000102,61,686,343,171,172,149,72,78,0.5465116279069767
Clip-IPCW,0.06999999999999999,0.004953349948368941,TRUE,FALSE,1,1,1.745041288994933,0.928236449416289,0.6369514496038132,0.877906976744186,0,0.028236449416289,2.6503383744773803,0.8840970970889903,0.014311888242948066,16.692224589036787,0.7025296136727759,1.745041288994933,3.407940421981623,0.3910500714569152,1.2212440798035498,68.87620323513596,0.1388888888888889,0.15200000000000102,61,686,343,171,172,149,72,78,0.5465116279069767
H-AIPCW,0.01,-1.3636793728927896,FALSE,TRUE,1,1,Inf,0.9914705639037694,0.6803423990893046,0.9767441860465116,0,0.0914705639037694,0.6413000117532055,0.21392418576210873,-1.4046333265858961,4.039002690457326,0.9635172361357439,82.8602826027356,75.84981090996278,40.846615819820435,5.850407708049445,4.88193275808124,NA,0.3170000000000073,61,686,343,171,172,149,72,78,0.5465116279069767
Clip-AIPCW,0.060000000000000005,0.016439860285509585,TRUE,FALSE,1,1,1.745041288994933,0.928236449416289,0.6369514496038132,0.8895348837209303,0,0.028236449416289,2.3637552275511426,0.7884989913104873,-0.10012387954771992,14.887281379523404,0.7025296136727759,1.745041288994933,3.407940421981623,0.3910500714569152,1.2212440798035498,68.87620323513596,0.1388888888888889,0.3370000000000033,61,686,343,171,172,149,72,78,0.5465116279069767
Naive-Y,0.04,0.006432748538011674,TRUE,FALSE,1,1,Inf,1,0.6771973456753686,0.9418604651162791,0,0.09999999999999998,0.8249558311060389,0.6181991383623995,-0.47259584145966166,2.022172566108312,1,1,1,0,0,171,NA,0.10099999999999909,62,686,343,171,172,145,80,74,0.5697674418604651
CC,0.05,0.025000000000000022,TRUE,FALSE,1,1,Inf,1,0.6771973456753686,0.9418604651162791,0,0.09999999999999998,0.9729512837655421,0.729102847222781,-0.30759167544769955,2.384946345009404,1,1,1,0.2504299965600275,1.0696687227691517,80,NA,0.117999999999995,62,686,343,171,172,145,80,74,0.5697674418604651
HT-IPCW,0.01,-0.25295543019936706,FALSE,TRUE,1,1,Inf,1,0.6771973456753686,0.9593023255813954,0,0.09999999999999998,0.29961059488135733,0.22451991320744202,-1.4854420738676293,0.7344203200214668,1,11.49798901293926,11.49798901293926,1.2505168828737103,1.7282659867643644,43.079167378116274,NA,0.5669999999999931,62,686,343,171,172,145,80,74,0.5697674418604651
H-IPCW,0.06999999999999999,0.01668094194786154,TRUE,FALSE,1,1,Inf,0.9729089391265131,0.6588513511603133,0.9069767441860465,0,0.07290893912651308,1.2502349204742347,0.9368915540017657,-0.05683893928993829,3.064637720038897,0.6145086511443916,11.49798901293926,17.770010830138045,1.2505168828737103,1.7282659867643644,43.079167378116274,NA,0.1280000000000001,62,686,343,171,172,145,80,74,0.5697674418604651
Stab-IPCW,0.05,0.02527898747590981,TRUE,FALSE,1,1,Inf,1,0.6771973456753686,0.9418604651162791,0,0.09999999999999998,0.9729512837655421,0.729102847222781,-0.30759167544769955,2.384946345009404,1,1.479629465885669,3.1457479792836667,0.2551169153754436,1.0738424856964284,79.6684974678267,NA,0.14500000000001023,62,686,343,171,172,145,80,74,0.5697674418604651
Clip-IPCW,0.06999999999999999,0.0025050213692545077,TRUE,FALSE,1,1,1.6624396236674497,0.9729089391265131,0.6588513511603133,0.9069767441860465,0,0.07290893912651308,1.2502349204742347,0.9368915540017657,-0.05683893928993829,3.064637720038897,0.6145086511443916,1.6624396236674497,3.006419514363687,0.37028424461739057,1.1004525392342894,77.5892363839318,0.1,0.14500000000001023,62,686,343,171,172,145,80,74,0.5697674418604651
H-AIPCW,0.01,-0.5824854176362267,FALSE,TRUE,1,1,Inf,1,0.6771973456753686,0.9593023255813954,0,0.09999999999999998,0.29961059488135733,0.22451991320744202,-1.4854420738676293,0.7344203200214668,1,11.49798901293926,17.770010830138045,1.2505168828737103,1.7282659867643644,43.079167378116274,NA,0.31799999999999784,62,686,343,171,172,145,80,74,0.5697674418604651
Clip-AIPCW,0.060000000000000005,1.3354716492700773e-4,TRUE,FALSE,1,1,1.6624396236674497,0.9910215089388492,0.6711171353605871,0.9302325581395349,0,0.0910215089388492,1.1141778801633861,0.8349341619611083,-0.17205360358074592,2.7311279684033263,0.8120512407350731,1.6624396236674497,3.006419514363687,0.37028424461739057,1.1004525392342894,77.5892363839318,0.1,0.333999999999989,62,686,343,171,172,145,80,74,0.5697674418604651
Naive-Y,0.06999999999999999,5.847953216374047e-4,TRUE,FALSE,1,1,Inf,0.9234952715093674,0.6087482549730333,0.9127906976744186,0,0.023495271509367366,1.0037523684525669,0.871310146296837,-0.15101574455649303,0.7218468082451343,0.48439946578981186,1,1,0,0,171,NA,0.10200000000000387,63,686,343,171,172,158,66,75,0.563953488372093
CC,0.08,0.009090909090909038,TRUE,FALSE,1,1,Inf,0.9144792135625461,0.6028050631547442,0.9011627906976745,0,0.014479213562546112,1.104237776841012,0.9585367956532027,-0.055605788198730854,0.7941107187475142,0.48439946578981186,1,1,0.23839009287925697,1.2650167507504178,66,NA,0.10099999999999909,63,686,343,171,172,158,66,75,0.563953488372093
HT-IPCW,0.01,-0.22521782243114485,FALSE,TRUE,1,1,Inf,1,0.6591785293909418,0.9883720930232558,0,0.09999999999999998,0.25806463683124553,0.2240137543267957,-1.5093062855209385,0.18558674457202765,1,36.22269421865401,36.22269421865401,7.867350448232439,4.156718789716004,9.407354107576573,NA,0.63900000000001,63,686,343,171,172,158,66,75,0.563953488372093
H-IPCW,0.09999999999999999,2.042557605572667e-5,TRUE,FALSE,0,0,Inf,0.8680793465056986,0.5722192670242762,0.872093023255814,0.0319206534943014,0.0319206534943014,1.2968009590835214,1.1256918228934039,0.10513934057951291,0.9325922036794722,0.48439946578981186,36.22269421865401,53.68057340986577,7.867350448232439,4.156718789716004,9.407354107576573,NA,0.08800000000000807,63,686,343,171,172,158,66,75,0.563953488372093
Stab-IPCW,0.08,0.00904552394732583,TRUE,FALSE,1,1,Inf,0.9144792135625461,0.6028050631547442,0.9011627906976745,0,0.014479213562546112,1.104237776841012,0.9585367956532027,-0.055605788198730854,0.7941107187475142,0.48439946578981186,1.4818085469850781,3.8283695339723,0.2425183724270923,1.2723133335673933,65.53444952206927,NA,0.09399999999999409,63,686,343,171,172,158,66,75,0.563953488372093
Clip-IPCW,0.08,0.02077095951612449,TRUE,FALSE,1,1,1.6996982425999518,0.9144792135625461,0.6028050631547442,0.9011627906976745,0,0.014479213562546112,1.104237776841012,0.9585367956532027,-0.055605788198730854,0.7941107187475142,0.48439946578981186,1.6996982425999518,3.6962068148966343,0.3551527185042959,1.295961231025228,64.05228982193482,0.10606060606060606,0.09099999999999397,63,686,343,171,172,158,66,75,0.563953488372093
H-AIPCW,0.09999999999999999,0.0022263244050315886,TRUE,FALSE,0,0,Inf,0.8680793465056986,0.5722192670242762,0.872093023255814,0.0319206534943014,0.0319206534943014,1.2968009590835214,1.1256918228934039,0.10513934057951291,0.9325922036794722,0.48439946578981186,36.22269421865401,53.68057340986577,7.867350448232439,4.156718789716004,9.407354107576573,NA,0.20199999999999818,63,686,343,171,172,158,66,75,0.563953488372093
Clip-AIPCW,0.08,0.02908243274728802,TRUE,FALSE,1,1,1.6996982425999518,0.9144792135625461,0.6028050631547442,0.9011627906976745,0,0.014479213562546112,1.104237776841012,0.9585367956532027,-0.055605788198730854,0.7941107187475142,0.48439946578981186,1.6996982425999518,3.6962068148966343,0.3551527185042959,1.295961231025228,64.05228982193482,0.10606060606060606,0.20900000000000318,63,686,343,171,172,158,66,75,0.563953488372093
Naive-Y,0.060000000000000005,5.847953216374047e-4,TRUE,FALSE,1,1,Inf,0.9195388100754778,0.6854959993049431,0.877906976744186,0,0.019538810075477753,0.9916129928162071,0.8109564462311238,-0.18482638921285852,0.9354429247413742,0.7717613013519075,1,1,0,0,171,NA,0.06299999999998818,64,686,343,171,172,148,70,81,0.5290697674418605
CC,0.060000000000000005,0,TRUE,FALSE,1,1,Inf,0.9195388100754778,0.6854959993049431,0.877906976744186,0,0.019538810075477753,0.9916129928162071,0.8109564462311238,-0.18482638921285852,0.9354429247413742,0.7717613013519075,1,1,0.2432060543515652,1.2047176174586003,70,NA,0.07099999999999795,64,686,343,171,172,148,70,81,0.5290697674418605
HT-IPCW,0.01,-0.39461487856816235,FALSE,TRUE,1,1,Inf,1,0.7454780502942296,1,0,0.09999999999999998,0.27120441718416877,0.2217951680294502,-1.4812864486826098,0.25584200192157086,1,2.6844461098556462,2.6844461098556462,0.40579510888960285,1.2604654674033104,66.29237646650041,NA,0.33799999999999386,64,686,343,171,172,148,70,81,0.5290697674418605
H-IPCW,0.060000000000000005,0.015238608548826759,TRUE,FALSE,1,1,Inf,0.9195388100754778,0.6854959993049431,0.877906976744186,0,0.019538810075477753,0.9916129928162071,0.8109564462311238,-0.18482638921285852,0.9354429247413742,0.7717613013519075,2.6844461098556462,5.311684092025062,0.40579510888960285,1.2604654674033104,66.29237646650041,NA,0.09000000000000341,64,686,343,171,172,148,70,81,0.5290697674418605
Stab-IPCW,0.05,0.027025748744219185,TRUE,FALSE,1,1,Inf,0.9277843498852382,0.6916428682459468,0.8895348837209303,0,0.027784349885238147,0.8674360542714613,0.7094026248152596,-0.3186174957197274,0.8183000076766956,0.8529641346498702,1.1805217743506153,2.9253717778123742,0.2384461973329734,1.2100470738169544,69.63529485785361,NA,0.07899999999999352,64,686,343,171,172,148,70,81,0.5290697674418605
Clip-IPCW,0.060000000000000005,0.01367969855273612,TRUE,FALSE,1,1,1.7633174208464437,0.9195388100754778,0.6854959993049431,0.877906976744186,0,0.019538810075477753,0.9916129928162071,0.8109564462311238,-0.18482638921285852,0.9354429247413742,0.7717613013519075,1.7633174208464437,3.553226700006209,0.37693178960451373,1.2371541089922293,67.81409428417679,0.07142857142857142,0.09399999999999409,64,686,343,171,172,148,70,81,0.5290697674418605
H-AIPCW,0.06999999999999999,0.0016868432381320388,TRUE,FALSE,1,1,Inf,0.9034528863155314,0.6735042962231967,0.8662790697674418,0,0.0034528863155314227,1.1110519548176567,0.9086354771312187,-0.07109673960993444,1.048116248661222,0.7717613013519075,2.6844461098556462,5.311684092025062,0.40579510888960285,1.2604654674033104,66.29237646650041,NA,0.19899999999999807,64,686,343,171,172,148,70,81,0.5290697674418605
Clip-AIPCW,0.060000000000000005,0.02506853612394954,TRUE,FALSE,1,1,1.7633174208464437,0.9195388100754778,0.6854959993049431,0.877906976744186,0,0.019538810075477753,0.9916129928162071,0.8109564462311238,-0.18482638921285852,0.9354429247413742,0.7717613013519075,1.7633174208464437,3.553226700006209,0.37693178960451373,1.2371541089922293,67.81409428417679,0.07142857142857142,0.23499999999999943,64,686,343,171,172,148,70,81,0.5290697674418605
Naive-Y,0.04,5.847953216374047e-4,TRUE,FALSE,1,1,Inf,0.9697338688068631,0.5612061331577671,0.9418604651162791,0,0.06973386880686305,0.7762625400887246,0.658918940097392,-0.3628310424978662,0.5107657870705924,0.946864514309099,1,1,0,0,171,NA,0.09499999999999886,65,686,343,171,172,151,74,74,0.5697674418604651
CC,0.05,0.00540540540540535,TRUE,FALSE,1,1,Inf,0.9391560796593521,0.5435100998851519,0.9244186046511628,0,0.03915607965935208,0.9066805755051729,0.7696223545071201,-0.20753161918376742,0.5965783402566174,0.9178148557092762,1,1,0.24692122463020297,1.1482688982285942,74,NA,0.06200000000001182,65,686,343,171,172,151,74,74,0.5697674418604651
HT-IPCW,0.01,-0.2747041765323526,FALSE,TRUE,1,1,Inf,0.9899477930367748,0.5729043718373861,0.9709302325581395,0,0.0899477930367748,0.2992308190826796,0.25399764122573515,-1.316106584567584,0.1968881105702641,0.959274205475788,7.196787889751871,7.196787889751871,1.009506713590111,1.6068268414226752,47.94221752589954,NA,0.362000000000009,65,686,343,171,172,151,74,74,0.5697674418604651
H-IPCW,0.060000000000000005,0.01433865402398527,TRUE,FALSE,1,1,Inf,0.9289134980826298,0.5375824946058831,0.9069767441860465,0,0.028913498082629774,1.030043787731002,0.8743373869207184,-0.0799652376384871,0.6777489557817209,0.8964125293226111,7.196787889751871,11.509413016452411,1.009506713590111,1.6068268414226752,47.94221752589954,NA,0.08200000000000784,65,686,343,171,172,151,74,74,0.5697674418604651
Stab-IPCW,0.05,0.003333082529290414,TRUE,FALSE,1,1,Inf,0.9391560796593521,0.5435100998851519,0.9244186046511628,0,0.03915607965935208,0.9066805755051729,0.7696223545071201,-0.20753161918376742,0.5965783402566174,0.9178148557092762,1.3435464386005311,3.1755249939239865,0.24265294774292936,1.1642751792831736,72.84005041022941,NA,0.1110000000000042,65,686,343,171,172,151,74,74,0.5697674418604651
Clip-IPCW,0.05,0.02219155373473841,TRUE,FALSE,1,1,1.8483071716330628,0.9391560796593521,0.5435100998851519,0.9244186046511628,0,0.03915607965935208,0.9066805755051729,0.7696223545071201,-0.20753161918376742,0.5965783402566174,0.9178148557092762,1.8483071716330628,3.4562263637577595,0.4120701334803222,1.200365760938441,70.29944103672156,0.13513513513513514,0.09999999999999432,65,686,343,171,172,151,74,74,0.5697674418604651
H-AIPCW,0.01,-0.7440299637369636,FALSE,TRUE,1,1,Inf,0.9899477930367748,0.5729043718373861,0.9709302325581395,0,0.0899477930367748,0.2992308190826796,0.25399764122573515,-1.316106584567584,0.1968881105702641,0.959274205475788,7.196787889751871,11.509413016452411,1.009506713590111,1.6068268414226752,47.94221752589954,NA,0.3499999999999943,65,686,343,171,172,151,74,74,0.5697674418604651
Clip-AIPCW,0.05,0.0013006003022936856,TRUE,FALSE,1,1,1.8483071716330628,0.9391560796593521,0.5435100998851519,0.9244186046511628,0,0.03915607965935208,0.9066805755051729,0.7696223545071201,-0.20753161918376742,0.5965783402566174,0.9178148557092762,1.8483071716330628,3.4562263637577595,0.4120701334803222,1.200365760938441,70.29944103672156,0.13513513513513514,0.21800000000000352,65,686,343,171,172,151,74,74,0.5697674418604651
Naive-Y,0.03,0.006432748538011674,TRUE,FALSE,1,1,Inf,0.9514731944051368,0.6154287979435753,0.9302325581395349,0,0.05147319440513676,0.6765145497119309,0.5687266522892165,-0.559375481200677,0.5434753787404819,0.8208300775902665,1,1,0,0,171,NA,0.06099999999999284,66,686,343,171,172,144,83,72,0.5813953488372093
CC,0.05,0.015662650602409567,TRUE,FALSE,1,1,Inf,0.923979721411208,0.5976455591351227,0.9069767441860465,0,0.023979721411207966,0.970385608850911,0.8157757419798457,-0.19863590851573737,0.7795555713016487,0.6849715931676897,1,1,0.25125558995528036,1.03270405993562,83,NA,0.07600000000000762,66,686,343,171,172,144,83,72,0.5813953488372093
HT-IPCW,0.01,-0.1925271503902315,FALSE,TRUE,1,1,Inf,1,0.6468167485562668,0.9825581395348837,0,0.09999999999999998,0.3140297710174194,0.26399594874335697,-1.3268416423436984,0.2522746167279792,1,10.040129558171678,10.040129558171678,1.2592720744929842,1.58617101139004,48.840043443533986,NA,0.39000000000000057,66,686,343,171,172,144,83,72,0.5813953488372093
H-IPCW,0.060000000000000005,0.014757632052671717,TRUE,FALSE,0,1,Inf,0.896580240948493,0.5799231162700984,0.8837209302325582,0.003419759051507043,0.003419759051507043,1.1049096750536205,0.9288663205289365,-0.06881056733708131,0.8876249659072172,0.6849715931676897,10.040129558171678,14.191540443862495,1.2592720744929842,1.58617101139004,48.840043443533986,NA,0.07499999999998863,66,686,343,171,172,144,83,72,0.5813953488372093
Stab-IPCW,0.05,0.015474727799085715,TRUE,FALSE,1,1,Inf,0.923979721411208,0.5976455591351227,0.9069767441860465,0,0.023979721411207966,0.970385608850911,0.8157757419798457,-0.19863590851573737,0.7795555713016487,0.6849715931676897,2.0932739272997365,4.293397050557127,0.26863119591536727,1.0630488260733206,80.52878899789832,NA,0.08799999999999386,66,686,343,171,172,144,83,72,0.5813953488372093
Clip-IPCW,0.05,0.02680500415277965,TRUE,FALSE,1,1,1.5452163129614886,0.923979721411208,0.5976455591351227,0.9069767441860465,0,0.023979721411207966,0.970385608850911,0.8157757419798457,-0.19863590851573737,0.7795555713016487,0.6849715931676897,1.5452163129614886,2.6707401686996555,0.37658617754551993,1.060655972224966,80.72083436414079,0.14457831325301204,0.1490000000000009,66,686,343,171,172,144,83,72,0.5813953488372093
H-AIPCW,0.04,0.017017444592576966,TRUE,FALSE,1,1,Inf,0.9424476664637219,0.6095909353065055,0.9186046511627907,0,0.04244766646372189,0.8285225419734972,0.6965154730868441,-0.35668539124285265,0.6655904185443007,0.8208300775902665,10.040129558171678,14.191540443862495,1.2592720744929842,1.58617101139004,48.840043443533986,NA,0.2149999999999892,66,686,343,171,172,144,83,72,0.5813953488372093
Clip-AIPCW,0.05,0.013461867723732236,TRUE,FALSE,1,1,1.5452163129614886,0.923979721411208,0.5976455591351227,0.9069767441860465,0,0.023979721411207966,0.970385608850911,0.8157757419798457,-0.19863590851573737,0.7795555713016487,0.6849715931676897,1.5452163129614886,2.6707401686996555,0.37658617754551993,1.060655972224966,80.72083436414079,0.14457831325301204,0.22400000000000375,66,686,343,171,172,144,83,72,0.5813953488372093
Naive-Y,0.06999999999999999,5.847953216374047e-4,TRUE,FALSE,1,1,Inf,0.921855865338607,0.6365152337118368,0.8662790697674418,0,0.02185586533860695,1.9619764019638921,0.8692356869813845,-0.02808617446672786,10.758834152921432,0.8459144996948932,1,1,0,0,171,NA,0.06599999999998829,67,686,343,171,172,150,74,75,0.563953488372093
CC,0.060000000000000005,0.018918918918918948,TRUE,FALSE,1,1,Inf,0.9303816760928508,0.6424020633441754,0.8837209302325582,0,0.030381676092850807,1.751056312483412,0.7757894718820479,-0.14181929502494003,9.60221766152614,0.8459144996948932,1,1,0.24692122463020297,1.1482688982285942,74,NA,0.0799999999999983,67,686,343,171,172,150,74,75,0.563953488372093
HT-IPCW,0.01,-0.16808104125250478,FALSE,TRUE,1,1,Inf,1,0.6904715342653251,0.9709302325581395,0,0.09999999999999998,0.4788918865512995,0.21216866705407555,-1.4383189216164995,2.6260858078760516,1,22.75363691453235,22.75363691453235,3.7433104494770304,2.6434124222085935,21.51818765564577,NA,0.4480000000000075,67,686,343,171,172,150,74,75,0.563953488372093
H-IPCW,0.08,0.011653885240370133,TRUE,FALSE,0,1,Inf,0.8962422210302156,0.6188297414280955,0.8488372093023255,0.0037577789697844644,0.0037577789697844644,2.1662787835210304,0.9597499871569586,0.07097234122043165,11.879161307733243,0.7958741970345584,22.75363691453235,31.087645213439714,3.7433104494770304,2.6434124222085935,21.51818765564577,NA,0.07900000000000773,67,686,343,171,172,150,74,75,0.563953488372093
Stab-IPCW,0.060000000000000005,0.018516056667608347,TRUE,FALSE,1,1,Inf,0.9303816760928508,0.6424020633441754,0.8837209302325582,0,0.030381676092850807,1.751056312483412,0.7757894718820479,-0.14181929502494003,9.60221766152614,0.8459144996948932,2.8816201588818924,6.366974057038177,0.3062908818307553,1.222822386107468,68.76997766123046,NA,0.08499999999999375,67,686,343,171,172,150,74,75,0.563953488372093
Clip-IPCW,0.06999999999999999,0.001102715391497755,TRUE,FALSE,1,1,1.7276081993685308,0.921855865338607,0.6365152337118368,0.8662790697674418,0,0.02185586533860695,1.9619764019638921,0.8692356869813845,-0.02808617446672786,10.758834152921432,0.8459144996948932,1.7276081993685308,3.2496816353995976,0.3989607591926157,1.1881209405866935,71.14990941273929,0.13513513513513514,0.09499999999999886,67,686,343,171,172,150,74,75,0.563953488372093
H-AIPCW,0.04,0.005707629832731417,TRUE,FALSE,1,1,Inf,0.974290695831089,0.6727199915709232,0.9186046511627907,0,0.07429069583108894,1.3015314940916496,0.576631615580198,-0.43849686453329256,7.137171209459736,0.9437896888570819,22.75363691453235,31.087645213439714,3.7433104494770304,2.6434124222085935,21.51818765564577,NA,0.20699999999999363,67,686,343,171,172,150,74,75,0.563953488372093
Clip-AIPCW,0.06999999999999999,0.00198200565296086,TRUE,FALSE,1,1,1.7276081993685308,0.921855865338607,0.6365152337118368,0.8662790697674418,0,0.02185586533860695,1.9619764019638921,0.8692356869813845,-0.02808617446672786,10.758834152921432,0.8459144996948932,1.7276081993685308,3.2496816353995976,0.3989607591926157,1.1881209405866935,71.14990941273929,0.13513513513513514,0.23699999999999477,67,686,343,171,172,150,74,75,0.563953488372093
Naive-Y,0.05,0.018128654970760213,TRUE,FALSE,1,1,Inf,0.947387742009395,0.5779972813845876,0.9069767441860465,0,0.047387742009394995,1.018148724803073,0.7701027709011116,-0.18113855668265327,1.2110604284930242,0.68899476447199,1,1,0,0,171,NA,0.06399999999999295,68,686,343,171,172,150,82,67,0.6104651162790697
CC,0.04,0.06341463414634141,TRUE,FALSE,1,1,Inf,0.9569566224551526,0.5838352151452793,0.9127906976744186,0,0.05695662245515254,0.8707510272566699,0.6586147608101655,-0.3375237492305076,1.0357348455002662,0.68899476447199,1,1,0.25104919160646716,1.0448685844066983,82,NA,0.11600000000001387,68,686,343,171,172,150,82,67,0.6104651162790697
HT-IPCW,0.01,-0.2497968597548611,FALSE,TRUE,1,1,Inf,0.9808880558291355,0.5984356821097983,0.9418604651162791,0,0.0808880558291355,0.33342426962773464,0.2521939552354315,-1.2974640762220455,0.39659916965808617,0.9522532079351761,6.119744855886236,6.119744855886236,0.7298719805073481,1.3139362156623628,62.95253330923156,NA,0.5790000000000077,68,686,343,171,172,150,82,67,0.6104651162790697
H-IPCW,0.05,0.015667330099977346,TRUE,FALSE,1,1,Inf,0.947387742009395,0.5779972813845876,0.9069767441860465,0,0.047387742009394995,1.018148724803073,0.7701027709011116,-0.18113855668265327,1.2110604284930242,0.68899476447199,6.119744855886236,9.412050599415709,0.7298719805073481,1.3139362156623628,62.95253330923156,NA,0.08599999999999852,68,686,343,171,172,150,82,67,0.6104651162790697
Stab-IPCW,0.04,0.06336140573953901,TRUE,FALSE,1,1,Inf,0.9569566224551526,0.5838352151452793,0.9127906976744186,0,0.05695662245515254,0.8707510272566699,0.6586147608101655,-0.3375237492305076,1.0357348455002662,0.68899476447199,1.5090779552524758,3.149180849664683,0.25397341704071835,1.0516713864836174,81.44622607741697,NA,0.0870000000000033,68,686,343,171,172,150,82,67,0.6104651162790697
Clip-IPCW,0.05,0.006074830182484939,TRUE,FALSE,1,1,1.7610915576745114,0.947387742009395,0.5779972813845876,0.9069767441860465,0,0.047387742009394995,1.018148724803073,0.7701027709011116,-0.18113855668265327,1.2110604284930242,0.68899476447199,1.7610915576745114,3.0166089242601783,0.3989359192232765,1.0819038015564189,79.03235871128526,0.08536585365853659,0.09799999999999898,68,686,343,171,172,150,82,67,0.6104651162790697
H-AIPCW,0.04,0.02632557098672196,TRUE,FALSE,1,1,Inf,0.9569566224551526,0.5838352151452793,0.9127906976744186,0,0.05695662245515254,0.8707510272566699,0.6586147608101655,-0.3375237492305076,1.0357348455002662,0.68899476447199,6.119744855886236,9.412050599415709,0.7298719805073481,1.3139362156623628,62.95253330923156,NA,0.19499999999999318,68,686,343,171,172,150,82,67,0.6104651162790697
Clip-AIPCW,0.05,0.00569454442223147,TRUE,FALSE,1,1,1.7610915576745114,0.947387742009395,0.5779972813845876,0.9069767441860465,0,0.047387742009394995,1.018148724803073,0.7701027709011116,-0.18113855668265327,1.2110604284930242,0.68899476447199,1.7610915576745114,3.0166089242601783,0.3989359192232765,1.0819038015564189,79.03235871128526,0.08536585365853659,0.20399999999999352,68,686,343,171,172,150,82,67,0.6104651162790697
Naive-Y,0.06999999999999999,5.847953216374047e-4,TRUE,FALSE,1,1,Inf,0.9256116936953978,0.5836534240913641,0.9011627906976745,0,0.02561169369539773,1.0134319493733235,0.82786578541831,-0.17010428922344117,1.3024428345818462,0.7298813989690685,1,1,0,0,171,NA,0.06300000000000239,69,686,343,171,172,152,72,75,0.563953488372093
CC,0.09999999999999999,0.002777777777777768,TRUE,FALSE,0,1,Inf,0.8868986507139274,0.5592425396491815,0.8662790697674418,0.01310134928607265,0.01310134928607265,1.3418132863138212,1.0961183045845622,0.11057506825734725,1.72447207845267,0.5922408547259672,1,1,0.2452012383900929,1.1760477181195148,72,NA,0.06499999999999773,69,686,343,171,172,152,72,75,0.563953488372093
HT-IPCW,0.01,-0.2858683750210176,FALSE,TRUE,1,1,Inf,1,0.6305596915713059,0.9767441860465116,0,0.09999999999999998,0.2287808650706659,0.18688955944947905,-1.6584374843568155,0.2940246738668376,1,7.659538445399367,7.659538445399367,0.9206872068172798,1.5624084969423115,49.90013037600353,NA,0.38700000000000045,69,686,343,171,172,152,72,75,0.563953488372093
H-IPCW,0.12,0.01028714946473489,TRUE,FALSE,0,0,Inf,0.8032381155826992,0.5064895784201439,0.8197674418604651,0.09676188441730083,0.09676188441730083,1.5520489605921874,1.2678584216363613,0.25612913833791034,1.9946628373947606,0.5535417816073335,7.659538445399367,12.472144624796844,0.9206872068172798,1.5624084969423115,49.90013037600353,NA,0.07900000000000773,69,686,343,171,172,152,72,75,0.563953488372093
Stab-IPCW,0.09999999999999999,0.005070014301447287,TRUE,FALSE,0,1,Inf,0.8868986507139274,0.5592425396491815,0.8662790697674418,0.01310134928607265,0.01310134928607265,1.3418132863138212,1.0961183045845622,0.11057506825734725,1.72447207845267,0.5922408547259672,1.949472181674234,4.564038943922219,0.26429364717222403,1.2035819366543568,70.0780015511891,NA,0.08299999999999841,69,686,343,171,172,152,72,75,0.563953488372093
Clip-IPCW,0.09999999999999999,0.019009272983484534,TRUE,FALSE,0,1,1.7492471930759568,0.8868986507139274,0.5592425396491815,0.8662790697674418,0.01310134928607265,0.01310134928607265,1.3418132863138212,1.0961183045845622,0.11057506825734725,1.72447207845267,0.5922408547259672,1.7492471930759568,3.293269726145872,0.41953597090230477,1.2194407891965862,68.99780464252288,0.1388888888888889,0.08799999999999386,69,686,343,171,172,152,72,75,0.563953488372093
H-AIPCW,0.01,-0.02257639338581735,FALSE,TRUE,1,1,Inf,1,0.6305596915713059,0.9767441860465116,0,0.09999999999999998,0.2287808650706659,0.18688955944947905,-1.6584374843568155,0.2940246738668376,1,7.659538445399367,12.472144624796844,0.9206872068172798,1.5624084969423115,49.90013037600353,NA,0.19700000000000273,69,686,343,171,172,152,72,75,0.563953488372093
Clip-AIPCW,0.09999999999999999,0.008488379667515073,TRUE,FALSE,0,1,1.7492471930759568,0.8868986507139274,0.5592425396491815,0.8662790697674418,0.01310134928607265,0.01310134928607265,1.3418132863138212,1.0961183045845622,0.11057506825734725,1.72447207845267,0.5922408547259672,1.7492471930759568,3.293269726145872,0.41953597090230477,1.2194407891965862,68.99780464252288,0.1388888888888889,0.24099999999999966,69,686,343,171,172,152,72,75,0.563953488372093
Naive-Y,0.04,0.012280701754385942,TRUE,FALSE,1,1,Inf,0.9753451828852598,0.7157385883320315,0.9127906976744186,0,0.07534518288525982,0.9822668884341469,0.6165079608553425,-0.3849109121498388,2.697653192503926,0.8517634358451565,1,1,0,0,171,NA,0.06099999999999284,70,686,343,171,172,137,75,87,0.4941860465116279
CC,0.04,0.020000000000000018,TRUE,FALSE,1,1,Inf,0.9753451828852598,0.7157385883320315,0.9127906976744186,0,0.07534518288525982,0.9822668884341469,0.6165079608553425,-0.3849109121498388,2.697653192503926,0.8517634358451565,1,1,0.2476780185758514,1.1346935320890421,75,NA,0.07800000000000296,70,686,343,171,172,137,75,87,0.4941860465116279
HT-IPCW,0.01,-0.292168203903319,FALSE,TRUE,1,1,Inf,1,0.7338310588818804,0.9767441860465116,0,0.09999999999999998,0.3637637298149658,0.22831191597923173,-1.378269401092365,0.9990241945514453,1,9.308301321434834,9.308301321434834,0.956142879300183,1.608710820397167,47.861402913287854,NA,0.3719999999999999,70,686,343,171,172,137,75,87,0.4941860465116279
H-IPCW,0.060000000000000005,0.0062501299182442255,TRUE,FALSE,1,1,Inf,0.9328389022791713,0.6845461594257353,0.877906976744186,0,0.0328389022791713,1.3189914683835378,0.8278490806658657,-0.09015127961111316,3.6224182933036313,0.6734301424980587,9.308301321434834,15.313942740754987,0.956142879300183,1.608710820397167,47.861402913287854,NA,0.08599999999999852,70,686,343,171,172,137,75,87,0.4941860465116279
Stab-IPCW,0.04,0.0220042199088605,TRUE,FALSE,1,1,Inf,0.9753451828852598,0.7157385883320315,0.9127906976744186,0,0.07534518288525982,0.9822668884341469,0.6165079608553425,-0.3849109121498388,2.697653192503926,0.8517634358451565,2.764765656601625,6.052803544083535,0.29617481286835384,1.1914403758411602,70.91819671244636,NA,0.09600000000000364,70,686,343,171,172,137,75,87,0.4941860465116279
Clip-IPCW,0.05,0.005156264683088394,TRUE,FALSE,1,1,1.701962446346439,0.9593272495002636,0.7039841313150204,0.8953488372093024,0,0.05932724950026358,1.1548115424844838,0.7248035311098167,-0.22308152109885518,3.171521997743188,0.8517634358451565,1.701962446346439,3.2191905205476767,0.3813850075362566,1.1680959424343862,72.56620270369055,0.09333333333333334,0.0899999999999892,70,686,343,171,172,137,75,87,0.4941860465116279
H-AIPCW,0.01,-10.875501266924013,FALSE,TRUE,1,1,Inf,1,0.7338310588818804,0.9767441860465116,0,0.09999999999999998,0.3637637298149658,0.22831191597923173,-1.378269401092365,0.9990241945514453,1,9.308301321434834,15.313942740754987,0.956142879300183,1.608710820397167,47.861402913287854,NA,0.2150000000000034,70,686,343,171,172,137,75,87,0.4941860465116279
Clip-AIPCW,0.04,0.004971618318708203,TRUE,FALSE,1,1,1.701962446346439,0.9753451828852598,0.7157385883320315,0.9127906976744186,0,0.07534518288525982,0.9822668884341469,0.6165079608553425,-0.3849109121498388,2.697653192503926,0.8517634358451565,1.701962446346439,3.2191905205476767,0.3813850075362566,1.1680959424343862,72.56620270369055,0.09333333333333334,0.25900000000000034,70,686,343,171,172,137,75,87,0.4941860465116279
Naive-Y,0.04,0.018128654970760213,TRUE,FALSE,1,1,Inf,0.9626686128516849,0.7686770536381979,0.9127906976744186,0,0.0626686128516849,1.0855789191400018,0.5775929759425606,-0.4419964833808343,3.0416855202777597,0.9132539421464636,1,1,0,0,171,NA,0.06199999999999761,71,686,343,171,172,143,76,80,0.5348837209302325
CC,0.06999999999999999,0.007894736842105288,TRUE,FALSE,1,1,Inf,0.9404697364905229,0.7509515698657198,0.877906976744186,0,0.04046973649052288,1.6631474526290908,0.8848940133770584,-0.015398031180962083,4.659975829998908,0.8581125571599779,1,1,0.24836601307189543,1.1213175023946031,76,NA,0.0589999999999975,71,686,343,171,172,143,76,80,0.5348837209302325
HT-IPCW,0.01,-0.3021594717623527,FALSE,TRUE,1,1,Inf,1,0.7984856298172727,0.9651162790697675,0,0.09999999999999998,0.3839878124810511,0.20430450465296965,-1.4812543593338472,1.075896140385642,1,4.561406116335572,4.561406116335572,0.6381309799514762,1.3361941364800745,61.622204571789005,NA,0.3719999999999999,71,686,343,171,172,143,76,80,0.5348837209302325
H-IPCW,0.08,0.017958742187698662,TRUE,FALSE,1,1,Inf,0.9245878757611391,0.7382701322985474,0.8662790697674418,0,0.024587875761139077,1.843521364170487,0.9808637328628874,0.08756763343782521,5.165365816206414,0.8449647732909179,4.561406116335572,7.6298041047534495,0.6381309799514762,1.3361941364800745,61.622204571789005,NA,0.0759999999999934,71,686,343,171,172,143,76,80,0.5348837209302325
Stab-IPCW,0.06999999999999999,0.009594301547343568,TRUE,FALSE,1,1,Inf,0.9404697364905229,0.7509515698657198,0.877906976744186,0,0.04046973649052288,1.6631474526290908,0.8848940133770584,-0.015398031180962083,4.659975829998908,0.8581125571599779,1.4892280150349768,3.307129526003883,0.25763129147037866,1.1271697174581896,75.56068414688075,NA,0.07899999999999352,71,686,343,171,172,143,76,80,0.5348837209302325
Clip-IPCW,0.08,0.008946498774214107,TRUE,FALSE,1,1,1.6611749284317556,0.9245878757611391,0.7382701322985474,0.8662790697674418,0,0.024587875761139077,1.843521364170487,0.9808637328628874,0.08756763343782521,5.165365816206414,0.8449647732909179,1.6611749284317556,3.0838578766140103,0.3851970402961124,1.1521803328976115,73.71464143542815,0.10526315789473684,0.09900000000000375,71,686,343,171,172,143,76,80,0.5348837209302325
H-AIPCW,0.09,0.0018472881946054263,TRUE,FALSE,1,1,Inf,0.9171798661342226,0.7323549430659066,0.8488372093023255,0,0.01717986613422262,2.019807333814582,1.0746584225242488,0.17889223345933722,5.659301790681077,0.8449647732909179,4.561406116335572,7.6298041047534495,0.6381309799514762,1.3361941364800745,61.622204571789005,NA,0.1980000000000075,71,686,343,171,172,143,76,80,0.5348837209302325
Clip-AIPCW,0.08,0.007682808863973827,TRUE,FALSE,1,1,1.6611749284317556,0.9245878757611391,0.7382701322985474,0.8662790697674418,0,0.024587875761139077,1.843521364170487,0.9808637328628874,0.08756763343782521,5.165365816206414,0.8449647732909179,1.6611749284317556,3.0838578766140103,0.3851970402961124,1.1521803328976115,73.71464143542815,0.10526315789473684,0.20900000000000318,71,686,343,171,172,143,76,80,0.5348837209302325
Naive-Y,0.08,5.847953216374047e-4,TRUE,FALSE,0,0,Inf,0.7976822683859769,0.4480274622980569,0.8546511627906976,0.10231773161402313,0.10231773161402313,1.2576126742197171,1.1361242961540183,0.12827318254392805,0.6622236884546867,0.5410461861125712,1,1,0,0,171,NA,0.06900000000000261,72,686,343,171,172,154,75,70,0.5930232558139535
CC,0.06999999999999999,0.033333333333333326,TRUE,FALSE,0,0,Inf,0.8302304232620991,0.46630850953900815,0.877906976744186,0.06976957673790096,0.06976957673790096,1.147803332966966,1.0369227986664682,0.0369079322761112,0.6044011581304799,0.6442351460604713,1,1,0.2476780185758514,1.1346935320890421,75,NA,0.12399999999999523,72,686,343,171,172,154,75,70,0.5930232558139535
HT-IPCW,0.01,-0.2984190515634195,FALSE,TRUE,1,1,Inf,1,0.5616615537970923,0.9883720930232558,0,0.09999999999999998,0.3125913050937066,0.28239424090076126,-1.263800714380016,0.16460184545011416,1,5.932979778712812,5.932979778712812,0.6875446041506564,1.3648560001537573,59.95922462730294,NA,0.39100000000000534,72,686,343,171,172,154,75,70,0.5930232558139535
H-IPCW,0.09,0.009801842089444247,TRUE,FALSE,0,0,Inf,0.7528755645440538,0.4228612593976762,0.8255813953488372,0.14712443545594622,0.14712443545594622,1.3637672717226168,1.2320241068380384,0.20930888476044404,0.7181217328572761,0.42980224706286024,5.932979778712812,9.765832303862453,0.6875446041506564,1.3648560001537573,59.95922462730294,NA,0.07800000000000296,72,686,343,171,172,154,75,70,0.5930232558139535
Stab-IPCW,0.06999999999999999,0.032465907475532726,TRUE,FALSE,0,0,Inf,0.8302304232620991,0.46630850953900815,0.877906976744186,0.06976957673790096,0.06976957673790096,1.147803332966966,1.0369227986664682,0.0369079322761112,0.6044011581304799,0.6442351460604713,1.273942241529184,2.9570391795145317,0.2441438570208582,1.1469123815506523,74.09925316895621,NA,0.09000000000000341,72,686,343,171,172,154,75,70,0.5930232558139535
Clip-IPCW,0.09,0.001687116821190413,TRUE,FALSE,0,0,1.8417398356467178,0.7528755645440538,0.4228612593976762,0.8255813953488372,0.14712443545594622,0.14712443545594622,1.3637672717226168,1.2320241068380384,0.20930888476044404,0.7181217328572761,0.42980224706286024,1.8417398356467178,3.3042845557344123,0.43154320594754664,1.1785860614043664,71.82031565853728,0.10666666666666667,0.09099999999999397,72,686,343,171,172,154,75,70,0.5930232558139535
H-AIPCW,0.060000000000000005,0.003991321082435162,TRUE,FALSE,0,0,Inf,0.8728086520379529,0.49022306367118224,0.9011627906976745,0.02719134796204714,0.02719134796204714,1.0334986579659626,0.9336602273718504,-0.06799223659334654,0.544211510682991,0.6969636510872876,5.932979778712812,9.765832303862453,0.6875446041506564,1.3648560001537573,59.95922462730294,NA,0.2360000000000042,72,686,343,171,172,154,75,70,0.5930232558139535
Clip-AIPCW,0.06999999999999999,0.029390050920292617,TRUE,FALSE,0,0,1.8417398356467178,0.8302304232620991,0.46630850953900815,0.877906976744186,0.06976957673790096,0.06976957673790096,1.147803332966966,1.0369227986664682,0.0369079322761112,0.6044011581304799,0.6442351460604713,1.8417398356467178,3.3042845557344123,0.43154320594754664,1.1785860614043664,71.82031565853728,0.10666666666666667,0.23000000000000398,72,686,343,171,172,154,75,70,0.5930232558139535
Naive-Y,0.05,5.847953216374047e-4,TRUE,FALSE,1,1,Inf,0.9480931399557976,0.6596918931025697,0.9069767441860465,0,0.04809313995579756,0.960280044190417,0.7257587862751775,-0.2854533718550815,1.0180115760727881,0.7302825558748571,1,1,0,0,171,NA,0.13100000000000023,73,686,343,171,172,148,73,78,0.5465116279069767
CC,0.06999999999999999,0.004109589041095818,TRUE,FALSE,1,1,Inf,0.9092082999378613,0.6326354651596159,0.877906976744186,0,0.00920829993786132,1.223617440409888,0.9247834668538892,-0.0431114609414184,1.2971806782384991,0.40500239727551757,1,1,0.24609563123495012,1.162051036227645,73,NA,0.06900000000000261,73,686,343,171,172,148,73,78,0.5465116279069767
HT-IPCW,0.01,-0.29472902684901625,FALSE,TRUE,1,1,Inf,1,0.6958091618860633,0.9883720930232558,0,0.09999999999999998,0.3076252667390151,0.23249649054647442,-1.4237959506731188,0.3261195361992735,1,12.719683387898023,12.719683387898023,1.3397342060434023,1.9123151950544597,36.88871725883936,NA,0.3340000000000032,73,686,343,171,172,148,73,78,0.5465116279069767
H-IPCW,0.09,0.002852206753695476,TRUE,FALSE,0,0,Inf,0.8295162526365569,0.5771850085179107,0.8197674418604651,0.0704837473634431,0.0704837473634431,1.4693393036529905,1.1104947104723462,0.13988979896565076,1.5576752108376273,0.25763956925443704,12.719683387898023,21.014857728399807,1.3397342060434023,1.9123151950544597,36.88871725883936,NA,0.08499999999999375,73,686,343,171,172,148,73,78,0.5465116279069767
Stab-IPCW,0.06999999999999999,0.004378376284077027,TRUE,FALSE,1,1,Inf,0.9092082999378613,0.6326354651596159,0.877906976744186,0,0.00920829993786132,1.223617440409888,0.9247834668538892,-0.0431114609414184,1.2971806782384991,0.40500239727551757,2.810574392033141,6.339338760746934,0.29050952332186214,1.2157074051321244,69.25035153030875,NA,0.07500000000000284,73,686,343,171,172,148,73,78,0.5465116279069767
Clip-IPCW,0.06999999999999999,0.010160818523375997,TRUE,FALSE,1,1,1.8296579485118505,0.9092082999378613,0.6326354651596159,0.877906976744186,0,0.00920829993786132,1.223617440409888,0.9247834668538892,-0.0431114609414184,1.2971806782384991,0.40500239727551757,1.8296579485118505,3.5212119427462403,0.39347769567819524,1.2072085958828116,69.82926357406448,0.0958904109589041,0.08899999999999864,73,686,343,171,172,148,73,78,0.5465116279069767
H-AIPCW,0.01,-23.06776767735706,FALSE,TRUE,1,1,Inf,1,0.6958091618860633,0.9883720930232558,0,0.09999999999999998,0.3076252667390151,0.23249649054647442,-1.4237959506731188,0.3261195361992735,1,12.719683387898023,21.014857728399807,1.3397342060434023,1.9123151950544597,36.88871725883936,NA,0.19299999999999784,73,686,343,171,172,148,73,78,0.5465116279069767
Clip-AIPCW,0.03,0.03341911418083249,TRUE,FALSE,1,1,1.8296579485118505,0.9827688170397383,0.6838195469121783,0.9476744186046512,0,0.08276881703973826,0.6673029652696922,0.50433307771199,-0.6494341628927108,0.7074208690496743,0.8688946043384765,1.8296579485118505,3.5212119427462403,0.39347769567819524,1.2072085958828116,69.82926357406448,0.0958904109589041,0.2259999999999991,73,686,343,171,172,148,73,78,0.5465116279069767
Naive-Y,0.08,0.006432748538011674,TRUE,FALSE,1,1,Inf,0.9840735269050773,0.7864087102277038,0.9186046511627907,0,0.0840735269050773,1.0965340443957659,0.8103510210439315,-0.09707114901661337,0.9610431759647086,0.8894685080851605,1,1,0,0,171,NA,0.06500000000001194,74,686,343,171,172,134,80,85,0.5058139534883721
CC,0.06999999999999999,0.012499999999999956,TRUE,FALSE,1,1,Inf,0.9926978768917354,0.7933007399024481,0.9244186046511628,0,0.09269787689173536,0.9815982444168578,0.7254121690826756,-0.20779865972940345,0.8603091706610784,0.9604968792049896,1,1,0.2504299965600275,1.0696687227691517,80,NA,0.0799999999999983,74,686,343,171,172,134,80,85,0.5058139534883721
HT-IPCW,0.01,-0.03378259040796805,FALSE,TRUE,1,1,Inf,1,0.7991361303062063,0.9709302325581395,0,0.09999999999999998,0.2029227443788272,0.14996219583043735,-1.7841554275887366,0.17784903234879978,1,26.40555841350482,26.40555841350482,5.325942096598064,2.664227533059065,21.224837083645138,NA,0.6350000000000051,74,686,343,171,172,134,80,85,0.5058139534883721
H-IPCW,0.09999999999999999,8.545064000631933e-4,TRUE,FALSE,1,1,Inf,0.9507132222930339,0.7597492854941992,0.877906976744186,0,0.05071322229303388,1.321419093063311,0.9765436073449604,0.08948074397535691,1.1581407877561682,0.7829191005794436,26.40555841350482,30.48375398728273,5.325942096598064,2.664227533059065,21.224837083645138,NA,0.09499999999999886,74,686,343,171,172,134,80,85,0.5058139534883721
Stab-IPCW,0.06999999999999999,0.01085889438723992,TRUE,FALSE,1,1,Inf,0.9926978768917354,0.7933007399024481,0.9244186046511628,0,0.09269787689173536,0.9815982444168578,0.7254121690826756,-0.20779865972940345,0.8603091706610784,0.9604968792049896,2.1344554645668543,4.43517845069771,0.27861463971180217,1.09679627568464,77.87143383154567,NA,0.09200000000001296,74,686,343,171,172,134,80,85,0.5058139534883721
Clip-IPCW,0.06999999999999999,0.02095579823456812,TRUE,FALSE,1,1,1.622893192112961,0.9926978768917354,0.7933007399024481,0.9244186046511628,0,0.09269787689173536,0.9815982444168578,0.7254121690826756,-0.20779865972940345,0.8603091706610784,0.9604968792049896,1.622893192112961,2.7820563906975533,0.41283834050055257,1.1014530808791478,77.51220598537608,0.175,0.09099999999999397,74,686,343,171,172,134,80,85,0.5058139534883721
H-AIPCW,0.06999999999999999,0.00851351257259026,TRUE,FALSE,1,1,Inf,0.9926978768917354,0.7933007399024481,0.9244186046511628,0,0.09269787689173536,0.9815982444168578,0.7254121690826756,-0.20779865972940345,0.8603091706610784,0.9604968792049896,26.40555841350482,30.48375398728273,5.325942096598064,2.664227533059065,21.224837083645138,NA,0.20599999999998886,74,686,343,171,172,134,80,85,0.5058139534883721
Clip-AIPCW,0.06999999999999999,0.010441635466800677,TRUE,FALSE,1,1,1.622893192112961,0.9926978768917354,0.7933007399024481,0.9244186046511628,0,0.09269787689173536,0.9815982444168578,0.7254121690826756,-0.20779865972940345,0.8603091706610784,0.9604968792049896,1.622893192112961,2.7820563906975533,0.41283834050055257,1.1014530808791478,77.51220598537608,0.175,0.32099999999999795,74,686,343,171,172,134,80,85,0.5058139534883721
Naive-Y,0.060000000000000005,0.006432748538011674,TRUE,FALSE,1,1,Inf,0.9297117831058078,0.7177270565091393,0.9011627906976745,0,0.0297117831058078,0.9329007210929957,0.8672233116420853,-0.23531088598050542,0.47890758325877286,0.8570568398197547,1,1,0,0,171,NA,0.07600000000000762,75,686,343,171,172,149,66,84,0.5116279069767442
CC,0.08,0.009090909090909038,TRUE,FALSE,1,1,Inf,0.9142167098171579,0.7057650339297282,0.877906976744186,0,0.014216709817157835,1.155212997995462,1.073884518601138,-0.02156965310299864,0.5930323050570124,0.8165472296840355,1,1,0.23839009287925697,1.2650167507504178,66,NA,0.06799999999999784,75,686,343,171,172,149,66,84,0.5116279069767442
HT-IPCW,0.01,-0.4026048172507343,FALSE,TRUE,1,1,Inf,1,0.7719887706612586,0.9825581395348837,0,0.09999999999999998,0.25366473285349656,0.23580640972629846,-1.5375962271833112,0.13021960581884942,1,4.769708509018664,4.769708509018664,0.5334361601592568,1.468384025404799,54.39722735652328,NA,0.36099999999999,75,686,343,171,172,149,66,84,0.5116279069767442
H-IPCW,0.08,0.027530171146492463,TRUE,FALSE,1,1,Inf,0.9142167098171579,0.7057650339297282,0.877906976744186,0,0.014216709817157835,1.155212997995462,1.073884518601138,-0.02156965310299864,0.5930323050570124,0.8165472296840355,4.769708509018664,9.589374152469524,0.5334361601592568,1.468384025404799,54.39722735652328,NA,0.0870000000000033,75,686,343,171,172,149,66,84,0.5116279069767442
Stab-IPCW,0.08,0.009475880842502818,TRUE,FALSE,1,1,Inf,0.9142167098171579,0.7057650339297282,0.877906976744186,0,0.014216709817157835,1.155212997995462,1.073884518601138,-0.02156965310299864,0.5930323050570124,0.8165472296840355,1.5333999737823827,3.9580715320921382,0.243347955040139,1.2733331267420385,65.46969399285535,NA,0.1529999999999916,75,686,343,171,172,149,66,84,0.5116279069767442
Clip-IPCW,0.08,0.021062202591387913,TRUE,FALSE,1,1,1.6452356372062256,0.9142167098171579,0.7057650339297282,0.877906976744186,0,0.014216709817157835,1.155212997995462,1.073884518601138,-0.02156965310299864,0.5930323050570124,0.8165472296840355,1.6452356372062256,3.6029173678288897,0.34923855860076414,1.2941579579294675,64.16388959104451,0.09090909090909091,0.11199999999999477,75,686,343,171,172,149,66,84,0.5116279069767442
H-AIPCW,0.01,-1.5047020438519327,FALSE,TRUE,1,1,Inf,1,0.7719887706612586,0.9825581395348837,0,0.09999999999999998,0.25366473285349656,0.23580640972629846,-1.5375962271833112,0.13021960581884942,1,4.769708509018664,9.589374152469524,0.5334361601592568,1.468384025404799,54.39722735652328,NA,0.20400000000000773,75,686,343,171,172,149,66,84,0.5116279069767442
Clip-AIPCW,0.08,0.013478657733578748,TRUE,FALSE,1,1,1.6452356372062256,0.9142167098171579,0.7057650339297282,0.877906976744186,0,0.014216709817157835,1.155212997995462,1.073884518601138,-0.02156965310299864,0.5930323050570124,0.8165472296840355,1.6452356372062256,3.6029173678288897,0.34923855860076414,1.2941579579294675,64.16388959104451,0.09090909090909091,0.2259999999999991,75,686,343,171,172,149,66,84,0.5116279069767442
Naive-Y,0.04,0.012280701754385942,TRUE,FALSE,1,1,Inf,0.9583923872132248,0.7255581710949428,0.9127906976744186,0,0.05839238721322482,1.051480131481894,0.59569176460581,-0.38633883304565114,2.540157991856137,0.7413618443181752,1,1,0,0,171,NA,0.06400000000000716,76,686,343,171,172,147,69,83,0.5174418604651163
CC,0.05,0.01304347826086949,TRUE,FALSE,1,1,Inf,0.9506485532583948,0.7196956433072723,0.8953488372093024,0,0.05064855325839479,1.2426051154073467,0.7039692065907139,-0.2193275782872825,3.0018763266356987,0.7413618443181752,1,1,0.24210526315789474,1.2194082670455908,69,NA,0.058000000000006935,76,686,343,171,172,147,69,83,0.5174418604651163
HT-IPCW,0.01,-0.36999428542421964,FALSE,TRUE,1,1,Inf,1,0.757057527558928,0.9709302325581395,0,0.09999999999999998,0.3772045978802265,0.21369654623147416,-1.4115051924179223,0.9112481017781713,1,5.240584454204443,5.240584454204443,0.6296195372650066,1.4581268243804777,54.918580230041584,NA,0.3719999999999999,76,686,343,171,172,147,69,83,0.5174418604651163
H-IPCW,0.060000000000000005,0.01901375143874571,TRUE,FALSE,1,1,Inf,0.9415510956394694,0.7128083445352166,0.8895348837209303,0,0.04155109563946935,1.4253206618930032,0.8074824761696264,-0.08214083932707456,3.443279204108799,0.6513008750981643,5.240584454204443,9.630213729661925,0.6296195372650066,1.4581268243804777,54.918580230041584,NA,0.0759999999999934,76,686,343,171,172,147,69,83,0.5174418604651163
Stab-IPCW,0.05,0.01145204829804129,TRUE,FALSE,1,1,Inf,0.9506485532583948,0.7196956433072723,0.8953488372093024,0,0.05064855325839479,1.2426051154073467,0.7039692065907139,-0.2193275782872825,3.0018763266356987,0.7413618443181752,1.221034111069098,3.036732802077599,0.24329661840936917,1.2267238821892619,68.5082105803212,NA,0.07699999999999818,76,686,343,171,172,147,69,83,0.5174418604651163
Clip-IPCW,0.060000000000000005,0.01205461262370465,TRUE,FALSE,1,1,1.784139732013135,0.9415510956394694,0.7128083445352166,0.8895348837209303,0,0.04155109563946935,1.4253206618930032,0.8074824761696264,-0.08214083932707456,3.443279204108799,0.6513008750981643,1.784139732013135,3.5603021012610707,0.3967371003710111,1.2569250833693415,66.52087278046311,0.057971014492753624,0.09599999999998943,76,686,343,171,172,147,69,83,0.5174418604651163
H-AIPCW,0.060000000000000005,0.04078443550185158,TRUE,FALSE,1,1,Inf,0.9415510956394694,0.7128083445352166,0.8895348837209303,0,0.04155109563946935,1.4253206618930032,0.8074824761696264,-0.08214083932707456,3.443279204108799,0.6513008750981643,5.240584454204443,9.630213729661925,0.6296195372650066,1.4581268243804777,54.918580230041584,NA,0.1979999999999933,76,686,343,171,172,147,69,83,0.5174418604651163
Clip-AIPCW,0.060000000000000005,0.01858233788937056,TRUE,FALSE,1,1,1.784139732013135,0.9415510956394694,0.7128083445352166,0.8895348837209303,0,0.04155109563946935,1.4253206618930032,0.8074824761696264,-0.08214083932707456,3.443279204108799,0.6513008750981643,1.784139732013135,3.5603021012610707,0.3967371003710111,1.2569250833693415,66.52087278046311,0.057971014492753624,0.24099999999999966,76,686,343,171,172,147,69,83,0.5174418604651163
Naive-Y,0.05,5.847953216374047e-4,TRUE,FALSE,1,1,Inf,0.944200914256001,0.5430852085009491,0.8837209302325582,0,0.04420091425600092,0.9387520338973583,0.7093141292510394,-0.24449933402979926,1.0015618774992139,0.8144417817947681,1,1,0,0,171,NA,0.06300000000000239,77,686,343,171,172,155,68,76,0.5581395348837209
CC,0.08,0.0117647058823529,TRUE,FALSE,0,1,Inf,0.8816430548728091,0.5071031970523959,0.8488372093023255,0.018356945127190882,0.018356945127190882,1.31972998873538,0.9971782685998125,0.09613173696053758,1.4080302333111603,0.5546562458596037,1,1,0.2409356725146199,1.234348377466839,68,NA,0.07900000000000773,77,686,343,171,172,155,68,76,0.5581395348837209
HT-IPCW,0.01,-0.36105323833660763,FALSE,TRUE,1,1,Inf,0.9898373702080037,0.5693343720229598,0.9593023255813954,0,0.08983737020800364,0.2994138916515874,0.22623493337297196,-1.3872238344964547,0.3194470197064826,0.9471039334300616,8.223467894901395,8.223467894901395,0.9375554350314094,1.7966050295345628,40.62806069027147,NA,0.44599999999999795,77,686,343,171,172,155,68,76,0.5581395348837209
H-IPCW,0.09,0.021068832233413493,TRUE,FALSE,0,0,Inf,0.8508673316770222,0.48940162549469274,0.8255813953488372,0.0491326683229778,0.0491326683229778,1.4387527208665838,1.0871109692004435,0.18248114745908542,1.5350165159011468,0.5546562458596037,8.223467894901395,15.258404873833328,0.9375554350314094,1.7966050295345628,40.62806069027147,NA,0.08100000000000307,77,686,343,171,172,155,68,76,0.5581395348837209
Stab-IPCW,0.08,0.01116595840532879,TRUE,FALSE,0,1,Inf,0.8816430548728091,0.5071031970523959,0.8488372093023255,0.018356945127190882,0.018356945127190882,1.31972998873538,0.9971782685998125,0.09613173696053758,1.4080302333111603,0.5546562458596037,1.425421257929181,3.5827107565960974,0.24644032589161025,1.2477408780387305,67.11796972464667,NA,0.09600000000000364,77,686,343,171,172,155,68,76,0.5581395348837209
Clip-IPCW,0.09,0.009673248369076718,TRUE,FALSE,0,0,1.9024847249206496,0.8508673316770222,0.48940162549469274,0.8255813953488372,0.0491326683229778,0.0491326683229778,1.4387527208665838,1.0871109692004435,0.18248114745908542,1.5350165159011468,0.5546562458596037,1.9024847249206496,4.039644762178128,0.3587171520941215,1.2717392313221354,65.57093777561272,0.04411764705882353,0.0969999999999942,77,686,343,171,172,155,68,76,0.5581395348837209
H-AIPCW,0.01,-0.13606992469080328,FALSE,TRUE,1,1,Inf,0.9898373702080037,0.5693343720229598,0.9593023255813954,0,0.08983737020800364,0.2994138916515874,0.22623493337297196,-1.3872238344964547,0.3194470197064826,0.9471039334300616,8.223467894901395,15.258404873833328,0.9375554350314094,1.7966050295345628,40.62806069027147,NA,0.2219999999999942,77,686,343,171,172,155,68,76,0.5581395348837209
Clip-AIPCW,0.08,0.006394897977978854,TRUE,FALSE,0,1,1.9024847249206496,0.8816430548728091,0.5071031970523959,0.8488372093023255,0.018356945127190882,0.018356945127190882,1.31972998873538,0.9971782685998125,0.09613173696053758,1.4080302333111603,0.5546562458596037,1.9024847249206496,4.039644762178128,0.3587171520941215,1.2717392313221354,65.57093777561272,0.04411764705882353,0.21299999999999386,77,686,343,171,172,155,68,76,0.5581395348837209
Naive-Y,0.060000000000000005,0.006432748538011674,TRUE,FALSE,1,1,Inf,0.9175583295754303,0.6002456617082548,0.8953488372093024,0,0.017558329575430243,1.0671179532988804,0.6906545450697171,-0.21758670679979236,1.5825020324668635,0.6518383041256273,1,1,0,0,171,NA,0.060000000000002274,78,686,343,171,172,140,76,83,0.5174418604651163
CC,0.060000000000000005,0.047368421052631504,TRUE,FALSE,1,1,Inf,0.9175583295754303,0.6002456617082548,0.8953488372093024,0,0.017558329575430243,1.0671179532988804,0.6906545450697171,-0.21758670679979236,1.5825020324668635,0.6518383041256273,1,1,0.24836601307189543,1.1213175023946031,76,NA,0.07100000000001216,78,686,343,171,172,140,76,83,0.5174418604651163
HT-IPCW,0.01,-0.1398433278565756,FALSE,TRUE,1,1,Inf,1,0.6541771158962706,0.9767441860465116,0,0.09999999999999998,0.2664106348182469,0.17242490881473949,-1.6052646403052306,0.39507851008161404,1,9.493402709468171,9.493402709468171,1.892325296467099,1.8096508273700544,40.18154512162061,NA,0.37700000000000955,78,686,343,171,172,140,76,83,0.5174418604651163
H-IPCW,0.08,0.0038574702490271947,TRUE,FALSE,1,1,Inf,0.9085681588380956,0.5943644977438901,0.8837209302325582,0,0.008568158838095585,1.3400648983417154,0.8673098506748413,0.01016982470690214,1.987273683014598,0.6518383041256273,9.493402709468171,12.4887448303249,1.892325296467099,1.8096508273700544,40.18154512162061,NA,0.07900000000000773,78,686,343,171,172,140,76,83,0.5174418604651163
Stab-IPCW,0.060000000000000005,0.047512624755525985,TRUE,FALSE,1,1,Inf,0.9175583295754303,0.6002456617082548,0.8953488372093024,0,0.017558329575430243,1.0671179532988804,0.6906545450697171,-0.21758670679979236,1.5825020324668635,0.6518383041256273,2.248903418964441,4.875328619794247,0.28735476389799136,1.1620967604620436,72.99670774839103,NA,0.09000000000000341,78,686,343,171,172,140,76,83,0.5174418604651163
Clip-IPCW,0.060000000000000005,0.04917556557809474,TRUE,FALSE,1,1,1.6402032876354666,0.9175583295754303,0.6002456617082548,0.8953488372093024,0,0.017558329575430243,1.0671179532988804,0.6906545450697171,-0.21758670679979236,1.5825020324668635,0.6518383041256273,1.6402032876354666,2.9611690971083147,0.40704929570207515,1.1518317197080161,73.74002439721306,0.17105263157894737,0.09600000000000364,78,686,343,171,172,140,76,83,0.5174418604651163
H-AIPCW,0.08,0.0011289830059484996,TRUE,FALSE,1,1,Inf,0.9085681588380956,0.5943644977438901,0.8837209302325582,0,0.008568158838095585,1.3400648983417154,0.8673098506748413,0.01016982470690214,1.987273683014598,0.6518383041256273,9.493402709468171,12.4887448303249,1.892325296467099,1.8096508273700544,40.18154512162061,NA,0.20100000000000762,78,686,343,171,172,140,76,83,0.5174418604651163
Clip-AIPCW,0.060000000000000005,0.03825232309920156,TRUE,FALSE,1,1,1.6402032876354666,0.9175583295754303,0.6002456617082548,0.8953488372093024,0,0.017558329575430243,1.0671179532988804,0.6906545450697171,-0.21758670679979236,1.5825020324668635,0.6518383041256273,1.6402032876354666,2.9611690971083147,0.40704929570207515,1.1518317197080161,73.74002439721306,0.17105263157894737,0.22099999999998943,78,686,343,171,172,140,76,83,0.5174418604651163
Naive-Y,0.04,0.006432748538011674,TRUE,FALSE,1,1,Inf,0.9328935141940154,0.5242864551325632,0.9011627906976745,0,0.03289351419401543,1.076270705734727,0.6611254021697692,-0.2933430936167816,2.740263311224693,0.8773598879743354,1,1,0,0,171,NA,0.06199999999999761,79,686,343,171,172,153,76,70,0.5930232558139535
CC,0.04,0.007894736842105288,TRUE,FALSE,1,1,Inf,0.9328935141940154,0.5242864551325632,0.9011627906976745,0,0.03289351419401543,1.076270705734727,0.6611254021697692,-0.2933430936167816,2.740263311224693,0.8773598879743354,1,1,0.24836601307189543,1.1213175023946031,76,NA,0.06199999999999761,79,686,343,171,172,153,76,70,0.5930232558139535
HT-IPCW,0.01,-0.07040113765378608,FALSE,TRUE,1,1,Inf,0.9896499354522437,0.5561835821408858,0.9593023255813954,0,0.08964993545224365,0.427584483046099,0.26265414621912053,-1.2164484979387793,1.0886611194535236,0.9597959349614656,39.23196042188961,39.23196042188961,10.106178293014175,3.8319984970547964,10.962705080414025,NA,0.38900000000001,79,686,343,171,172,153,76,70,0.5930232558139535
H-IPCW,0.060000000000000005,0.012213540994878485,TRUE,FALSE,0,0,Inf,0.8700377328246479,0.48896148577933063,0.8546511627906976,0.02996226717535211,0.02996226717535211,1.4154045963749802,0.8694466253009672,-0.019429684911612063,3.603722804419731,0.727491609899783,39.23196042188961,47.290277509465845,10.106178293014175,3.8319984970547964,10.962705080414025,NA,0.07900000000000773,79,686,343,171,172,153,76,70,0.5930232558139535
Stab-IPCW,0.04,0.010566899092073211,TRUE,FALSE,1,1,Inf,0.9328935141940154,0.5242864551325632,0.9011627906976745,0,0.03289351419401543,1.076270705734727,0.6611254021697692,-0.2933430936167816,2.740263311224693,0.8773598879743354,2.456182069479959,5.3437071472907105,0.2814218892692346,1.1541467417589204,73.57164814393091,NA,0.08500000000000796,79,686,343,171,172,153,76,70,0.5930232558139535
Clip-IPCW,0.04,0.02010694309219242,TRUE,FALSE,1,1,1.9610885889832348,0.9328935141940154,0.5242864551325632,0.9011627906976745,0,0.03289351419401543,1.076270705734727,0.6611254021697692,-0.2933430936167816,2.740263311224693,0.8773598879743354,1.9610885889832348,3.686068371053033,0.3837936159377519,1.1644344536407631,72.82861135467273,0.06578947368421052,0.08600000000001273,79,686,343,171,172,153,76,70,0.5930232558139535
H-AIPCW,0.01,-0.010283514872982347,FALSE,TRUE,1,1,Inf,0.9896499354522437,0.5561835821408858,0.9593023255813954,0,0.08964993545224365,0.427584483046099,0.26265414621912053,-1.2164484979387793,1.0886611194535236,0.9597959349614656,39.23196042188961,47.290277509465845,10.106178293014175,3.8319984970547964,10.962705080414025,NA,0.20199999999999818,79,686,343,171,172,153,76,70,0.5930232558139535
Clip-AIPCW,0.04,0.008010683418658363,TRUE,FALSE,1,1,1.9610885889832348,0.9328935141940154,0.5242864551325632,0.9011627906976745,0,0.03289351419401543,1.076270705734727,0.6611254021697692,-0.2933430936167816,2.740263311224693,0.8773598879743354,1.9610885889832348,3.686068371053033,0.3837936159377519,1.1644344536407631,72.82861135467273,0.06578947368421052,0.4679999999999893,79,686,343,171,172,153,76,70,0.5930232558139535
Naive-Y,0.06999999999999999,0.006432748538011674,TRUE,FALSE,1,1,Inf,0.9000910721420867,0.7029961499164696,0.8662790697674418,0,9.107214208670111e-5,1.3788816773599157,0.9550709826037151,-0.08854476328543102,2.683141902615219,0.5717711815991843,1,1,0,0,171,NA,0.06399999999999295,80,686,343,171,172,140,78,81,0.5290697674418605
CC,0.060000000000000005,0.048717948717948656,TRUE,FALSE,1,1,Inf,0.924130438103207,0.7217715630275918,0.8953488372093024,0,0.02413043810320703,1.2305471247999666,0.852328282346241,-0.20235866780234943,2.3945002735950136,0.5717711815991843,1,1,0.24953560371517028,1.0951352733650423,78,NA,0.08700000000001751,80,686,343,171,172,140,78,81,0.5290697674418605
HT-IPCW,0.01,-0.20742010399204902,FALSE,TRUE,1,1,Inf,0.9885163197724756,0.7720587265417836,0.9825581395348837,0,0.08851631977247554,0.33622939284356523,0.23288650641742836,-1.4997791903632054,0.6542629346970169,0.8291081394412497,8.105017787945151,8.105017787945151,1.161207192676932,1.5559118118193895,50.19513754564513,NA,0.4200000000000159,80,686,343,171,172,140,78,81,0.5290697674418605
H-IPCW,0.06999999999999999,0.026498028228698827,TRUE,FALSE,1,1,Inf,0.9000910721420867,0.7029961499164696,0.8662790697674418,0,9.107214208670111e-5,1.3788816773599157,0.9550709826037151,-0.08854476328543102,2.683141902615219,0.5717711815991843,8.105017787945151,11.702646632775062,1.161207192676932,1.5559118118193895,50.19513754564513,NA,0.08299999999999841,80,686,343,171,172,140,78,81,0.5290697674418605
Stab-IPCW,0.060000000000000005,0.049668539469045106,TRUE,FALSE,1,1,Inf,0.924130438103207,0.7217715630275918,0.8953488372093024,0,0.02413043810320703,1.2305471247999666,0.852328282346241,-0.20235866780234943,2.3945002735950136,0.5717711815991843,2.873065286048539,6.168823015550952,0.28647955840523226,1.1492212158733175,73.93040997103203,NA,0.10200000000000387,80,686,343,171,172,140,78,81,0.5290697674418605
Clip-IPCW,0.06999999999999999,0.009754255110049737,TRUE,FALSE,1,1,1.5262577908138946,0.9000910721420867,0.7029961499164696,0.8662790697674418,0,9.107214208670111e-5,1.3788816773599157,0.9550709826037151,-0.08854476328543102,2.683141902615219,0.5717711815991843,1.5262577908138946,2.705738101355957,0.39993538490043895,1.1211217519658765,76.01474319245047,0.2692307692307692,0.18300000000002115,80,686,343,171,172,140,78,81,0.5290697674418605
H-AIPCW,0.08,0.014850733375969644,TRUE,FALSE,0,1,Inf,0.8813952919199303,0.6883942258194092,0.8488372093023255,0.018604708080069754,0.018604708080069754,1.5225730020769577,1.0545975895217892,0.010584113075923673,2.9627483552361356,0.5717711815991843,8.105017787945151,11.702646632775062,1.161207192676932,1.5559118118193895,50.19513754564513,NA,0.24199999999999022,80,686,343,171,172,140,78,81,0.5290697674418605
Clip-AIPCW,0.06999999999999999,0.014386515322254913,TRUE,FALSE,1,1,1.5262577908138946,0.9000910721420867,0.7029961499164696,0.8662790697674418,0,9.107214208670111e-5,1.3788816773599157,0.9550709826037151,-0.08854476328543102,2.683141902615219,0.5717711815991843,1.5262577908138946,2.705738101355957,0.39993538490043895,1.1211217519658765,76.01474319245047,0.2692307692307692,0.19999999999998863,80,686,343,171,172,140,78,81,0.5290697674418605
Naive-Y,0.04,0.006432748538011674,TRUE,FALSE,1,1,Inf,0.9395810697771366,0.4650080460898207,0.8953488372093024,0,0.0395810697771366,0.8538610246217412,0.6516156637946997,-0.3910229606559742,0.972629859545159,0.8052915482897369,1,1,0,0,171,NA,0.06499999999999773,81,686,343,171,172,159,77,63,0.6337209302325582
CC,0.03,0.04805194805194801,TRUE,FALSE,1,1,Inf,0.9644273122685312,0.47730469940185233,0.9069767441860465,0,0.06442731226853116,0.7043048210092256,0.5374833142888112,-0.5835801597314071,0.8022709543846993,0.9231533810670068,1,1,0.24898520811833505,1.1081336900478653,77,NA,0.0660000000000025,81,686,343,171,172,159,77,63,0.6337209302325582
HT-IPCW,0.01,-0.2442976248223072,FALSE,TRUE,1,1,Inf,0.9882491030724605,0.4890943413523049,0.9534883720930233,0,0.08824910307246048,0.3397167845792874,0.25925153122417965,-1.3126791226142256,0.38697010279496036,0.9599736746445173,11.280299551080233,11.280299551080233,1.3854127891084935,1.7950759954109972,40.680830744951,NA,0.367999999999995,81,686,343,171,172,159,77,63,0.6337209302325582
H-IPCW,0.04,0.0030975743552538832,TRUE,FALSE,1,1,Inf,0.9395810697771366,0.4650080460898207,0.8953488372093024,0,0.0395810697771366,0.8538610246217412,0.6516156637946997,-0.3910229606559742,0.972629859545159,0.8052915482897369,11.280299551080233,17.203383696792795,1.3854127891084935,1.7950759954109972,40.680830744951,NA,0.08699999999998909,81,686,343,171,172,159,77,63,0.6337209302325582
Stab-IPCW,0.03,0.04459607451248036,TRUE,FALSE,1,1,Inf,0.9644273122685312,0.47730469940185233,0.9069767441860465,0,0.06442731226853116,0.7043048210092256,0.5374833142888112,-0.5835801597314071,0.8022709543846993,0.9231533810670068,2.1324292839320673,4.698980741382208,0.26554630029304666,1.1355314176172815,74.93784547550318,NA,0.08500000000000796,81,686,343,171,172,159,77,63,0.6337209302325582
Clip-IPCW,0.03,0.04864385688450369,TRUE,FALSE,1,1,1.6891149927043987,0.9644273122685312,0.47730469940185233,0.9069767441860465,0,0.06442731226853116,0.7043048210092256,0.5374833142888112,-0.5835801597314071,0.8022709543846993,0.9231533810670068,1.6891149927043987,3.1418218086879084,0.38032767289222946,1.1471000436267358,74.08551350505118,0.11688311688311688,0.10800000000000409,81,686,343,171,172,159,77,63,0.6337209302325582
H-AIPCW,0.03,0.03168248945640747,TRUE,FALSE,1,1,Inf,0.9644273122685312,0.47730469940185233,0.9069767441860465,0,0.06442731226853116,0.7043048210092256,0.5374833142888112,-0.5835801597314071,0.8022709543846993,0.9231533810670068,11.280299551080233,17.203383696792795,1.3854127891084935,1.7950759954109972,40.680830744951,NA,0.2470000000000141,81,686,343,171,172,159,77,63,0.6337209302325582
Clip-AIPCW,0.03,0.05391371472701463,TRUE,FALSE,1,1,1.6891149927043987,0.9644273122685312,0.47730469940185233,0.9069767441860465,0,0.06442731226853116,0.7043048210092256,0.5374833142888112,-0.5835801597314071,0.8022709543846993,0.9231533810670068,1.6891149927043987,3.1418218086879084,0.38032767289222946,1.1471000436267358,74.08551350505118,0.11688311688311688,0.28000000000000114,81,686,343,171,172,159,77,63,0.6337209302325582
Naive-Y,0.09,0.006432748538011674,TRUE,FALSE,0,0,Inf,0.8570251008778742,0.5478349430897409,0.8488372093023255,0.04297489912212582,0.04297489912212582,1.3366686206631198,1.1863970054310442,0.17691473164993765,0.7363481915897593,0.5451868902304013,1,1,0,0,171,NA,0.08899999999999864,82,686,343,171,172,154,67,78,0.5465116279069767
CC,0.09,0.025373134328358193,TRUE,FALSE,0,0,Inf,0.8570251008778742,0.5478349430897409,0.8488372093023255,0.04297489912212582,0.04297489912212582,1.3366686206631198,1.1863970054310442,0.17691473164993765,0.7363481915897593,0.5451868902304013,1,1,0.23969728242174063,1.2495477671845348,67,NA,0.07500000000001705,82,686,343,171,172,154,67,78,0.5465116279069767
HT-IPCW,0.01,-0.3391182571258923,FALSE,TRUE,1,1,Inf,1,0.6392285856371985,0.9709302325581395,0,0.09999999999999998,0.2731873611479274,0.24247495765010205,-1.4108630974673941,0.1504943081903569,1,4.924182067050462,4.924182067050462,0.7492741163726007,1.5271166046664795,51.53012530181371,NA,0.6030000000000086,82,686,343,171,172,154,67,78,0.5465116279069767
H-IPCW,0.09999999999999999,0.01425963488297447,TRUE,FALSE,0,0,Inf,0.838161334112545,0.5357766841405496,0.8255813953488372,0.06183866588745501,0.06183866588745501,1.4459254978217722,1.2833709523614862,0.255483916622293,0.7965359618948679,0.5451868902304013,4.924182067050462,8.68732234601539,0.7492741163726007,1.5271166046664795,51.53012530181371,NA,0.10800000000000409,82,686,343,171,172,154,67,78,0.5465116279069767
Stab-IPCW,0.09,0.026818640198012444,TRUE,FALSE,0,0,Inf,0.8570251008778742,0.5478349430897409,0.8488372093023255,0.04297489912212582,0.04297489912212582,1.3366686206631198,1.1863970054310442,0.17691473164993765,0.7363481915897593,0.5451868902304013,1.6520043855726485,4.141020601763196,0.25372166759646514,1.2626267144275498,66.15334611173232,NA,0.07800000000000296,82,686,343,171,172,154,67,78,0.5465116279069767
Clip-IPCW,0.09999999999999999,0.004196018128313526,TRUE,FALSE,0,0,1.9783695844588256,0.838161334112545,0.5357766841405496,0.8255813953488372,0.06183866588745501,0.06183866588745501,1.4459254978217722,1.2833709523614862,0.255483916622293,0.7965359618948679,0.5451868902304013,1.9783695844588256,3.899936108166117,0.44110427715832506,1.309244324846389,63.23738571964625,0.1044776119402985,0.09299999999998931,82,686,343,171,172,154,67,78,0.5465116279069767
H-AIPCW,0.01,-0.0764914772384504,FALSE,TRUE,1,1,Inf,1,0.6392285856371985,0.9709302325581395,0,0.09999999999999998,0.2731873611479274,0.24247495765010205,-1.4108630974673941,0.1504943081903569,1,4.924182067050462,8.68732234601539,0.7492741163726007,1.5271166046664795,51.53012530181371,NA,0.2150000000000034,82,686,343,171,172,154,67,78,0.5465116279069767
Clip-AIPCW,0.09,0.030148378997688678,TRUE,FALSE,0,0,1.9783695844588256,0.8570251008778742,0.5478349430897409,0.8488372093023255,0.04297489912212582,0.04297489912212582,1.3366686206631198,1.1863970054310442,0.17691473164993765,0.7363481915897593,0.5451868902304013,1.9783695844588256,3.899936108166117,0.44110427715832506,1.309244324846389,63.23738571964625,0.1044776119402985,0.20999999999997954,82,686,343,171,172,154,67,78,0.5465116279069767
Naive-Y,0.03,5.847953216374047e-4,TRUE,FALSE,1,1,Inf,0.9929992358091642,0.8252153821984685,0.9709302325581395,0,0.09299923580916414,0.6008800090215394,0.4896947916200616,-0.7170183608128423,0.7395884200655662,0.9700053529412527,1,1,0,0,171,NA,0.06799999999998363,83,686,343,171,172,165,59,75,0.563953488372093
CC,0.05,0.03220338983050841,TRUE,FALSE,1,1,Inf,0.9789347134777315,0.8135272964954471,0.9593023255813954,0,0.07893471347773151,0.8613187443368812,0.701942645276759,-0.35694898480291803,1.0601473833923745,0.9511768486965119,1,1,0.22731338149294805,1.3818363091351549,59,NA,0.06900000000001683,83,686,343,171,172,165,59,75,0.563953488372093
HT-IPCW,0.01,-0.502204628207691,FALSE,TRUE,1,1,Inf,1,0.8310332500165785,0.9825581395348837,0,0.09999999999999998,0.27931912102946077,0.22763466368393936,-1.4830586920543751,0.3437977371766355,1,1.692255079567916,1.692255079567916,0.3110777944385978,1.4020864092259517,57.880749726016106,NA,0.38299999999998136,83,686,343,171,172,165,59,75,0.563953488372093
H-IPCW,0.05,0.039851411916514486,TRUE,FALSE,1,1,Inf,0.9789347134777315,0.8135272964954471,0.9593023255813954,0,0.07893471347773151,0.8613187443368812,0.701942645276759,-0.35694898480291803,1.0601473833923745,0.9511768486965119,1.692255079567916,4.254084385002475,0.3110777944385978,1.4020864092259517,57.880749726016106,NA,0.08199999999999363,83,686,343,171,172,165,59,75,0.563953488372093
Stab-IPCW,0.05,0.03183501705732218,TRUE,FALSE,1,1,Inf,0.9789347134777315,0.8135272964954471,0.9593023255813954,0,0.07893471347773151,0.8613187443368812,0.701942645276759,-0.35694898480291803,1.0601473833923745,0.9511768486965119,1.0802724092595153,3.147658843999125,0.225291602192593,1.3830149454816707,58.934124011313486,NA,0.09700000000000841,83,686,343,171,172,165,59,75,0.563953488372093
Clip-IPCW,0.05,0.039851411916514486,TRUE,FALSE,1,1,1.6990120758082223,0.9789347134777315,0.8135272964954471,0.9593023255813954,0,0.07893471347773151,0.8613187443368812,0.701942645276759,-0.35694898480291803,1.0601473833923745,0.9511768486965119,1.692255079567916,4.254084385002475,0.3110777944385978,1.4020864092259517,57.880749726016106,0,0.16599999999999682,83,686,343,171,172,165,59,75,0.563953488372093
H-AIPCW,0.01,-6.88647722351159,FALSE,TRUE,1,1,Inf,1,0.8310332500165785,0.9825581395348837,0,0.09999999999999998,0.27931912102946077,0.22763466368393936,-1.4830586920543751,0.3437977371766355,1,1.692255079567916,4.254084385002475,0.3110777944385978,1.4020864092259517,57.880749726016106,NA,0.23399999999998045,83,686,343,171,172,165,59,75,0.563953488372093
Clip-AIPCW,0.060000000000000005,4.90952396524141e-4,TRUE,FALSE,1,1,1.6990120758082223,0.9789347134777315,0.8135272964954471,0.9534883720930233,0,0.07893471347773151,0.9804864095168029,0.7990598468677328,-0.22736483843231403,1.2068239642239418,0.9511768486965119,1.692255079567916,4.254084385002475,0.3110777944385978,1.4020864092259517,57.880749726016106,0,0.2650000000000148,83,686,343,171,172,165,59,75,0.563953488372093
Naive-Y,0.060000000000000005,0.02397660818713448,TRUE,FALSE,1,1,Inf,0.9404497265148205,0.5586128171296455,0.877906976744186,0,0.04044972651482048,1.0711755031033365,0.8777871429005258,-0.10672159421687352,0.9735562255461722,0.8305166205644143,1,1,0,0,171,NA,0.07999999999998408,84,686,343,171,172,153,73,73,0.5755813953488372
CC,0.05,0.004109589041095818,TRUE,FALSE,1,1,Inf,0.950296181015606,0.5644614611691374,0.8895348837209303,0,0.050296181015605956,0.9421031591190554,0.772017319257998,-0.23511874036088384,0.8562466122590099,0.8305166205644143,1,1,0.24609563123495012,1.162051036227645,73,NA,0.07200000000000273,84,686,343,171,172,153,73,73,0.5755813953488372
HT-IPCW,0.17,8.019947415386364e-4,TRUE,FALSE,0,0,Inf,0.6676024246225137,0.39654567450723505,0.6802325581395349,0.2323975753774863,0.2323975753774863,2.27824875115686,1.866937263129092,0.6479288155336502,2.070625447095929,0.3686611040687603,87.82307214606922,87.82307214606922,45.491472277853,6.139116645012691,4.4452126238983665,NA,0.3930000000000007,84,686,343,171,172,153,73,73,0.5755813953488372
H-IPCW,0.08,0.027749255692503003,TRUE,FALSE,0,1,Inf,0.8897945350976061,0.5285244047647707,0.8488372093023255,0.010205464902393935,0.010205464902393935,1.3138517394885516,1.0766509888055986,0.0974848415556713,1.1941166846310443,0.7740586988401092,87.82307214606922,79.93730714649413,45.491472277853,6.139116645012691,4.4452126238983665,NA,0.10099999999999909,84,686,343,171,172,153,73,73,0.5755813953488372
Stab-IPCW,0.05,0.00798964463145699,TRUE,FALSE,1,1,Inf,0.950296181015606,0.5644614611691374,0.8895348837209303,0,0.050296181015605956,0.9421031591190554,0.772017319257998,-0.23511874036088384,0.8562466122590099,0.8305166205644143,3.5118037393077177,7.9013808158670455,0.30949851386667715,1.2517051545661624,66.8594664060942,NA,0.08699999999998909,84,686,343,171,172,153,73,73,0.5755813953488372
Clip-IPCW,0.060000000000000005,0.0075597900509163625,TRUE,FALSE,1,1,1.8645752559815785,0.9404497265148205,0.5586128171296455,0.877906976744186,0,0.04044972651482048,1.0711755031033365,0.8777871429005258,-0.10672159421687352,0.9735562255461722,0.8305166205644143,1.8645752559815785,3.5298760372409603,0.4101413849207737,1.2124011349200812,69.47490153248758,0.0821917808219178,0.09200000000001296,84,686,343,171,172,153,73,73,0.5755813953488372
H-AIPCW,0.01,-0.3087797168554529,FALSE,TRUE,1,1,Inf,1,0.5939847727956592,0.9593023255813954,0,0.09999999999999998,0.3086846850219958,0.25295523183418706,-1.3509132006078708,0.2805533696049543,1,87.82307214606922,79.93730714649413,45.491472277853,6.139116645012691,4.4452126238983665,NA,0.2400000000000091,84,686,343,171,172,153,73,73,0.5755813953488372
Clip-AIPCW,0.060000000000000005,6.318971045383894e-4,TRUE,FALSE,1,1,1.8645752559815785,0.9404497265148205,0.5586128171296455,0.877906976744186,0,0.04044972651482048,1.0711755031033365,0.8777871429005258,-0.10672159421687352,0.9735562255461722,0.8305166205644143,1.8645752559815785,3.5298760372409603,0.4101413849207737,1.2124011349200812,69.47490153248758,0.0821917808219178,0.22299999999998477,84,686,343,171,172,153,73,73,0.5755813953488372
Naive-Y,0.060000000000000005,0.006432748538011674,TRUE,FALSE,1,1,Inf,0.9712183555875478,0.5943275898665864,0.9186046511627907,0,0.07121835558754774,1.1402461812294071,0.7703580640756098,-0.2217012367345103,2.5284762725471928,0.8897877404479716,1,1,0,0,171,NA,0.05999999999997385,85,686,343,171,172,152,70,77,0.5523255813953488
CC,0.05,0.02857142857142858,TRUE,FALSE,1,1,Inf,0.9712183555875478,0.5943275898665864,0.9186046511627907,0,0.07121835558754774,0.9952538369192562,0.6724002515371612,-0.35770288615178875,2.2069582457172907,0.8897877404479716,1,1,0.2432060543515652,1.2047176174586003,70,NA,0.06100000000000705,85,686,343,171,172,152,70,77,0.5523255813953488
HT-IPCW,0.01,-0.3185119213034292,FALSE,TRUE,1,1,Inf,1,0.6119402361449834,0.9593023255813954,0,0.09999999999999998,0.30524625546030365,0.20622644328367085,-1.5395818574651303,0.6768783153328326,1,6.642832327565411,6.642832327565411,0.9090499980061251,1.6396572345688332,46.55907008734303,NA,0.41800000000000637,85,686,343,171,172,152,70,77,0.5523255813953488
H-IPCW,0.06999999999999999,0.0016624153307120036,TRUE,FALSE,1,1,Inf,0.9412736867397639,0.5760032421405902,0.9011627906976745,0,0.04127368673976384,1.2799908349713975,0.8647705012262652,-0.1060925065469573,2.8383576359041616,0.8682774334619372,6.642832327565411,11.42384955243724,0.9090499980061251,1.6396572345688332,46.55907008734303,NA,0.1139999999999759,85,686,343,171,172,152,70,77,0.5523255813953488
Stab-IPCW,0.05,0.026964715545790132,TRUE,FALSE,1,1,Inf,0.9712183555875478,0.5943275898665864,0.9186046511627907,0,0.07121835558754774,0.9952538369192562,0.6724002515371612,-0.35770288615178875,2.2069582457172907,0.8897877404479716,2.29297970754551,5.492188741380389,0.2677819310143947,1.239469592162426,67.6611203259173,NA,0.09000000000000341,85,686,343,171,172,152,70,77,0.5523255813953488
Clip-IPCW,0.05,0.03308879817616302,TRUE,FALSE,1,1,1.6345616017755467,0.9712183555875478,0.5943275898665864,0.9186046511627907,0,0.07121835558754774,0.9952538369192562,0.6724002515371612,-0.35770288615178875,2.2069582457172907,0.8897877404479716,1.6345616017755467,3.3201791286419575,0.36968969279090463,1.2350339434547943,67.9545198844219,0.1,0.14300000000000068,85,686,343,171,172,152,70,77,0.5523255813953488
H-AIPCW,0.08,0.014162615742790298,TRUE,FALSE,1,1,Inf,0.9220931928106312,0.5642659261562194,0.8837209302325582,0,0.022093192810631157,1.415588066408508,0.9563809117003248,-0.005400384879594888,3.139042161716088,0.8528656848205788,6.642832327565411,11.42384955243724,0.9090499980061251,1.6396572345688332,46.55907008734303,NA,0.20599999999998886,85,686,343,171,172,152,70,77,0.5523255813953488
Clip-AIPCW,0.05,0.033066345498249855,TRUE,FALSE,1,1,1.6345616017755467,0.9712183555875478,0.5943275898665864,0.9186046511627907,0,0.07121835558754774,0.9952538369192562,0.6724002515371612,-0.35770288615178875,2.2069582457172907,0.8897877404479716,1.6345616017755467,3.3201791286419575,0.36968969279090463,1.2350339434547943,67.9545198844219,0.1,0.2079999999999984,85,686,343,171,172,152,70,77,0.5523255813953488
Naive-Y,0.06999999999999999,0.012280701754385942,TRUE,FALSE,1,1,Inf,0.9280057814637385,0.5687742728756118,0.8953488372093024,0,0.028005781463738444,1.118092821780723,0.8480882699410595,-0.09100643780730139,1.119479852578492,0.4277826842569598,1,1,0,0,171,NA,0.06999999999999318,86,686,343,171,172,157,72,70,0.5930232558139535
CC,0.06999999999999999,0.030555555555555558,TRUE,FALSE,1,1,Inf,0.9280057814637385,0.5687742728756118,0.8953488372093024,0,0.028005781463738444,1.118092821780723,0.8480882699410595,-0.09100643780730139,1.119479852578492,0.4277826842569598,1,1,0.2452012383900929,1.1760477181195148,72,NA,0.06200000000001182,86,686,343,171,172,157,72,70,0.5930232558139535
HT-IPCW,0.01,-0.3339830101103749,FALSE,TRUE,1,1,Inf,1,0.6128994929088558,0.9941860465116279,0,0.09999999999999998,0.2612684534323316,0.1981755953935082,-1.5448376769924062,0.2615925655134905,1,6.59006475144317,6.59006475144317,0.7239057993646073,1.503181978876476,52.674667384933315,NA,0.3709999999999809,86,686,343,171,172,157,72,70,0.5930232558139535
H-IPCW,0.08,0.013219309268118125,TRUE,FALSE,0,1,Inf,0.8986683193399172,0.5507933572166889,0.872093023255814,0.0013316806600828235,0.0013316806600828235,1.2383073247396514,0.9392725686416702,0.011114552436591487,1.239843485569109,0.4277826842569598,6.59006475144317,11.64287445281148,0.7239057993646073,1.503181978876476,52.674667384933315,NA,0.09100000000000819,86,686,343,171,172,157,72,70,0.5930232558139535
Stab-IPCW,0.06999999999999999,0.03040755507118415,TRUE,FALSE,1,1,Inf,0.9280057814637385,0.5687742728756118,0.8953488372093024,0,0.028005781463738444,1.118092821780723,0.8480882699410595,-0.09100643780730139,1.119479852578492,0.4277826842569598,1.4030491769857723,3.3056440981896134,0.25158966869758564,1.1817608592609326,71.59629581887968,NA,0.0800000000000125,86,686,343,171,172,157,72,70,0.5930232558139535
Clip-IPCW,0.08,0.003362139490029696,TRUE,FALSE,0,1,1.710723185272751,0.8986683193399172,0.5507933572166889,0.872093023255814,0.0013316806600828235,0.0013316806600828235,1.2383073247396514,0.9392725686416702,0.011114552436591487,1.239843485569109,0.4277826842569598,1.710723185272751,3.3656928319437487,0.3750228459320784,1.2048239694546887,69.99270059328074,0.06944444444444445,0.09899999999998954,86,686,343,171,172,157,72,70,0.5930232558139535
H-AIPCW,0.01,-0.28655211249121787,FALSE,TRUE,1,1,Inf,1,0.6128994929088558,0.9941860465116279,0,0.09999999999999998,0.2612684534323316,0.1981755953935082,-1.5448376769924062,0.2615925655134905,1,6.59006475144317,11.64287445281148,0.7239057993646073,1.503181978876476,52.674667384933315,NA,0.20400000000000773,86,686,343,171,172,157,72,70,0.5930232558139535
Clip-AIPCW,0.06999999999999999,0.029346957486191715,TRUE,FALSE,1,1,1.710723185272751,0.9280057814637385,0.5687742728756118,0.8953488372093024,0,0.028005781463738444,1.118092821780723,0.8480882699410595,-0.09100643780730139,1.119479852578492,0.4277826842569598,1.710723185272751,3.3656928319437487,0.3750228459320784,1.2048239694546887,69.99270059328074,0.06944444444444445,0.2109999999999843,86,686,343,171,172,157,72,70,0.5930232558139535
Naive-Y,0.05,0.018128654970760213,TRUE,FALSE,1,1,Inf,0.9537745869402391,0.48191377090929255,0.9011627906976745,0,0.053774586940239066,0.8500624158730651,0.731263575975801,-0.2886860967200724,0.6057460291773764,0.8913910283151434,1,1,0,0,171,NA,0.06499999999999773,87,686,343,171,172,156,76,67,0.6104651162790697
CC,0.05,0.021052631578947323,TRUE,FALSE,1,1,Inf,0.9537745869402391,0.48191377090929255,0.9011627906976745,0,0.053774586940239066,0.8500624158730651,0.731263575975801,-0.2886860967200724,0.6057460291773764,0.8913910283151434,1,1,0.24836601307189543,1.1213175023946031,76,NA,0.07499999999998863,87,686,343,171,172,156,76,67,0.6104651162790697
HT-IPCW,0.01,-0.3108019213967519,FALSE,TRUE,1,1,Inf,1,0.5052700895033262,0.9651162790697675,0,0.09999999999999998,0.27843614091751806,0.23952383294010998,-1.4048071373985482,0.19841082677091826,1,3.8734754874695594,3.8734754874695594,0.5430995080699219,1.2507726690203596,66.92016644445094,NA,0.3650000000000091,87,686,343,171,172,156,76,67,0.6104651162790697
H-IPCW,0.060000000000000005,0.0054608025562037175,TRUE,FALSE,1,1,Inf,0.9420999529841086,0.47601492756536,0.8895348837209303,0,0.042099952984108624,0.9665610896761121,0.8314812014241135,-0.16025137018210578,0.6887618263034592,0.8547643857367861,3.8734754874695594,6.574148199281323,0.5430995080699219,1.2507726690203596,66.92016644445094,NA,0.07499999999998863,87,686,343,171,172,156,76,67,0.6104651162790697
Stab-IPCW,0.05,0.020407102966878674,TRUE,FALSE,1,1,Inf,0.9537745869402391,0.48191377090929255,0.9011627906976745,0,0.053774586940239066,0.8500624158730651,0.731263575975801,-0.2886860967200724,0.6057460291773764,0.8913910283151434,1.3669882699736629,3.0868433346462383,0.24906826862468512,1.1269612970425398,75.5762817374315,NA,0.09399999999999409,87,686,343,171,172,156,76,67,0.6104651162790697
Clip-IPCW,0.05,0.03227726059534461,TRUE,FALSE,1,1,1.7416287995780817,0.9537745869402391,0.48191377090929255,0.9011627906976745,0,0.053774586940239066,0.8500624158730651,0.731263575975801,-0.2886860967200724,0.6057460291773764,0.8913910283151434,1.7416287995780817,3.133395022307763,0.4161918484452528,1.160663524965017,73.09998369912292,0.10526315789473684,0.09499999999999886,87,686,343,171,172,156,76,67,0.6104651162790697
H-AIPCW,0.060000000000000005,0.014991525382169576,TRUE,FALSE,1,1,Inf,0.9420999529841086,0.47601492756536,0.8895348837209303,0,0.042099952984108624,0.9665610896761121,0.8314812014241135,-0.16025137018210578,0.6887618263034592,0.8547643857367861,3.8734754874695594,6.574148199281323,0.5430995080699219,1.2507726690203596,66.92016644445094,NA,0.2400000000000091,87,686,343,171,172,156,76,67,0.6104651162790697
Clip-AIPCW,0.05,0.022112163598500795,TRUE,FALSE,1,1,1.7416287995780817,0.9537745869402391,0.48191377090929255,0.9011627906976745,0,0.053774586940239066,0.8500624158730651,0.731263575975801,-0.2886860967200724,0.6057460291773764,0.8913910283151434,1.7416287995780817,3.133395022307763,0.4161918484452528,1.160663524965017,73.09998369912292,0.10526315789473684,0.2109999999999843,87,686,343,171,172,156,76,67,0.6104651162790697
Naive-Y,0.060000000000000005,0.006432748538011674,TRUE,FALSE,1,1,Inf,0.9689878971861207,0.5466245252288618,0.9127906976744186,0,0.06898789718612064,0.8911173581821664,0.825457837854864,-0.20769106554302375,0.45493539666888566,0.9334218689271662,1,1,0,0,171,NA,0.06099999999997863,88,686,343,171,172,154,76,69,0.5988372093023255
CC,0.04,0.021052631578947323,TRUE,FALSE,1,1,Inf,0.9689878971861207,0.5466245252288618,0.9244186046511628,0,0.06898789718612064,0.6667255883411509,0.6175997555667552,-0.49778864999146166,0.34037836567343827,0.9334218689271662,1,1,0.24836601307189543,1.1213175023946031,76,NA,0.0630000000000166,88,686,343,171,172,154,76,69,0.5988372093023255
HT-IPCW,0.01,-0.2620522504907815,FALSE,TRUE,1,1,Inf,0.989690962679309,0.5583035187218243,0.9651162790697675,0,0.08969096267930898,0.2508189729548409,0.23233806996042872,-1.4754357438339933,0.12804871087469816,0.9608747102546131,6.912446735759595,6.912446735759595,0.9285148738512048,1.510460327120063,52.32320618625411,NA,0.39200000000002433,88,686,343,171,172,154,76,69,0.5988372093023255
H-IPCW,0.05,0.015356730469076622,TRUE,FALSE,1,1,Inf,0.9689878971861207,0.5466245252288618,0.9244186046511628,0,0.06898789718612064,0.781838639302916,0.7242310194326204,-0.338518823820525,0.39914615985925267,0.9334218689271662,6.912446735759595,10.835443405948888,0.9285148738512048,1.510460327120063,52.32320618625411,NA,0.12400000000002365,88,686,343,171,172,154,76,69,0.5988372093023255
Stab-IPCW,0.04,0.020561061405144524,TRUE,FALSE,1,1,Inf,0.9689878971861207,0.5466245252288618,0.9244186046511628,0,0.06898789718612064,0.6667255883411509,0.6175997555667552,-0.49778864999146166,0.34037836567343827,0.9334218689271662,1.6004118227326576,3.625331559981015,0.249967762072684,1.1325515578560978,75.15915216415823,NA,0.09299999999998931,88,686,343,171,172,154,76,69,0.5988372093023255
Clip-IPCW,0.04,0.03348995389195804,TRUE,FALSE,1,1,1.6231435071333493,0.9689878971861207,0.5466245252288618,0.9244186046511628,0,0.06898789718612064,0.6667255883411509,0.6175997555667552,-0.49778864999146166,0.34037836567343827,0.9334218689271662,1.6231435071333493,3.011010223743537,0.3868796555551635,1.153833801817304,73.59438366954247,0.15789473684210525,0.09199999999998454,88,686,343,171,172,154,76,69,0.5988372093023255
H-AIPCW,0.01,-0.08462813107909058,FALSE,TRUE,1,1,Inf,0.989690962679309,0.5583035187218243,0.9651162790697675,0,0.08969096267930898,0.2508189729548409,0.23233806996042872,-1.4754357438339933,0.12804871087469816,0.9608747102546131,6.912446735759595,10.835443405948888,0.9285148738512048,1.510460327120063,52.32320618625411,NA,0.2009999999999934,88,686,343,171,172,154,76,69,0.5988372093023255
Clip-AIPCW,0.04,0.02161544865869318,TRUE,FALSE,1,1,1.6231435071333493,0.9689878971861207,0.5466245252288618,0.9244186046511628,0,0.06898789718612064,0.6667255883411509,0.6175997555667552,-0.49778864999146166,0.34037836567343827,0.9334218689271662,1.6231435071333493,3.011010223743537,0.3868796555551635,1.153833801817304,73.59438366954247,0.15789473684210525,0.22400000000001796,88,686,343,171,172,154,76,69,0.5988372093023255
Naive-Y,0.05,0.018128654970760213,TRUE,FALSE,1,1,Inf,0.9750300616577524,0.6895396909334871,0.9593023255813954,0,0.07503006165775239,0.7408019483455864,0.6911455342720373,-0.40007446546995723,0.31723538640491594,0.9350472748588793,1,1,0,0,171,NA,0.06599999999997408,89,686,343,171,172,150,67,82,0.5232558139534884
CC,0.060000000000000005,0.010447761194029792,TRUE,FALSE,1,1,Inf,0.9750300616577524,0.6895396909334871,0.9534883720930233,0,0.07503006165775239,0.8480794431340062,0.7912321520468591,-0.2648334645096301,0.363175084036326,0.9350472748588793,1,1,0.23969728242174063,1.2495477671845348,67,NA,0.06900000000001683,89,686,343,171,172,150,67,82,0.5232558139534884
HT-IPCW,0.01,-0.39744157961832616,FALSE,TRUE,1,1,Inf,1,0.707198391156399,0.9941860465116279,0,0.09999999999999998,0.22871221609239414,0.2133814943909646,-1.575343263894334,0.09794197816249245,1,3.4452371305426865,3.4452371305426865,0.4525883800463217,1.3386441540596863,61.47786697999248,NA,0.375,89,686,343,171,172,150,67,82,0.5232558139534884
H-IPCW,0.06999999999999999,0.01579107215721552,TRUE,FALSE,1,1,Inf,0.9666110375318716,0.6835857706165572,0.9476744186046512,0,0.06661103753187159,0.9514017775592549,0.8876287263108071,-0.1498713264965396,0.4074210539056721,0.9349943851271956,3.4452371305426865,6.855396289900308,0.4525883800463217,1.3386441540596863,61.47786697999248,NA,0.07999999999998408,89,686,343,171,172,150,67,82,0.5232558139534884
Stab-IPCW,0.060000000000000005,0.011012636027907563,TRUE,FALSE,1,1,Inf,0.9750300616577524,0.6895396909334871,0.9534883720930233,0,0.07503006165775239,0.8480794431340062,0.7912321520468591,-0.2648334645096301,0.363175084036326,0.9350472748588793,1.395000890140682,3.5413866551845667,0.24581961951828324,1.2586562386162226,66.40902789216098,NA,0.09299999999998931,89,686,343,171,172,150,67,82,0.5232558139534884
Clip-IPCW,0.06999999999999999,0.012573884899091154,TRUE,FALSE,1,1,1.6767631584998948,0.9666110375318716,0.6835857706165572,0.9476744186046512,0,0.06661103753187159,0.9514017775592549,0.8876287263108071,-0.1498713264965396,0.4074210539056721,0.9349943851271956,1.6767631584998948,3.4639228576690493,0.3871747189462464,1.2854345961555005,64.70705741132686,0.11940298507462686,0.08500000000000796,89,686,343,171,172,150,67,82,0.5232558139534884
H-AIPCW,0.06999999999999999,0.020443741049258,TRUE,FALSE,1,1,Inf,0.9666110375318716,0.6835857706165572,0.9476744186046512,0,0.06661103753187159,0.9514017775592549,0.8876287263108071,-0.1498713264965396,0.4074210539056721,0.9349943851271956,3.4452371305426865,6.855396289900308,0.4525883800463217,1.3386441540596863,61.47786697999248,NA,0.20699999999999363,89,686,343,171,172,150,67,82,0.5232558139534884
Clip-AIPCW,0.06999999999999999,0.01570124566133601,TRUE,FALSE,1,1,1.6767631584998948,0.9666110375318716,0.6835857706165572,0.9476744186046512,0,0.06661103753187159,0.9514017775592549,0.8876287263108071,-0.1498713264965396,0.4074210539056721,0.9349943851271956,1.6767631584998948,3.4639228576690493,0.3871747189462464,1.2854345961555005,64.70705741132686,0.11940298507462686,0.21000000000000796,89,686,343,171,172,150,67,82,0.5232558139534884
Naive-Y,0.08,0.012280701754385942,TRUE,FALSE,0,1,Inf,0.8874192184881199,0.6973187321201499,0.8081395348837209,0.012580781511880135,0.012580781511880135,1.2585178230144791,1.0067818432046967,0.07788399378647248,1.1794447308156373,0.5586488873366753,1,1,0,0,171,NA,0.08799999999999386,90,686,343,171,172,146,80,73,0.5755813953488372
CC,0.06999999999999999,0.012499999999999956,TRUE,FALSE,1,1,Inf,0.9026697981612682,0.7093023748678188,0.8255813953488372,0,0.002669798161268222,1.1411815698677246,0.9129158628764518,-0.01998651337184742,1.0694807533678603,0.5586488873366753,1,1,0.2504299965600275,1.0696687227691517,80,NA,0.060000000000002274,90,686,343,171,172,146,80,73,0.5755813953488372
HT-IPCW,0.01,-0.22661672279280975,FALSE,TRUE,1,1,Inf,1,0.7857827705243517,0.9651162790697675,0,0.09999999999999998,0.2832980829777507,0.22663116957177615,-1.4133063427412493,0.26549837047038394,1,7.314085594239815,7.314085594239815,1.04684604214789,1.5060932890098822,52.5337232293325,NA,0.41500000000002046,90,686,343,171,172,146,80,73,0.5755813953488372
H-IPCW,0.06999999999999999,0.03754096860799772,TRUE,FALSE,1,1,Inf,0.9026697981612682,0.7093023748678188,0.8255813953488372,0,0.002669798161268222,1.1411815698677246,0.9129158628764518,-0.01998651337184742,1.0694807533678603,0.5586488873366753,7.314085594239815,10.766399829308016,1.04684604214789,1.5060932890098822,52.5337232293325,NA,0.09200000000001296,90,686,343,171,172,146,80,73,0.5755813953488372
Stab-IPCW,0.06999999999999999,0.017014264463058617,TRUE,FALSE,1,1,Inf,0.9026697981612682,0.7093023748678188,0.8255813953488372,0,0.002669798161268222,1.1411815698677246,0.9129158628764518,-0.01998651337184742,1.0694807533678603,0.5586488873366753,2.721328254985587,5.482720730421771,0.3141780383931087,1.1292838209201739,75.40267146364317,NA,0.08299999999999841,90,686,343,171,172,146,80,73,0.5755813953488372
Clip-IPCW,0.06999999999999999,0.025221787165014956,TRUE,FALSE,1,1,1.661354287745028,0.9026697981612682,0.7093023748678188,0.8255813953488372,0,0.002669798161268222,1.1411815698677246,0.9129158628764518,-0.01998651337184742,1.0694807533678603,0.5586488873366753,1.661354287745028,2.927875184955924,0.3891049305951494,1.0993188356928751,77.67661910058254,0.125,0.09999999999999432,90,686,343,171,172,146,80,73,0.5755813953488372
H-AIPCW,0.02,0.0025044208245252053,TRUE,FALSE,1,1,Inf,1,0.7857827705243517,0.9593023255813954,0,0.09999999999999998,0.4633973911209223,0.3707059773309245,-0.9212210006796447,0.43428197935421436,1,7.314085594239815,10.766399829308016,1.04684604214789,1.5060932890098822,52.5337232293325,NA,0.22499999999999432,90,686,343,171,172,146,80,73,0.5755813953488372
Clip-AIPCW,0.06999999999999999,0.012795653120984888,TRUE,FALSE,1,1,1.661354287745028,0.9026697981612682,0.7093023748678188,0.8255813953488372,0,0.002669798161268222,1.1411815698677246,0.9129158628764518,-0.01998651337184742,1.0694807533678603,0.5586488873366753,1.661354287745028,2.927875184955924,0.3891049305951494,1.0993188356928751,77.67661910058254,0.125,0.23500000000001364,90,686,343,171,172,146,80,73,0.5755813953488372
Naive-Y,0.060000000000000005,0.012280701754385942,TRUE,FALSE,1,1,Inf,0.9542248330604715,0.6255897530407407,0.8837209302325582,0,0.054224833060471433,0.9888161996737034,0.7716760797550404,-0.19988767763007056,0.8425882199124933,0.7810029873239087,1,1,0,0,171,NA,0.12299999999999045,91,686,343,171,172,161,64,74,0.5697674418604651
CC,0.060000000000000005,0.03749999999999998,TRUE,FALSE,1,1,Inf,0.9542248330604715,0.6255897530407407,0.8837209302325582,0,0.054224833060471433,0.9888161996737034,0.7716760797550404,-0.19988767763007056,0.8425882199124933,0.7810029873239087,1,1,0.23556931544547643,1.2968074486304935,64,NA,0.10200000000000387,91,686,343,171,172,161,64,74,0.5697674418604651
HT-IPCW,0.01,-0.3993790987928182,FALSE,TRUE,1,1,Inf,1,0.6555999502070133,0.9767441860465116,0,0.09999999999999998,0.2594363674467301,0.20246516900031022,-1.5378846869792486,0.22107043462641324,1,11.758673522361148,11.758673522361148,1.0880961998271437,2.083649514003289,32.16579733590893,NA,0.5549999999999784,91,686,343,171,172,161,64,74,0.5697674418604651
H-IPCW,0.08,0.0022903335762081145,TRUE,FALSE,1,1,Inf,0.9182573411490166,0.6020094671345197,0.8604651162790697,0,0.01825734114901656,1.231651191559468,0.961185469495611,0.019714832907728425,1.0495123212904942,0.7810029873239087,11.758673522361148,23.488179366875503,1.0880961998271437,2.083649514003289,32.16579733590893,NA,0.09000000000000341,91,686,343,171,172,161,64,74,0.5697674418604651
Stab-IPCW,0.060000000000000005,0.04000153916726021,TRUE,FALSE,1,1,Inf,0.9542248330604715,0.6255897530407407,0.8837209302325582,0,0.054224833060471433,0.9888161996737034,0.7716760797550404,-0.19988767763007056,0.8425882199124933,0.7810029873239087,3.0270424976542927,7.787914549899362,0.28031732935976333,1.362158462983429,60.113372907650366,NA,0.07900000000000773,91,686,343,171,172,161,64,74,0.5697674418604651
Clip-IPCW,0.06999999999999999,0.002010585089790168,TRUE,FALSE,1,1,1.6822970636915286,0.9453026989387177,0.6197404023547787,0.877906976744186,0,0.045302698938717634,1.1119626368426199,0.867780047207908,-0.08251427308008401,0.9475235327815209,0.7810029873239087,1.6822970636915286,3.8447367840825044,0.33602489142993114,1.3247979596751236,62.299032068787525,0.078125,0.11199999999999477,91,686,343,171,172,161,64,74,0.5697674418604651
H-AIPCW,0.08,0.011860837205232415,TRUE,FALSE,1,1,Inf,0.9182573411490166,0.6020094671345197,0.8604651162790697,0,0.01825734114901656,1.231651191559468,0.961185469495611,0.019714832907728425,1.0495123212904942,0.7810029873239087,11.758673522361148,23.488179366875503,1.0880961998271437,2.083649514003289,32.16579733590893,NA,0.21999999999999886,91,686,343,171,172,161,64,74,0.5697674418604651
Clip-AIPCW,0.08,0.0024462890838926783,TRUE,FALSE,1,1,1.6822970636915286,0.9182573411490166,0.6020094671345197,0.8604651162790697,0,0.01825734114901656,1.231651191559468,0.961185469495611,0.019714832907728425,1.0495123212904942,0.7810029873239087,1.6822970636915286,3.8447367840825044,0.33602489142993114,1.3247979596751236,62.299032068787525,0.078125,0.22400000000001796,91,686,343,171,172,161,64,74,0.5697674418604651
Naive-Y,0.060000000000000005,5.847953216374047e-4,TRUE,FALSE,1,1,Inf,0.9525341375521714,0.5928844640506468,0.9244186046511628,0,0.0525341375521714,1.160137916239144,0.8555200205513778,-0.08547067966077904,1.5450007685669642,0.8870621958043063,1,1,0,0,171,NA,0.06700000000000728,92,686,343,171,172,147,80,72,0.5813953488372093
CC,0.05,0,TRUE,FALSE,1,1,Inf,0.9619564120755237,0.5987491569374251,0.9302325581395349,0,0.061956412075523715,1.0221888271653183,0.7537922812304645,-0.21206333391368648,1.361288603264163,0.8870621958043063,1,1,0.2504299965600275,1.0696687227691517,80,NA,0.06299999999998818,92,686,343,171,172,147,80,72,0.5813953488372093
HT-IPCW,0.04,0.01807493205100219,TRUE,FALSE,1,1,Inf,0.9619564120755237,0.5987491569374251,0.936046511627907,0,0.061956412075523715,0.8761939838952507,0.6461313647424485,-0.3661773407791963,1.1668615942838167,0.8870621958043063,39.66849690166272,39.66849690166272,10.287567062686277,3.368749494020509,13.922691658320154,NA,0.4310000000000116,92,686,343,171,172,147,80,72,0.5813953488372093
H-IPCW,0.08,0.005213152321187058,TRUE,FALSE,1,1,Inf,0.9144386886820116,0.5691727681693887,0.8837209302325582,0,0.014438688682011591,1.4188907614298074,1.0463320234491542,0.11586584140938305,1.8895919926728204,0.8118231065869622,39.66849690166272,41.663727527968106,10.287567062686277,3.368749494020509,13.922691658320154,NA,0.15900000000002024,92,686,343,171,172,147,80,72,0.5813953488372093
Stab-IPCW,0.04,0.03606326774559785,TRUE,FALSE,1,1,Inf,0.9619564120755237,0.5987491569374251,0.936046511627907,0,0.061956412075523715,0.8761939838952507,0.6461313647424485,-0.3661773407791963,1.1668615942838167,0.8870621958043063,2.0070605492946862,4.2737077671795225,0.2609123570896471,1.0876562798599962,78.5817392419354,NA,0.1449999999999818,92,686,343,171,172,147,80,72,0.5813953488372093
Clip-IPCW,0.060000000000000005,0.0023961143566746416,TRUE,FALSE,1,1,1.7996238879800268,0.9525341375521714,0.5928844640506468,0.9244186046511628,0,0.0525341375521714,1.160137916239144,0.8555200205513778,-0.08547067966077904,1.5450007685669642,0.8870621958043063,1.7996238879800268,2.9898932690737974,0.4484892211201031,1.1126278873606816,76.65750347635414,0.15,0.10099999999999909,92,686,343,171,172,147,80,72,0.5813953488372093
H-AIPCW,0.01,4.049104075581206e-4,TRUE,FALSE,1,1,Inf,1,0.6224285730842626,0.9767441860465116,0,0.09999999999999998,0.3402186221439291,0.2508872768783272,-1.3121764327276446,0.4530823666182221,1,39.66849690166272,41.663727527968106,10.287567062686277,3.368749494020509,13.922691658320154,NA,0.2980000000000018,92,686,343,171,172,147,80,72,0.5813953488372093
Clip-AIPCW,0.04,0.02784163226532734,TRUE,FALSE,1,1,1.7996238879800268,0.9619564120755237,0.5987491569374251,0.936046511627907,0,0.061956412075523715,0.8761939838952507,0.6461313647424485,-0.3661773407791963,1.1668615942838167,0.8870621958043063,1.7996238879800268,2.9898932690737974,0.4484892211201031,1.1126278873606816,76.65750347635414,0.15,0.2779999999999916,92,686,343,171,172,147,80,72,0.5813953488372093
Naive-Y,0.05,5.847953216374047e-4,TRUE,FALSE,1,1,Inf,0.9319485282044605,0.6427997379540387,0.8895348837209303,0,0.03194852820446048,0.8467560682783943,0.7347281456887703,-0.30948685194283776,0.5146911074042513,0.775209340885139,1,1,0,0,171,NA,0.06700000000000728,93,686,343,171,172,154,67,78,0.5465116279069767
CC,0.05,0.010447761194029792,TRUE,FALSE,1,1,Inf,0.9319485282044605,0.6427997379540387,0.8895348837209303,0,0.03194852820446048,0.8467560682783943,0.7347281456887703,-0.30948685194283776,0.5146911074042513,0.775209340885139,1,1,0.23969728242174063,1.2495477671845348,67,NA,0.09299999999998931,93,686,343,171,172,154,67,78,0.5465116279069767
HT-IPCW,0.01,-0.26197697862821323,FALSE,TRUE,1,1,Inf,1,0.6897373819480024,0.9593023255813954,0,0.09999999999999998,0.27383407841241725,0.2376051524111436,-1.4383771404403132,0.1664469501230332,1,30.54482073989284,30.54482073989284,5.686175827792942,3.737436245365028,11.486730200407768,NA,0.4170000000000016,93,686,343,171,172,154,67,78,0.5465116279069767
H-IPCW,0.06999999999999999,0.003423073664089059,TRUE,FALSE,0,1,Inf,0.8892075298493082,0.613319673646712,0.8546511627906976,0.010792470150691846,0.010792470150691846,1.0767927971353122,0.9343304462391403,-0.06915724043835092,0.6545163335283964,0.640905400223472,30.54482073989284,47.874167101713184,5.686175827792942,3.737436245365028,11.486730200407768,NA,0.0800000000000125,93,686,343,171,172,154,67,78,0.5465116279069767
Stab-IPCW,0.05,0.009352819564955324,TRUE,FALSE,1,1,Inf,0.9319485282044605,0.6427997379540387,0.8895348837209303,0,0.03194852820446048,0.8467560682783943,0.7347281456887703,-0.30948685194283776,0.5146911074042513,0.775209340885139,2.247320820926264,5.708904124736216,0.25418574382083337,1.280746768254361,65.00122097071386,NA,0.09299999999998931,93,686,343,171,172,154,67,78,0.5465116279069767
Clip-IPCW,0.060000000000000005,0.003300307818713555,TRUE,FALSE,1,1,1.7295463338620034,0.9234739235254659,0.6369544863097045,0.8837209302325582,0,0.023473923525465845,0.9642173854352736,0.8366490400028812,-0.17958273741561537,0.5860886416759036,0.775209340885139,1.7295463338620034,3.8253592338178266,0.3323143516547999,1.2750128831568188,65.36319757374808,0.04477611940298507,0.09700000000000841,93,686,343,171,172,154,67,78,0.5465116279069767
H-AIPCW,0.01,-2.578467884944632,FALSE,TRUE,1,1,Inf,1,0.6897373819480024,0.9593023255813954,0,0.09999999999999998,0.27383407841241725,0.2376051524111436,-1.4383771404403132,0.1664469501230332,1,30.54482073989284,47.874167101713184,5.686175827792942,3.737436245365028,11.486730200407768,NA,0.3159999999999741,93,686,343,171,172,154,67,78,0.5465116279069767
Clip-AIPCW,0.05,0.0033223673682899607,TRUE,FALSE,1,1,1.7295463338620034,0.9319485282044605,0.6427997379540387,0.8895348837209303,0,0.03194852820446048,0.8467560682783943,0.7347281456887703,-0.30948685194283776,0.5146911074042513,0.775209340885139,1.7295463338620034,3.8253592338178266,0.3323143516547999,1.2750128831568188,65.36319757374808,0.04477611940298507,0.21700000000001296,93,686,343,171,172,154,67,78,0.5465116279069767
Naive-Y,0.05,5.847953216374047e-4,TRUE,FALSE,1,1,Inf,0.9527944763358395,0.664107332550324,0.9244186046511628,0,0.052794476335839446,0.8580682528609912,0.6518303649317208,-0.34673022553821214,0.8160648866830195,0.49747975870588146,1,1,0,0,171,NA,0.0730000000000075,94,686,343,171,172,150,71,78,0.5465116279069767
CC,0.060000000000000005,0.015492957746478853,TRUE,FALSE,1,1,Inf,0.9275406422103813,0.6465051561793782,0.9069767441860465,0,0.027540642210381328,0.9785251853286727,0.743335307559734,-0.21536734543551697,0.9306253224253583,0.49747975870588146,1,1,0.24423804609563124,1.1902670743861876,71,NA,0.06100000000000705,94,686,343,171,172,150,71,78,0.5465116279069767
HT-IPCW,0.01,-0.3480020571848934,FALSE,TRUE,1,1,Inf,1,0.6970100573045728,0.9767441860465116,0,0.09999999999999998,0.2739967978105042,0.20814128959025516,-1.48829745115457,0.2605843591243584,1,8.567799036459633,8.567799036459633,0.781426034887769,1.601424539259061,48.17494265857413,NA,0.3850000000000193,94,686,343,171,172,150,71,78,0.5465116279069767
H-IPCW,0.08,0.0078769642650399,TRUE,FALSE,1,1,Inf,0.9105608764214215,0.6346700886537969,0.8837209302325582,0,0.01056087642142145,1.205885882196483,0.9160495473842948,-0.006444122885848083,1.1468564680329094,0.49747975870588146,8.567799036459633,15.521432911081416,0.781426034887769,1.601424539259061,48.17494265857413,NA,0.09199999999998454,94,686,343,171,172,150,71,78,0.5465116279069767
Stab-IPCW,0.060000000000000005,0.01404741331121041,TRUE,FALSE,1,1,Inf,0.9275406422103813,0.6465051561793782,0.9069767441860465,0,0.027540642210381328,0.9785251853286727,0.743335307559734,-0.21536734543551697,0.9306253224253583,0.49747975870588146,1.3373504913355052,3.27779302941516,0.24066287730128794,1.2023774926530348,70.16083544433639,NA,0.08400000000000318,94,686,343,171,172,150,71,78,0.5465116279069767
Clip-IPCW,0.08,5.028601493376473e-5,TRUE,FALSE,1,1,1.95962342805697,0.9105608764214215,0.6346700886537969,0.8837209302325582,0,0.01056087642142145,1.205885882196483,0.9160495473842948,-0.006444122885848083,1.1468564680329094,0.49747975870588146,1.95962342805697,3.851664746596643,0.39858519258474995,1.2408990039165746,67.56688724943137,0.07042253521126761,0.10900000000000887,94,686,343,171,172,150,71,78,0.5465116279069767
H-AIPCW,0.01,-0.03535020787717241,FALSE,TRUE,1,1,Inf,1,0.6970100573045728,0.9767441860465116,0,0.09999999999999998,0.2739967978105042,0.20814128959025516,-1.48829745115457,0.2605843591243584,1,8.567799036459633,15.521432911081416,0.781426034887769,1.601424539259061,48.17494265857413,NA,0.21600000000000819,94,686,343,171,172,150,71,78,0.5465116279069767
Clip-AIPCW,0.060000000000000005,0.015081430946593068,TRUE,FALSE,1,1,1.95962342805697,0.9275406422103813,0.6465051561793782,0.9069767441860465,0,0.027540642210381328,0.9785251853286727,0.743335307559734,-0.21536734543551697,0.9306253224253583,0.49747975870588146,1.95962342805697,3.851664746596643,0.39858519258474995,1.2408990039165746,67.56688724943137,0.07042253521126761,0.2050000000000125,94,686,343,171,172,150,71,78,0.5465116279069767
Naive-Y,0.05,5.847953216374047e-4,TRUE,FALSE,1,1,Inf,0.9604206852096655,0.568097592482161,0.9186046511627907,0,0.06042068520966548,0.7732601443146785,0.7118631794697836,-0.32899487371748487,0.3609416101844312,0.9064866546377978,1,1,0,0,171,NA,0.06499999999999773,95,686,343,171,172,153,76,70,0.5930232558139535
CC,0.05,0.007894736842105288,TRUE,FALSE,1,1,Inf,0.9604206852096655,0.568097592482161,0.9186046511627907,0,0.06042068520966548,0.7732601443146785,0.7118631794697836,-0.32899487371748487,0.3609416101844312,0.9064866546377978,1,1,0.24836601307189543,1.1213175023946031,76,NA,0.06799999999998363,95,686,343,171,172,153,76,70,0.5930232558139535
HT-IPCW,0.01,-0.11467005490990301,FALSE,TRUE,1,1,Inf,1,0.5915091180675079,0.9825581395348837,0,0.09999999999999998,0.2467987820383204,0.22720292383202545,-1.4710370472544465,0.11520049292003434,1,20.815059944487874,20.815059944487874,5.2057386678162,2.883455549655265,18.455174188217452,NA,0.3640000000000043,95,686,343,171,172,153,76,70,0.5930232558139535
H-IPCW,0.06999999999999999,0.008453335030383521,TRUE,FALSE,1,1,Inf,0.9492652495601503,0.5614990505794574,0.9127906976744186,0,0.049265249560150326,0.9860874562507137,0.9077919727312904,-0.08586535556635826,0.46028493367810347,0.8300105107613142,20.815059944487874,26.305692891996074,5.2057386678162,2.883455549655265,18.455174188217452,NA,0.0759999999999934,95,686,343,171,172,153,76,70,0.5930232558139535
Stab-IPCW,0.060000000000000005,0.0039953707206638,TRUE,FALSE,1,1,Inf,0.9604206852096655,0.568097592482161,0.9186046511627907,0,0.06042068520966548,0.8818597802331752,0.8118399889337168,-0.19757734021782009,0.41163364150411796,0.9064866546377978,5.3594304625559825,10.924120161752995,0.46841293608012685,1.3950258922728158,58.26797812482982,NA,0.09000000000000341,95,686,343,171,172,153,76,70,0.5930232558139535
Clip-IPCW,0.060000000000000005,0.010186962832034773,TRUE,FALSE,1,1,1.7629947167538005,0.9604206852096655,0.568097592482161,0.9186046511627907,0,0.06042068520966548,0.8818597802331752,0.8118399889337168,-0.19757734021782009,0.41163364150411796,0.9064866546377978,1.7629947167538005,3.2826442722337226,0.39089966581243113,1.1641406681576327,72.84971255485826,0.10526315789473684,0.08899999999999864,95,686,343,171,172,153,76,70,0.5930232558139535
H-AIPCW,0.01,-2.7594051268478736,FALSE,TRUE,1,1,Inf,1,0.5915091180675079,0.9825581395348837,0,0.09999999999999998,0.2467987820383204,0.22720292383202545,-1.4710370472544465,0.11520049292003434,1,20.815059944487874,26.305692891996074,5.2057386678162,2.883455549655265,18.455174188217452,NA,0.19300000000001205,95,686,343,171,172,153,76,70,0.5930232558139535
Clip-AIPCW,0.04,0.010556118548406223,TRUE,FALSE,1,1,1.7629947167538005,0.9801938613269503,0.5797936064486895,0.9476744186046512,0,0.08019386132695028,0.658936855669505,0.6066171761153467,-0.4889826927543904,0.30757789787033063,0.9064866546377978,1.7629947167538005,3.2826442722337226,0.39089966581243113,1.1641406681576327,72.84971255485826,0.10526315789473684,0.2580000000000098,95,686,343,171,172,153,76,70,0.5930232558139535
Naive-Y,0.05,0.006432748538011674,TRUE,FALSE,1,1,Inf,0.9732064603668645,0.5471296350518642,0.9302325581395349,0,0.07320646036686451,0.8851555320825778,0.6883597457281969,-0.28830905796628176,0.6565192616048559,0.8824651631705441,1,1,0,0,171,NA,0.08400000000000318,96,686,343,171,172,146,78,75,0.563953488372093
CC,0.04,0.048717948717948656,TRUE,FALSE,1,1,Inf,0.9732064603668645,0.5471296350518642,0.936046511627907,0,0.07320646036686451,0.755167583680721,0.5872718940835161,-0.44713274024106725,0.5601072878791404,0.8824651631705441,1,1,0.24953560371517028,1.0951352733650423,78,NA,0.0660000000000025,96,686,343,171,172,146,78,75,0.563953488372093
HT-IPCW,0.2,8.930229889280161e-4,TRUE,FALSE,0,0,Inf,0.5537226609612844,0.3112988761886045,0.627906976744186,0.3462773390387156,0.3462773390387156,2.461227288719193,1.914024969889684,0.7343429723720785,1.8254906213260844,0.29516911880512386,76.86318292027552,76.86318292027552,35.08966358847004,5.224364109143175,6.07797586120593,NA,0.3810000000000002,96,686,343,171,172,146,78,75,0.563953488372093
H-IPCW,0.09,0.013784624984655859,TRUE,FALSE,0,1,Inf,0.8887020097389036,0.499621843935367,0.8604651162790697,0.011297990261096458,0.011297990261096458,1.3520589690635474,1.0514569862816883,0.13531144182351193,1.0028212261492275,0.8075817923625417,76.86318292027552,67.78946394463492,35.08966358847004,5.224364109143175,6.07797586120593,NA,0.07699999999999818,96,686,343,171,172,146,78,75,0.563953488372093
Stab-IPCW,0.04,0.04880762087920062,TRUE,FALSE,1,1,Inf,0.9732064603668645,0.5471296350518642,0.936046511627907,0,0.07320646036686451,0.755167583680721,0.5872718940835161,-0.44713274024106725,0.5601072878791404,0.8824651631705441,1.584371510291321,3.4770767976037003,0.254747181650501,1.1076739763036134,77.03512819089936,NA,0.2939999999999827,96,686,343,171,172,146,78,75,0.563953488372093
Clip-IPCW,0.05,0.00734763363561512,TRUE,FALSE,1,1,2.0094675526244203,0.9732064603668645,0.5471296350518642,0.9302325581395349,0,0.07320646036686451,0.8851555320825778,0.6883597457281969,-0.28830905796628176,0.6565192616048559,0.8824651631705441,2.0094675526244203,3.3900434944983626,0.4784361995033573,1.1669071160735551,72.65128521103433,0.11538461538461539,0.09100000000000819,96,686,343,171,172,146,78,75,0.563953488372093
H-AIPCW,0.01,-0.706800145747711,FALSE,TRUE,1,1,Inf,1,0.5621927692974988,0.9825581395348837,0,0.09999999999999998,0.2848694952895624,0.22153473173452315,-1.422041265868925,0.21128751267161916,1,76.86318292027552,67.78946394463492,35.08966358847004,5.224364109143175,6.07797586120593,NA,0.19700000000000273,96,686,343,171,172,146,78,75,0.563953488372093
Clip-AIPCW,0.04,0.021750743779064427,TRUE,FALSE,1,1,2.0094675526244203,0.9732064603668645,0.5471296350518642,0.936046511627907,0,0.07320646036686451,0.755167583680721,0.5872718940835161,-0.44713274024106725,0.5601072878791404,0.8824651631705441,2.0094675526244203,3.3900434944983626,0.4784361995033573,1.1669071160735551,72.65128521103433,0.11538461538461539,0.19299999999998363,96,686,343,171,172,146,78,75,0.563953488372093
Naive-Y,0.08,0.012280701754385942,TRUE,FALSE,1,1,Inf,0.9087183026835459,0.5865245448414655,0.877906976744186,0,0.008718302683545898,1.1801288638335499,0.9667880753862361,0.006164949461410372,1.482356597041898,0.8250796572163392,1,1,0,0,171,NA,0.0660000000000025,97,686,343,171,172,155,72,72,0.5813953488372093
CC,0.09,0.002777777777777768,TRUE,FALSE,0,1,Inf,0.8904404871777147,0.5747272833704515,0.8604651162790697,0.009559512822285288,0.009559512822285288,1.2870967417259205,1.0544185638566044,0.09293040449304206,1.6167186521739487,0.7902876564131162,1,1,0.2452012383900929,1.1760477181195148,72,NA,0.06499999999999773,97,686,343,171,172,155,72,72,0.5813953488372093
HT-IPCW,0.01,-0.3857692161461269,FALSE,TRUE,1,1,Inf,1,0.6454415445461961,0.9767441860465116,0,0.09999999999999998,0.2658351327558166,0.21777811241068815,-1.4843376537189124,0.3339147739222432,1,3.162689047586364,3.162689047586364,0.42264995185368415,1.249737372176505,66.9876350682573,NA,0.37300000000001887,97,686,343,171,172,155,72,72,0.5813953488372093
H-IPCW,0.09,0.01704239721104073,TRUE,FALSE,0,1,Inf,0.8904404871777147,0.5747272833704515,0.8604651162790697,0.009559512822285288,0.009559512822285288,1.2870967417259205,1.0544185638566044,0.09293040449304206,1.6167186521739487,0.7902876564131162,3.162689047586364,6.079737659277659,0.42264995185368415,1.249737372176505,66.9876350682573,NA,0.08299999999999841,97,686,343,171,172,155,72,72,0.5813953488372093
Stab-IPCW,0.09,0.0034607366426585785,TRUE,FALSE,0,1,Inf,0.8904404871777147,0.5747272833704515,0.8604651162790697,0.009559512822285288,0.009559512822285288,1.2870967417259205,1.0544185638566044,0.09293040449304206,1.6167186521739487,0.7902876564131162,1.3223344033713784,3.1214305717044954,0.2504573206541351,1.1813518005082326,71.62511507081919,NA,0.09499999999999886,97,686,343,171,172,155,72,72,0.5813953488372093
Clip-IPCW,0.09,0.014158021701226998,TRUE,FALSE,0,1,1.650745561853303,0.8904404871777147,0.5747272833704515,0.8604651162790697,0.009559512822285288,0.009559512822285288,1.2870967417259205,1.0544185638566044,0.09293040449304206,1.6167186521739487,0.7902876564131162,1.650745561853303,3.28361331064438,0.36598020775717777,1.2033741244393281,70.09228548614405,0.09722222222222222,0.10099999999999909,97,686,343,171,172,155,72,72,0.5813953488372093
H-AIPCW,0.09,0.024701215170591453,TRUE,FALSE,0,1,Inf,0.8904404871777147,0.5747272833704515,0.8604651162790697,0.009559512822285288,0.009559512822285288,1.2870967417259205,1.0544185638566044,0.09293040449304206,1.6167186521739487,0.7902876564131162,3.162689047586364,6.079737659277659,0.42264995185368415,1.249737372176505,66.9876350682573,NA,0.2150000000000034,97,686,343,171,172,155,72,72,0.5813953488372093
Clip-AIPCW,0.09,0.011917734661326788,TRUE,FALSE,0,1,1.650745561853303,0.8904404871777147,0.5747272833704515,0.8604651162790697,0.009559512822285288,0.009559512822285288,1.2870967417259205,1.0544185638566044,0.09293040449304206,1.6167186521739487,0.7902876564131162,1.650745561853303,3.28361331064438,0.36598020775717777,1.2033741244393281,70.09228548614405,0.09722222222222222,0.20199999999999818,97,686,343,171,172,155,72,72,0.5813953488372093
Naive-Y,0.060000000000000005,5.847953216374047e-4,TRUE,FALSE,1,1,Inf,0.9496838137198179,0.5565544081242201,0.9244186046511628,0,0.04968381371981789,0.9004171864334655,0.7846151471612626,-0.18551241144414013,0.4508909732299706,0.8705118002082578,1,1,0,0,171,NA,0.0619999999999834,98,686,343,171,172,159,70,70,0.5930232558139535
CC,0.06999999999999999,0,TRUE,FALSE,1,1,Inf,0.9093756032354252,0.532932112045679,0.9011627906976745,0,0.00937560323542519,1.0031977162500658,0.8741771432475327,-0.07742271443755912,0.5023591302313511,0.8072185358398071,1,1,0.2432060543515652,1.2047176174586003,70,NA,0.0660000000000025,98,686,343,171,172,159,70,70,0.5930232558139535
HT-IPCW,0.01,-0.3341643740304322,FALSE,TRUE,1,1,Inf,1,0.5860417963156088,0.9883720930232558,0,0.09999999999999998,0.26261543111066843,0.2288406399081337,-1.4176798849084775,0.13150673832395507,1,10.046442668322008,10.046442668322008,1.1100280748794147,1.8426546544583013,39.0810676622709,NA,0.3509999999999991,98,686,343,171,172,159,70,70,0.5930232558139535
H-IPCW,0.06999999999999999,0.022455916709197787,TRUE,FALSE,1,1,Inf,0.9093756032354252,0.532932112045679,0.9011627906976745,0,0.00937560323542519,1.0031977162500658,0.8741771432475327,-0.07742271443755912,0.5023591302313511,0.8072185358398071,10.046442668322008,17.570708635240962,1.1100280748794147,1.8426546544583013,39.0810676622709,NA,0.08299999999999841,98,686,343,171,172,159,70,70,0.5930232558139535
Stab-IPCW,0.06999999999999999,5.044345017114432e-4,TRUE,FALSE,1,1,Inf,0.9093756032354252,0.532932112045679,0.9011627906976745,0,0.00937560323542519,1.0031977162500658,0.8741771432475327,-0.07742271443755912,0.5023591302313511,0.8072185358398071,1.506263098863983,3.6241912964444714,0.25363623846907896,1.2117580911852623,69.51867266317817,NA,0.09800000000001319,98,686,343,171,172,159,70,70,0.5930232558139535
Clip-IPCW,0.06999999999999999,0.008745895541955769,TRUE,FALSE,1,1,1.7190530335734402,0.9093756032354252,0.532932112045679,0.9011627906976745,0,0.00937560323542519,1.0031977162500658,0.8741771432475327,-0.07742271443755912,0.5023591302313511,0.8072185358398071,1.7190530335734402,3.538099019800513,0.359620027227998,1.2342485990394285,68.00662222092971,0.07142857142857142,0.10200000000000387,98,686,343,171,172,159,70,70,0.5930232558139535
H-AIPCW,0.06999999999999999,0.04114256345496804,TRUE,FALSE,1,1,Inf,0.9093756032354252,0.532932112045679,0.9011627906976745,0,0.00937560323542519,1.0031977162500658,0.8741771432475327,-0.07742271443755912,0.5023591302313511,0.8072185358398071,10.046442668322008,17.570708635240962,1.1100280748794147,1.8426546544583013,39.0810676622709,NA,0.29599999999999227,98,686,343,171,172,159,70,70,0.5930232558139535
Clip-AIPCW,0.06999999999999999,0.003761497016891756,TRUE,FALSE,1,1,1.7190530335734402,0.9093756032354252,0.532932112045679,0.9011627906976745,0,0.00937560323542519,1.0031977162500658,0.8741771432475327,-0.07742271443755912,0.5023591302313511,0.8072185358398071,1.7190530335734402,3.538099019800513,0.359620027227998,1.2342485990394285,68.00662222092971,0.07142857142857142,0.2810000000000059,98,686,343,171,172,159,70,70,0.5930232558139535
Naive-Y,0.03,0.02397660818713448,TRUE,FALSE,1,1,Inf,0.9835577820927698,0.49350200115447795,0.936046511627907,0,0.08355778209276976,0.84505875383138,0.5073334753375998,-0.5613531976754347,2.083502047453155,0.883478461524273,1,1,0,0,171,NA,0.09299999999998931,99,686,343,171,172,154,78,67,0.6104651162790697
CC,0.03,0.048717948717948656,TRUE,FALSE,1,1,Inf,0.9835577820927698,0.49350200115447795,0.936046511627907,0,0.08355778209276976,0.84505875383138,0.5073334753375998,-0.5613531976754347,2.083502047453155,0.883478461524273,1,1,0.24953560371517028,1.0951352733650423,78,NA,0.12399999999999523,99,686,343,171,172,154,78,67,0.6104651162790697
HT-IPCW,0.01,-0.08536870095759286,FALSE,TRUE,1,1,Inf,1,0.50175191548424,0.9593023255813954,0,0.09999999999999998,0.3905631979308871,0.23447574934509363,-1.3331695591001327,0.9629380428987613,1,26.13960402166168,26.13960402166168,5.115313364585187,2.7763552118088315,19.738957774062985,NA,0.3569999999999993,99,686,343,171,172,154,78,67,0.6104651162790697
H-IPCW,0.09999999999999999,0.0028342475314995412,TRUE,FALSE,0,0,Inf,0.7725038856708245,0.3876053043543545,0.7790697674418605,0.12749611432917551,0.12749611432917551,2.0047169939587133,1.2035376652832834,0.3024988258559444,4.942652735729831,0.5802994465482336,26.13960402166168,32.08765002325418,5.115313364585187,2.7763552118088315,19.738957774062985,NA,0.09199999999998454,99,686,343,171,172,154,78,67,0.6104651162790697
Stab-IPCW,0.03,0.050911645907832453,TRUE,FALSE,1,1,Inf,0.9835577820927698,0.49350200115447795,0.936046511627907,0,0.08355778209276976,0.84505875383138,0.5073334753375998,-0.5613531976754347,2.083502047453155,0.883478461524273,2.6656420788028647,5.523882224900924,0.3060494149493349,1.1464057397931153,74.13636112908746,NA,0.08200000000002206,99,686,343,171,172,154,78,67,0.6104651162790697
Clip-IPCW,0.06999999999999999,0.004946295326712413,TRUE,FALSE,0,1,1.9633358902092262,0.8999093252318319,0.4515312276972016,0.8604651162790697,9.067476816815301e-5,9.067476816815301e-5,1.5464786670531983,0.9284329558558839,0.04297644391316101,3.8128608863460034,0.8257771768350809,1.9633358902092262,3.4296736853562733,0.43640559426336495,1.1539934669937075,73.58278278546686,0.11538461538461539,0.09000000000000341,99,686,343,171,172,154,78,67,0.6104651162790697
H-AIPCW,0.01,-0.28432878827720154,FALSE,TRUE,1,1,Inf,1,0.50175191548424,0.9593023255813954,0,0.09999999999999998,0.3905631979308871,0.23447574934509363,-1.3331695591001327,0.9629380428987613,1,26.13960402166168,32.08765002325418,5.115313364585187,2.7763552118088315,19.738957774062985,NA,0.19200000000000728,99,686,343,171,172,154,78,67,0.6104651162790697
Clip-AIPCW,0.03,0.038929385053998525,TRUE,FALSE,1,1,1.9633358902092262,0.9835577820927698,0.49350200115447795,0.936046511627907,0,0.08355778209276976,0.84505875383138,0.5073334753375998,-0.5613531976754347,2.083502047453155,0.883478461524273,1.9633358902092262,3.4296736853562733,0.43640559426336495,1.1539934669937075,73.58278278546686,0.11538461538461539,0.21700000000001296,99,686,343,171,172,154,78,67,0.6104651162790697
Naive-Y,0.05,0.006432748538011674,TRUE,FALSE,0,1,Inf,0.898636286329311,0.5325057838157607,0.9069767441860465,0.001363713670688993,0.001363713670688993,1.0056353807490876,0.7337791805824373,-0.2205691889060383,1.3274400289380461,0.7686757716783229,1,1,0,0,171,NA,0.0759999999999934,100,686,343,171,172,143,83,73,0.5755813953488372
CC,0.060000000000000005,0.015662650602409567,TRUE,FALSE,0,1,Inf,0.898636286329311,0.5325057838157607,0.9069767441860465,0.001363713670688993,0.001363713670688993,1.1494461852001976,0.8387132116130798,-0.0869085020088555,1.517270480487976,0.7686757716783229,1,1,0.25125558995528036,1.03270405993562,83,NA,0.06399999999999295,100,686,343,171,172,143,83,73,0.5755813953488372
HT-IPCW,0.01,-0.17166562998169477,FALSE,TRUE,1,1,Inf,0.9901085492031976,0.5867095921641033,0.9651162790697675,0,0.09010854920319755,0.3147690695568455,0.22967667442256295,-1.3821047718341075,0.4154955869692038,0.9443831404945716,10.157073728180144,10.157073728180144,1.4071281579859485,1.628680970615684,47.01561621526037,NA,0.3789999999999907,100,686,343,171,172,143,83,73,0.5755813953488372
H-IPCW,0.08,0.016055189445248703,TRUE,FALSE,0,0,Inf,0.8481718836788092,0.5026020433403267,0.8662790697674418,0.051828116321190776,0.051828116321190776,1.4217065807727045,1.0373726997263868,0.12566921715298926,1.8766545617324553,0.653432678083574,10.157073728180144,13.945619136338253,1.4071281579859485,1.628680970615684,47.01561621526037,NA,0.10200000000000387,100,686,343,171,172,143,83,73,0.5755813953488372
Stab-IPCW,0.060000000000000005,0.01729788667923635,TRUE,FALSE,0,1,Inf,0.898636286329311,0.5325057838157607,0.9069767441860465,0.001363713670688993,0.001363713670688993,1.1494461852001976,0.8387132116130798,-0.0869085020088555,1.517270480487976,0.7686757716783229,1.852059271076085,3.7531826243123283,0.26708424244551454,1.0472948040881946,81.80204774756211,NA,0.08400000000000318,100,686,343,171,172,143,83,73,0.5755813953488372
Clip-IPCW,0.06999999999999999,0.006372888502846914,TRUE,FALSE,0,1,1.6744445760165088,0.8885988984904115,0.5265579190790175,0.9011627906976745,0.011401101509588507,0.011401101509588507,1.2877532512330594,0.939631345088811,0.026710283898429974,1.6998359900668463,0.7122383490286508,1.6744445760165088,2.843026817665385,0.3952976351971086,1.067510824507338,80.17196544693338,0.13253012048192772,0.13399999999998613,100,686,343,171,172,143,83,73,0.5755813953488372
H-AIPCW,0.01,-1.9035730996408944,FALSE,TRUE,1,1,Inf,0.9901085492031976,0.5867095921641033,0.9651162790697675,0,0.09010854920319755,0.3147690695568455,0.22967667442256295,-1.3821047718341075,0.4154955869692038,0.9443831404945716,10.157073728180144,13.945619136338253,1.4071281579859485,1.628680970615684,47.01561621526037,NA,0.23400000000000887,100,686,343,171,172,143,83,73,0.5755813953488372
Clip-AIPCW,0.060000000000000005,0.006852883750353287,TRUE,FALSE,0,1,1.6744445760165088,0.898636286329311,0.5325057838157607,0.9069767441860465,0.001363713670688993,0.001363713670688993,1.1494461852001976,0.8387132116130798,-0.0869085020088555,1.517270480487976,0.7686757716783229,1.6744445760165088,2.843026817665385,0.3952976351971086,1.067510824507338,80.17196544693338,0.13253012048192772,0.3079999999999927,100,686,343,171,172,143,83,73,0.5755813953488372
