"setting","mech","n","cens","backend","method","R","mean_cov","mcse_cov","med_cov","cov_q05","cov_q10","pac_success_nominal","pac_success_tol","pac_tol","mean_short","mean_abscal","med_lpb","worst_slice","sd_tau","sd_cov","mean_maxwt","mean_ess","mean_clipfrac","mean_clip_level","mean_nu_hat_c","mean_runtime"
"A","C1",300,0.4,"weibull_cox","Clip-AIPCW",100,0.92599,0.00281478761062523,0.92825,0.882425,0.8889,0.84,0.96,0.02,0.003065,0.03212,0.23063992036567,0.908003502457396,0.0327616121752766,0.0281478761062523,2.10537183096003,67.9077087780945,0.111327269336943,2.10537183096003,0.804095153725495,NA
"B","C1",300,0.4,"weibull_cox","Clip-AIPCW",100,0.918785,0.00279110469241847,0.92225,0.86895,0.879,0.77,0.87,0.02,0.00479500000000001,0.028375,0.401952902871272,0.885163845614652,0.0274204082369098,0.0279110469241847,2.13506276191206,67.2345975536341,0.111149557665813,2.13511986475672,0.813909653589861,NA
"C","C1",300,0.4,"weibull_cox","Clip-AIPCW",100,0.92119,0.00261926410360705,0.92525,0.874925,0.88815,0.81,0.91,0.02,0.00360500000000001,0.0284,0.449027724026188,0.887408786108517,0.0314657100522284,0.0261926410360705,2.10476604850431,67.3728306206116,0.120384176678356,2.10476604850431,0.812201560434386,NA
"A","C2",300,0.4,"weibull_cox","Clip-AIPCW",100,0.921415,0.00315400222740965,0.9195,0.8674,0.8803,0.78,0.9,0.02,0.00485000000000001,0.031115,0.241032500097139,0.902444000681329,0.0372774202514882,0.0315400222740965,2.19143785711321,68.0550722222044,0.120790462578101,2.19143785711321,0.859477648366655,NA
"B","C2",300,0.4,"weibull_cox","Clip-AIPCW",100,0.92422,0.00256066121511337,0.9255,0.8818,0.89155,0.81,0.95,0.02,0.00277,0.02976,0.400866578773334,0.888544462985903,0.0271343458972706,0.0256066121511337,2.31295338417217,66.6869601388084,0.115526651766081,2.31295338417217,0.872995547640317,NA
"C","C2",300,0.4,"weibull_cox","Clip-AIPCW",100,0.9168,0.00278076909643299,0.91575,0.872825,0.88325,0.76,0.91,0.02,0.004845,0.02649,0.469353135227163,0.882232039860376,0.0323770401252605,0.0278076909643299,2.19963021922932,67.3385333409848,0.112895068382779,2.19963021922932,0.862785478776418,NA
"A","C3",300,0.4,"weibull_cox","Clip-AIPCW",100,0.922825,0.0030527713440066,0.92525,0.871225,0.88145,0.83,0.93,0.02,0.00453,0.031885,0.237293938053551,0.903911951593697,0.0334921971916934,0.030527713440066,2.09254190969436,68.0027349463268,0.115044048571667,2.09254190969436,0.797742965864665,NA
"B","C3",300,0.4,"weibull_cox","Clip-AIPCW",100,0.91873,0.00276573934806123,0.92475,0.8675,0.88535,0.74,0.92,0.02,0.00480000000000001,0.02833,0.395376204828751,0.883333429129389,0.025324360452403,0.0276573934806123,2.12861827630978,67.0136017729037,0.110589191736261,2.12861827630978,0.79752598565501,NA
"C","C3",300,0.4,"weibull_cox","Clip-AIPCW",100,0.9198,0.0027457405028682,0.9225,0.870425,0.8858,0.79,0.9,0.02,0.00439000000000001,0.02858,0.45803027667275,0.885326237064635,0.0310546927113108,0.027457405028682,2.10685990358469,67.2255595741963,0.117155127463343,2.10685990358469,0.802574017052129,NA
"A","C1",600,0.4,"weibull_cox","Clip-AIPCW",100,0.914975,0.00232660691726702,0.91525,0.86995,0.8867,0.77,0.91,0.02,0.00399500000000001,0.022965,0.253634085713709,0.898792657868291,0.0237741902325215,0.0232660691726702,2.12103861752652,134.572986287301,0.100364525681898,2.12103861752652,0.796694482959282,NA
"B","C1",600,0.4,"weibull_cox","Clip-AIPCW",100,0.92113,0.00203861237218859,0.921,0.886,0.8924,0.84,0.97,0.02,0.00185000000000001,0.02483,0.404289421298524,0.891049554025213,0.0207132905169701,0.0203861237218859,2.1308289917783,134.404471402012,0.106672801344958,2.1308289917783,0.810422629435838,NA
"C","C1",600,0.4,"weibull_cox","Clip-AIPCW",100,0.917115,0.00247039904967729,0.921,0.874325,0.8795,0.79,0.89,0.02,0.00435,0.025815,0.472046512052955,0.885663945470028,0.0242495444089246,0.0247039904967729,2.08687324793631,133.791164954402,0.110446811854001,2.08687324793631,0.799757218971052,NA
"A","C2",600,0.4,"weibull_cox","Clip-AIPCW",100,0.912015,0.00217213127893534,0.9125,0.8785,0.88695,0.74,0.93,0.02,0.00387500000000001,0.019765,0.261647470221747,0.895129581179143,0.0225280969350532,0.0217213127893534,2.25374945636705,133.941207314639,0.108136885018282,2.25374945636705,0.85219199420392,NA
"B","C2",600,0.4,"weibull_cox","Clip-AIPCW",100,0.92179,0.00215509942586265,0.9255,0.883775,0.8909,0.83,0.95,0.02,0.00228500000000001,0.02636,0.412098947252511,0.883000883422026,0.0209557012323953,0.0215509942586265,2.34590702523997,132.43132547891,0.102563180587189,2.34590702523997,0.867124240141342,NA
"C","C2",600,0.4,"weibull_cox","Clip-AIPCW",100,0.914535,0.0024512546261913,0.91525,0.87295,0.8809,0.77,0.91,0.02,0.00442500000000001,0.023385,0.487340663820002,0.883107408782548,0.0234712375025048,0.024512546261913,2.18267698831706,134.365881289133,0.107260006600603,2.18267698831706,0.856868350414852,NA
"A","C3",600,0.4,"weibull_cox","Clip-AIPCW",100,0.916115,0.00236379312320112,0.91675,0.870425,0.8857,0.76,0.92,0.02,0.00385,0.023815,0.250950896636361,0.900340636448472,0.0242401703497698,0.0236379312320112,2.08233121912847,134.912737468394,0.103564254416316,2.08233121912847,0.787960840586292,NA
"B","C3",600,0.4,"weibull_cox","Clip-AIPCW",100,0.91864,0.00199400718315272,0.918,0.883475,0.89645,0.86,0.97,0.02,0.002145,0.02293,0.414587440269202,0.886496691100643,0.020195759130785,0.0199400718315272,2.13661040376739,133.153888604118,0.104978251166441,2.13661040376739,0.79167291898733,NA
"C","C3",600,0.4,"weibull_cox","Clip-AIPCW",100,0.916015,0.00257182141760279,0.91975,0.86985,0.8759,0.78,0.87,0.02,0.00512000000000001,0.026255,0.471094499524813,0.8832671534149,0.025088932728487,0.0257182141760279,2.10188232065857,133.262108130274,0.10744286965556,2.10188232065857,0.79056642724028,NA
"A","C1",1200,0.4,"weibull_cox","Clip-AIPCW",100,0.92023,0.00159757423437643,0.9225,0.891925,0.89795,0.86,1,0.02,0.00101500000000001,0.02226,0.247682482924138,0.905789875253481,0.0156721460437351,0.0159757423437643,2.14607635081152,269.446602637181,0.101621736086829,2.14607635081152,0.80268772494042,NA
"B","C1",1200,0.4,"weibull_cox","Clip-AIPCW",100,0.91929,0.00163889251840036,0.91925,0.89145,0.90095,0.91,0.98,0.02,0.001105,0.0215,0.417099823034697,0.894122411671348,0.0151020100341215,0.0163889251840036,2.16964109971015,266.999497524333,0.101129129823091,2.16964109971015,0.812003508823916,NA
"C","C1",1200,0.4,"weibull_cox","Clip-AIPCW",100,0.919515,0.00164305171537415,0.9195,0.895425,0.89845,0.87,1,0.02,0.000680000000000005,0.020875,0.475338452482073,0.886341055429198,0.0170513188565423,0.0164305171537415,2.14761558325671,270.280522290666,0.10260955871552,2.14761558325671,0.818049956738992,NA
"A","C2",1200,0.4,"weibull_cox","Clip-AIPCW",100,0.916625,0.00161195619598604,0.91725,0.8885,0.8964,0.86,0.98,0.02,0.00152000000000001,0.019665,0.251693168725997,0.901840032903225,0.0155293791299464,0.0161195619598604,2.26490155993832,268.241221741128,0.102259340389579,2.26490155993832,0.853292691230739,NA
"B","C2",1200,0.4,"weibull_cox","Clip-AIPCW",100,0.92259,0.00148683413922864,0.92125,0.9004,0.9045,0.95,0.99,0.02,0.00041,0.02341,0.415596253141574,0.883977168599072,0.0139131505265974,0.0148683413922864,2.37496899324751,265.122057698331,0.10227775935624,2.37496899324751,0.877179743650059,NA
"C","C2",1200,0.4,"weibull_cox","Clip-AIPCW",100,0.915615,0.00167488662363164,0.917,0.88795,0.8958,0.79,0.98,0.02,0.00167500000000001,0.018965,0.481589837277643,0.88268063631381,0.0169145206878886,0.0167488662363164,2.21118277512298,269.546191375781,0.101778771842185,2.21118277512298,0.865385163334345,NA
"A","C3",1200,0.4,"weibull_cox","Clip-AIPCW",100,0.920865,0.00154250967942218,0.92175,0.8925,0.89995,0.9,0.99,0.02,0.000840000000000004,0.022545,0.247204625802366,0.906523372048745,0.0154641978175854,0.0154250967942218,2.10891163780434,269.834468667336,0.10061374832144,2.10891163780434,0.79059230662099,NA
"B","C3",1200,0.4,"weibull_cox","Clip-AIPCW",100,0.91879,0.0017666978270551,0.9205,0.88285,0.89675,0.86,0.96,0.02,0.0018,0.02239,0.414720545408594,0.894091849112873,0.0152669842497072,0.017666978270551,2.16570072760062,267.093647875198,0.103633766429954,2.16570072760062,0.801129371952389,NA
"C","C3",1200,0.4,"weibull_cox","Clip-AIPCW",100,0.916625,0.00172612684611789,0.91675,0.887975,0.8964,0.85,0.97,0.02,0.00154,0.019705,0.476088848989467,0.882089052847688,0.0181850754658035,0.0172612684611789,2.14930115848177,269.544183208163,0.0997783811735057,2.14930115848177,0.805444595203876,NA
"A","C1",300,0.6,"weibull_cox","Clip-AIPCW",100,0.934105,0.00328659117714032,0.9375,0.8783,0.88705,0.87,0.94,0.02,0.00355,0.041205,0.204138229338759,0.914948520220149,0.036103666676319,0.0328659117714032,2.83194652548749,43.3288273918995,0.129019160644481,2.83745040577308,0.656344921703782,NA
"B","C1",300,0.6,"weibull_cox","Clip-AIPCW",100,0.933125,0.00271451741530236,0.935,0.886825,0.89725,0.89,0.97,0.02,0.001685,0.036495,0.375197052064798,0.901809280966602,0.0272333722784485,0.0271451741530236,3.12486041108968,42.23940057537,0.128237224065193,3.12486041108968,0.690943470198343,NA
"C","C1",300,0.6,"weibull_cox","Clip-AIPCW",100,0.931385,0.00318987393278648,0.937,0.8727,0.88795,0.88,0.93,0.02,0.003875,0.039135,0.417843033607177,0.897942753896175,0.0330807093837683,0.0318987393278648,3.09793530240028,41.729190953438,0.129888067926848,3.09793530240028,0.678963411325865,NA
"A","C2",300,0.6,"weibull_cox","Clip-AIPCW",100,0.927005,0.00312377244576638,0.934,0.877275,0.88995,0.82,0.94,0.02,0.00390000000000001,0.034805,0.222764467526804,0.906317968716711,0.0378679257153042,0.0312377244576638,3.40264604617967,41.6869649307528,0.117291492546855,3.41579525195699,0.734722082933151,NA
"B","C2",300,0.6,"weibull_cox","Clip-AIPCW",100,0.938385,0.00279141771843411,0.941,0.88945,0.9033,0.92,0.95,0.02,0.00153,0.041445,0.372817329418701,0.907229421799647,0.0304139787106209,0.0279141771843411,3.58992700784114,40.8164754496838,0.131168698699535,3.58992700784114,0.758541913469589,NA
"C","C2",300,0.6,"weibull_cox","Clip-AIPCW",100,0.91847,0.00975204412656468,0.92975,0.88235,0.88885,0.8,0.95,0.02,0.01211,0.04269,0.431079776507274,0.883188530972056,0.0331966896244219,0.0975204412656468,3.36933877991908,41.6644049870365,0.134384129889503,3.36933877991908,0.763111136680594,NA
"A","C3",300,0.6,"weibull_cox","Clip-AIPCW",100,0.935555,0.00335906654151165,0.939,0.877875,0.89875,0.89,0.94,0.02,0.003315,0.042185,0.201881169884668,0.917816744930373,0.0361148560606688,0.0335906654151165,2.77817487183733,43.3737065896561,0.129038973879383,2.79023286360168,0.640047054908813,NA
"B","C3",300,0.6,"weibull_cox","Clip-AIPCW",100,0.933885,0.00263718413303189,0.937,0.882975,0.9034,0.93,0.97,0.02,0.00185,0.037585,0.365666608928222,0.901146303293162,0.0262025906653475,0.0263718413303189,3.0980334629808,41.8927216234781,0.127832518375949,3.0980334629808,0.669279436904349,NA
"C","C3",300,0.6,"weibull_cox","Clip-AIPCW",100,0.927775,0.00350654060581109,0.93275,0.865425,0.87935,0.82,0.89,0.02,0.00532500000000001,0.038425,0.416974499987588,0.891166621023899,0.0323333333333333,0.0350654060581109,3.09126640608198,41.4929629779982,0.123742574066105,3.0966054597948,0.662549017857062,NA
"A","C1",600,0.6,"weibull_cox","Clip-AIPCW",100,0.916455,0.00962298672371777,0.92475,0.885,0.89355,0.82,0.97,0.02,0.011465,0.039385,0.234614348370416,0.901440012610173,0.0263588292378072,0.0962298672371777,3.00157004313083,83.4895662322418,0.109022071356049,3.00157004313083,0.644480915827762,NA
"B","C1",600,0.6,"weibull_cox","Clip-AIPCW",100,0.93011,0.00203955308037736,0.9325,0.893425,0.9039,0.91,0.99,0.02,0.000815000000000004,0.03174,0.378511325625849,0.90214815856798,0.0224517439875126,0.0203955308037736,3.08565931271057,83.2755406400604,0.114653700188218,3.08565931271057,0.670585136161239,NA
"C","C1",600,0.6,"weibull_cox","Clip-AIPCW",100,0.909445,0.0133192556268939,0.931,0.8729,0.8879,0.84,0.93,0.02,0.020615,0.050675,0.436783593093373,0.878548067574872,0.0296938928523572,0.133192556268939,3.12594779989251,81.6510526834369,0.114224594706907,3.12594779989251,0.660755090718051,NA
"A","C2",600,0.6,"weibull_cox","Clip-AIPCW",100,0.912895,0.00949324399589816,0.9225,0.8827,0.891,0.82,0.95,0.02,0.01098,0.034855,0.241458541765423,0.896711964968555,0.0236267268622258,0.0949324399589817,3.43677553485808,82.5449036451773,0.104241390849359,3.43677553485808,0.726860910025052,NA
"B","C2",600,0.6,"weibull_cox","Clip-AIPCW",100,0.93517,0.00200411470669115,0.9375,0.896475,0.9078,0.93,1,0.02,0.000620000000000002,0.03641,0.387040439659999,0.901594661417997,0.0238081558048557,0.0200411470669115,3.60074657188379,81.835038249787,0.11072283151632,3.60074657188379,0.764554237318984,NA
"C","C2",600,0.6,"weibull_cox","Clip-AIPCW",100,0.922245,0.002674075833939,0.92525,0.87285,0.88545,0.83,0.91,0.02,0.00387,0.029985,0.452615801474219,0.889217580642485,0.0275600354781259,0.02674075833939,3.49479656928462,82.4808966072358,0.108023232097498,3.49479656928462,0.760899047320981,NA
"A","C3",600,0.6,"weibull_cox","Clip-AIPCW",100,0.92932,0.00215257093173758,0.931,0.895175,0.90365,0.92,0.97,0.02,0.001135,0.03159,0.226981073268883,0.914341057130755,0.0235571516516618,0.0215257093173758,2.9276844793098,84.0076477207279,0.10964891101078,2.93069128596252,0.630857484209901,NA
"B","C3",600,0.6,"weibull_cox","Clip-AIPCW",100,0.93053,0.00212828261015469,0.93425,0.899425,0.90395,0.95,0.98,0.02,0.001115,0.03276,0.376324864137269,0.902797311115245,0.0230228257399153,0.0212828261015469,3.12346449085996,82.2759905624759,0.10938168720689,3.12346449085996,0.656284034609691,NA
"C","C3",600,0.6,"weibull_cox","Clip-AIPCW",100,0.92622,0.00256868594319109,0.93025,0.883175,0.89235,0.83,0.95,0.02,0.00254500000000001,0.03131,0.442345036045009,0.893492516963696,0.026307428762249,0.0256868594319109,3.07745303684471,81.434476014533,0.116115472607836,3.07745303684471,0.646929642455882,NA
"A","C1",1200,0.6,"weibull_cox","Clip-AIPCW",100,0.93176,0.00183077617805711,0.9315,0.898975,0.90815,0.94,1,0.02,0.000500000000000002,0.03276,0.225657076052819,0.916703786893823,0.0175338057316244,0.0183077617805711,3.0602361454749,165.497465588616,0.102793585998653,3.0602361454749,0.641343271109418,NA
"B","C1",1200,0.6,"weibull_cox","Clip-AIPCW",100,0.9299,0.00158413855123059,0.93225,0.899475,0.9115,0.94,0.99,0.02,0.000460000000000003,0.03082,0.384521125507685,0.90861523183255,0.0140342294394668,0.0158413855123059,3.16460489087642,165.784867237006,0.107499243479852,3.16460489087642,0.676630006574987,NA
"C","C1",1200,0.6,"weibull_cox","Clip-AIPCW",100,0.927585,0.0017390211893389,0.92675,0.899425,0.9059,0.94,1,0.02,0.000270000000000002,0.028125,0.45048489420171,0.897077798885079,0.0186947840184087,0.017390211893389,3.16409357537782,165.062066702211,0.107027569782351,3.16409357537782,0.673229172931383,NA
"A","C2",1200,0.6,"weibull_cox","Clip-AIPCW",100,0.916855,0.00937874045246735,0.92675,0.8968,0.90655,0.93,0.99,0.02,0.009585,0.036025,0.235542260143788,0.901330050588005,0.0173132167648729,0.0937874045246735,3.47503826428257,163.823419996854,0.102352968048549,3.47503826428257,0.725843895460858,NA
"B","C2",1200,0.6,"weibull_cox","Clip-AIPCW",100,0.93292,0.00144808686050097,0.9325,0.909875,0.91395,0.98,1,0.02,1.00000000000011e-05,0.03294,0.391042639290595,0.898050857315571,0.0143586808994321,0.0144808686050097,3.64381426765787,162.706962398466,0.107352215863552,3.64381426765787,0.76367962738857,NA
"C","C2",1200,0.6,"weibull_cox","Clip-AIPCW",100,0.910935,0.00938589274260885,0.91975,0.888925,0.8934,0.81,0.99,0.02,0.010305,0.031545,0.47581101362095,0.878839267627365,0.0212771514004383,0.0938589274260885,3.48579223781703,165.247765713882,0.109451704137873,3.48579223781703,0.768195858740403,NA
"A","C3",1200,0.6,"weibull_cox","Clip-AIPCW",100,0.91506,0.0131593444925934,0.93575,0.89615,0.905,0.93,0.98,0.02,0.01838,0.05182,0.217250250884177,0.900616697345037,0.0186566531583429,0.131593444925934,2.99878872864329,165.769874619269,0.104805427676891,2.99878872864329,0.630002034063778,NA
"B","C3",1200,0.6,"weibull_cox","Clip-AIPCW",100,0.931025,0.00172067603287226,0.93475,0.899475,0.911,0.94,0.98,0.02,0.000715000000000002,0.032455,0.385136950513592,0.909276758806021,0.0145657686430074,0.0172067603287226,3.16702690242961,164.548685771593,0.108448959002137,3.16702690242961,0.663598778944461,NA
"C","C3",1200,0.6,"weibull_cox","Clip-AIPCW",100,0.92501,0.00169906361614778,0.92525,0.8995,0.90345,0.94,1,0.02,0.000275000000000003,0.02556,0.454983821185238,0.892713977837003,0.018004208262279,0.0169906361614778,3.15301401674967,164.30076126421,0.109296169206987,3.15301401674967,0.662078346104884,NA
"A","C1",300,0.8,"weibull_cox","Clip-AIPCW",100,0.94686,0.00350735216251793,0.9535,0.894075,0.9105,0.93,0.95,0.02,0.002995,0.05285,0.172624993547794,0.927483707764785,0.0354303984074852,0.0350735216251793,4.22991220580258,19.3923049195526,0.134250558579616,4.31213043825708,0.412063163085177,NA
"B","C1",300,0.8,"weibull_cox","Clip-AIPCW",100,0.94615,0.00365237227460773,0.95375,0.89265,0.9085,0.93,0.95,0.02,0.003085,0.05232,0.319396031861162,0.911397896692972,0.0293147323943702,0.0365237227460773,4.63053897329742,19.0926844113891,0.146805353580414,4.80022589083283,0.444030067734856,NA
"C","C1",300,0.8,"weibull_cox","Clip-AIPCW",100,0.934975,0.00569099224009027,0.952,0.80235,0.84195,0.81,0.85,0.02,0.012455,0.059885,0.353930041053569,0.886820415361411,0.0398191619269625,0.0569099224009027,4.81071412164056,18.5542935404742,0.136573402056774,4.91910655927397,0.439605429011941,NA
"A","C2",300,0.8,"weibull_cox","Clip-AIPCW",100,0.939685,0.0041478584896914,0.94975,0.866925,0.90085,0.9,0.91,0.02,0.00542,0.050525,0.179195575606298,0.916811348109417,0.038582981541691,0.041478584896914,5.86722761666343,18.4937091073737,0.140018414374202,5.90390734228601,0.540143100500782,NA
"B","C2",300,0.8,"weibull_cox","Clip-AIPCW",100,0.957735,0.00296980133165418,0.966,0.903775,0.9191,0.95,0.98,0.02,0.001285,0.060305,0.302266049079368,0.931541439861935,0.0357143549782878,0.0296980133165418,6.22273371633073,18.4921621477884,0.146148295503841,6.4222770407412,0.577469415779567,NA
"C","C2",300,0.8,"weibull_cox","Clip-AIPCW",100,0.932115,0.00480864570173854,0.941,0.845525,0.85875,0.8,0.86,0.02,0.00904000000000001,0.050195,0.389574085933264,0.888867764668434,0.041472395589833,0.0480864570173854,6.39755569603378,17.8194806027583,0.157062364220898,6.46056680262055,0.591113860555265,NA
"A","C3",300,0.8,"weibull_cox","Clip-AIPCW",100,0.947525,0.0037388985508753,0.9545,0.881925,0.9013,0.9,0.96,0.02,0.00335,0.054225,0.171314344527548,0.928362172218166,0.0353160335006951,0.0373889855087529,4.27232500311773,19.472790237309,0.133896880101076,4.3353568418361,0.399521320300344,NA
"B","C3",300,0.8,"weibull_cox","Clip-AIPCW",100,0.95376,0.00382424799500147,0.96475,0.8925,0.91305,0.94,0.95,0.02,0.00342,0.0606,0.297783320371792,0.923120370545799,0.0288729365435257,0.0382424799500147,4.5381702699388,18.9190834570673,0.140755218373932,4.72103661026394,0.422981716719496,NA
"C","C3",300,0.8,"weibull_cox","Clip-AIPCW",100,0.93543,0.00550892764867935,0.95075,0.814875,0.82835,0.82,0.84,0.02,0.012215,0.05986,0.354484471876723,0.886112633641144,0.0376453412412707,0.0550892764867935,4.88600677502076,18.4360509497426,0.125812228440693,4.98486807040557,0.426993561774526,NA
"A","C1",600,0.8,"weibull_cox","Clip-AIPCW",100,0.941155,0.00264216676271961,0.942,0.8892,0.9064,0.94,0.97,0.02,0.00136,0.043875,0.197241329462433,0.924287367383617,0.0244280018160977,0.0264216676271961,4.65640647234126,37.3790578061735,0.123412820457771,4.65640647234126,0.425942357099917,NA
"B","C1",600,0.8,"weibull_cox","Clip-AIPCW",100,0.944135,0.00242024140001435,0.94325,0.90875,0.91885,0.96,0.97,0.02,0.001125,0.046385,0.344596801461224,0.919422243243728,0.0228024010786034,0.0242024140001435,5.19145262633046,37.653284828813,0.12131764225481,5.22333227410192,0.482268318762353,NA
"C","C1",600,0.8,"weibull_cox","Clip-AIPCW",100,0.93778,0.00332576656311342,0.9455,0.875825,0.89365,0.84,0.93,0.02,0.003105,0.04399,0.394893730014865,0.905645884264775,0.0286215289457415,0.0332576656311342,5.1014712619535,36.8386957972628,0.117573372201031,5.1014712619535,0.457365200597317,NA
"A","C2",600,0.8,"weibull_cox","Clip-AIPCW",100,0.936655,0.00291010686568328,0.942,0.88845,0.90595,0.92,0.95,0.02,0.00252,0.041695,0.199821638665721,0.918227847742656,0.0265938399489867,0.0291010686568328,6.02137465615807,36.6972088661523,0.109379550106444,6.06150968698558,0.537167321395366,NA
"B","C2",600,0.8,"weibull_cox","Clip-AIPCW",100,0.94917,0.00255038341344112,0.95375,0.921275,0.925,0.97,0.99,0.02,0.001255,0.05168,0.341406432154092,0.920355156470605,0.0302973479520781,0.0255038341344112,6.49019112356974,36.2044853460339,0.124451618191088,6.49019112356974,0.57853737450094,NA
"C","C2",600,0.8,"weibull_cox","Clip-AIPCW",100,0.926265,0.00357439304023223,0.92825,0.868375,0.87735,0.76,0.88,0.02,0.00522500000000001,0.036715,0.442910643845689,0.888805179279401,0.0332512626022902,0.0357439304023223,6.61710248239569,35.710092643435,0.118339732056403,6.61710248239569,0.586347098304829,NA
"A","C3",600,0.8,"weibull_cox","Clip-AIPCW",100,0.94416,0.00235412682991234,0.948,0.90095,0.9102,0.96,1,0.02,0.000470000000000003,0.0451,0.182858539980585,0.927675663977716,0.0229296244358183,0.0235412682991234,4.57615528785979,37.5539767985289,0.122751550671193,4.57615528785979,0.412204994962844,NA
"B","C3",600,0.8,"weibull_cox","Clip-AIPCW",100,0.950905,0.00222459501478314,0.9495,0.9114,0.9271,0.99,0.99,0.02,0.000295,0.051495,0.332826945829101,0.928754514900854,0.023802851879045,0.0222459501478314,5.07801248732296,37.2317926302582,0.121486372668152,5.11983876550166,0.460192653721339,NA
"C","C3",600,0.8,"weibull_cox","Clip-AIPCW",100,0.92835,0.0097496814244768,0.947,0.87795,0.89245,0.84,0.94,0.02,0.011775,0.0519,0.390697328132013,0.894528475687843,0.0271516504325634,0.097496814244768,5.06136623575935,36.5352874933166,0.117558733248037,5.06136623575935,0.442842499350992,NA
"A","C1",1200,0.8,"weibull_cox","Clip-AIPCW",100,0.949615,0.00190313212065975,0.951,0.916975,0.92245,0.98,1,0.02,1.50000000000006e-05,0.049645,0.182851292597563,0.935924910604984,0.0177877497285081,0.0190313212065975,4.73630178505698,74.4248495742751,0.108716630367421,4.73630178505698,0.424199201458274,NA
"B","C1",1200,0.8,"weibull_cox","Clip-AIPCW",100,0.9457,0.00150021883925531,0.94775,0.920975,0.92995,0.99,1,0.02,0.00015,0.046,0.345553603276892,0.925842912754584,0.0138078443522719,0.0150021883925531,5.42211379718487,73.661242955944,0.107768996178478,5.42211379718487,0.478768510304058,NA
"C","C1",1200,0.8,"weibull_cox","Clip-AIPCW",100,0.938805,0.0020041106115767,0.94325,0.899425,0.9108,0.94,1,0.02,0.000440000000000001,0.039685,0.407765390242664,0.909735892069375,0.0165889095238933,0.020041106115767,5.32932532028717,70.8077117844627,0.104729381851932,5.32932532028717,0.449525124118234,NA
"A","C2",1200,0.8,"weibull_cox","Clip-AIPCW",100,0.94152,0.00182542260223973,0.94325,0.90895,0.91495,0.99,1,0.02,2.50000000000006e-05,0.04157,0.196874285283685,0.926187184972575,0.0183949378192408,0.0182542260223973,6.19296976058245,71.5899427369018,0.10675308074319,6.19296976058245,0.53393076938583,NA
"B","C2",1200,0.8,"weibull_cox","Clip-AIPCW",100,0.949675,0.00143863317216044,0.9515,0.927425,0.93045,1,1,0.02,0,0.049675,0.346912331761641,0.920743204407702,0.0165095625794767,0.0143863317216044,6.68354708735368,71.6738493114079,0.113076493447915,6.68354708735368,0.589865739870838,NA
"C","C2",1200,0.8,"weibull_cox","Clip-AIPCW",100,0.92776,0.00231141742336829,0.92775,0.890425,0.8995,0.89,0.97,0.02,0.00153,0.03082,0.439658843474286,0.897218724037176,0.0202758751009941,0.0231141742336829,6.97736941740125,68.908061227769,0.104197621777492,6.97736941740125,0.588208440240524,NA
"A","C3",1200,0.8,"weibull_cox","Clip-AIPCW",100,0.95091,0.00170040666556057,0.9515,0.921975,0.92945,1,1,0.02,0,0.05091,0.182971317705327,0.937010810823331,0.0163234354672828,0.0170040666556057,4.59763239180821,74.4762355594038,0.103103652375303,4.59763239180821,0.406295858680267,NA
"B","C3",1200,0.8,"weibull_cox","Clip-AIPCW",100,0.948955,0.00144421687212737,0.951,0.923425,0.9284,1,1,0.02,0,0.048955,0.333223769823532,0.930163817424822,0.0138429138054913,0.0144421687212737,5.33156484661792,72.5839801263467,0.106677122610524,5.33156484661792,0.456694511287325,NA
"C","C3",1200,0.8,"weibull_cox","Clip-AIPCW",100,0.93897,0.00200865325001302,0.94175,0.901475,0.9149,0.96,0.99,0.02,0.000690000000000003,0.04035,0.403747409485302,0.910013847951182,0.0177080704080303,0.0200865325001302,5.10614100320311,70.8836131760619,0.108989771735733,5.10614100320311,0.434065220827765,NA
"A","C1",300,0.4,"weibull_cox","Clip-IPCW",100,0.92299,0.00291168821868487,0.92525,0.870475,0.8862,0.81,0.93,0.02,0.00418,0.03135,0.237981584363234,0.904579097185377,0.0326095666696729,0.0291168821868487,2.10537183096003,67.9077087780945,0.111327269336943,2.10537183096003,0.804095153725495,NA
"B","C1",300,0.4,"weibull_cox","Clip-IPCW",100,0.91899,0.00264540749376742,0.922,0.86995,0.8826,0.79,0.9,0.02,0.00388000000000001,0.02675,0.41583092352467,0.885306029564708,0.0258845533283868,0.0264540749376742,2.13506276191206,67.2345975536341,0.111149557665813,2.13511986475672,0.813909653589861,NA
"C","C1",300,0.4,"weibull_cox","Clip-IPCW",100,0.919225,0.00283319406966124,0.92325,0.868375,0.8803,0.8,0.9,0.02,0.00491500000000001,0.029055,0.458169169210548,0.885052466301332,0.0319752113583967,0.0283319406966124,2.10476604850431,67.3728306206116,0.120384176678356,2.10476604850431,0.812201560434386,NA
"A","C2",300,0.4,"weibull_cox","Clip-IPCW",100,0.91957,0.00297631237499281,0.92175,0.865875,0.8782,0.79,0.88,0.02,0.00531000000000001,0.03019,0.241830718263827,0.899374224616835,0.0335042587372912,0.0297631237499281,2.19143785711321,68.0550722222044,0.120790462578101,2.19143785711321,0.859477648366655,NA
"B","C2",300,0.4,"weibull_cox","Clip-IPCW",100,0.922175,0.00255492567446104,0.92175,0.8818,0.8919,0.79,0.95,0.02,0.00279500000000001,0.027765,0.41665477837074,0.885851364815629,0.0280797925112482,0.0255492567446104,2.31295338417217,66.6869601388084,0.115526651766081,2.31295338417217,0.872995547640317,NA
"C","C2",300,0.4,"weibull_cox","Clip-IPCW",100,0.9171,0.00299588101070504,0.9185,0.866475,0.8789,0.74,0.89,0.02,0.00586,0.02882,0.455744230154245,0.882781797559692,0.0339643306657993,0.0299588101070504,2.19963021922932,67.3385333409848,0.112895068382779,2.19963021922932,0.862785478776418,NA
"A","C3",300,0.4,"weibull_cox","Clip-IPCW",100,0.92219,0.00293023062490848,0.9245,0.877725,0.88345,0.81,0.93,0.02,0.00423500000000001,0.03066,0.237822629357821,0.903383015465269,0.0321461309860726,0.0293023062490848,2.09254190969436,68.0027349463268,0.115044048571667,2.09254190969436,0.797742965864665,NA
"B","C3",300,0.4,"weibull_cox","Clip-IPCW",100,0.91657,0.00292036579277945,0.918,0.862475,0.8766,0.72,0.89,0.02,0.00583000000000001,0.02823,0.410250778832234,0.88053924153203,0.0261964219933281,0.0292036579277945,2.12861827630978,67.0136017729037,0.110589191736261,2.12861827630978,0.79752598565501,NA
"C","C3",300,0.4,"weibull_cox","Clip-IPCW",100,0.918595,0.00302281472114714,0.9205,0.868475,0.87385,0.75,0.86,0.02,0.00578500000000001,0.030165,0.457000178071741,0.883839182865275,0.0347776486911471,0.0302281472114714,2.10685990358469,67.2255595741963,0.117155127463343,2.10685990358469,0.802574017052129,NA
"A","C1",600,0.4,"weibull_cox","Clip-IPCW",100,0.917815,0.00212247062774884,0.91875,0.8837,0.88895,0.82,0.95,0.02,0.00272,0.023255,0.250481476513469,0.901911475144321,0.0223785160320782,0.0212247062774884,2.12103861752652,134.572986287301,0.100364525681898,2.12103861752652,0.796694482959282,NA
"B","C1",600,0.4,"weibull_cox","Clip-IPCW",100,0.923395,0.00204832149810423,0.921,0.889475,0.89745,0.86,0.99,0.02,0.00114500000000001,0.025685,0.399929713612573,0.893564723646293,0.0206488192731143,0.0204832149810423,2.1308289917783,134.404471402012,0.106672801344958,2.1308289917783,0.810422629435838,NA
"C","C1",600,0.4,"weibull_cox","Clip-IPCW",100,0.91972,0.00252935612839363,0.923,0.8743,0.88355,0.79,0.9,0.02,0.003945,0.02761,0.465687189012423,0.889065272378907,0.0243493098236662,0.0252935612839363,2.08687324793631,133.791164954402,0.110446811854001,2.08687324793631,0.799757218971052,NA
"A","C2",600,0.4,"weibull_cox","Clip-IPCW",100,0.913225,0.00197039163158449,0.91275,0.88625,0.88945,0.78,0.96,0.02,0.00290000000000001,0.019025,0.259434681750085,0.89658223753128,0.0219420724967936,0.0197039163158449,2.25374945636705,133.941207314639,0.108136885018282,2.25374945636705,0.85219199420392,NA
"B","C2",600,0.4,"weibull_cox","Clip-IPCW",100,0.923665,0.00218572105154146,0.9255,0.88735,0.8954,0.85,0.96,0.02,0.00180500000000001,0.027275,0.410638524159525,0.885724371794119,0.0204781233357341,0.0218572105154146,2.34590702523997,132.43132547891,0.102563180587189,2.34590702523997,0.867124240141342,NA
"C","C2",600,0.4,"weibull_cox","Clip-IPCW",100,0.916265,0.00249669938684713,0.919,0.87185,0.88505,0.78,0.91,0.02,0.00432500000000001,0.024915,0.47995362046762,0.885075396028117,0.0239551348326092,0.0249669938684713,2.18267698831706,134.365881289133,0.107260006600603,2.18267698831706,0.856868350414852,NA
"A","C3",600,0.4,"weibull_cox","Clip-IPCW",100,0.91698,0.00229558117462505,0.9175,0.878,0.8869,0.77,0.93,0.02,0.00331500000000001,0.02361,0.250950896636361,0.901228443141015,0.0241928280548788,0.0229558117462505,2.08233121912847,134.912737468394,0.103564254416316,2.08233121912847,0.787960840586292,NA
"B","C3",600,0.4,"weibull_cox","Clip-IPCW",100,0.92014,0.00217435791056402,0.9195,0.8835,0.8944,0.83,0.97,0.02,0.00217000000000001,0.02448,0.407718036523835,0.888633970455848,0.02117054366784,0.0217435791056402,2.13661040376739,133.153888604118,0.104978251166441,2.13661040376739,0.79167291898733,NA
"C","C3",600,0.4,"weibull_cox","Clip-IPCW",100,0.916705,0.00262052981573412,0.92075,0.8708,0.87735,0.78,0.87,0.02,0.00509500000000001,0.026895,0.465117448681779,0.88451364141048,0.0253179778023443,0.0262052981573412,2.10188232065857,133.262108130274,0.10744286965556,2.10188232065857,0.79056642724028,NA
"A","C1",1200,0.4,"weibull_cox","Clip-IPCW",100,0.922355,0.00159111000895792,0.92475,0.89695,0.89995,0.9,1,0.02,0.000565000000000003,0.023485,0.241851271765004,0.908014144087298,0.0159706169592977,0.0159111000895792,2.14607635081152,269.446602637181,0.101621736086829,2.14607635081152,0.80268772494042,NA
"B","C1",1200,0.4,"weibull_cox","Clip-IPCW",100,0.921075,0.00159741544724943,0.9205,0.897925,0.90285,0.93,0.98,0.02,0.000840000000000003,0.022755,0.41547779828439,0.896060104785653,0.0145629944750662,0.0159741544724943,2.16964109971015,266.999497524333,0.101129129823091,2.16964109971015,0.812003508823916,NA
"C","C1",1200,0.4,"weibull_cox","Clip-IPCW",100,0.92053,0.00161440516612282,0.9205,0.896,0.8995,0.89,1,0.02,0.000630000000000004,0.02179,0.471095362247328,0.887334542119799,0.0167138725420991,0.0161440516612282,2.14761558325671,270.280522290666,0.10260955871552,2.14761558325671,0.818049956738992,NA
"A","C2",1200,0.4,"weibull_cox","Clip-IPCW",100,0.91983,0.0016316351716402,0.91975,0.8934,0.89695,0.88,1,0.02,0.000970000000000005,0.02177,0.247093154079054,0.905199425238774,0.0162912258717397,0.016316351716402,2.26490155993832,268.241221741128,0.102259340389579,2.26490155993832,0.853292691230739,NA
"B","C2",1200,0.4,"weibull_cox","Clip-IPCW",100,0.923215,0.00143954354087002,0.92425,0.901925,0.905,0.96,1,0.02,0.000230000000000001,0.023675,0.414075676919565,0.884853073171636,0.0137803842435177,0.0143954354087002,2.37496899324751,265.122057698331,0.10227775935624,2.37496899324751,0.877179743650059,NA
"C","C2",1200,0.4,"weibull_cox","Clip-IPCW",100,0.916045,0.00164258503769534,0.91625,0.888,0.8958,0.82,0.98,0.02,0.00146500000000001,0.018975,0.479782166945051,0.8832302125306,0.0172328087371066,0.0164258503769534,2.21118277512298,269.546191375781,0.101778771842185,2.21118277512298,0.865385163334345,NA
"A","C3",1200,0.4,"weibull_cox","Clip-IPCW",100,0.922375,0.00165728229217584,0.92275,0.893925,0.89995,0.9,1,0.02,0.000680000000000004,0.023735,0.242143658698184,0.908162087935974,0.0165812965096036,0.0165728229217584,2.10891163780434,269.834468667336,0.10061374832144,2.10891163780434,0.79059230662099,NA
"B","C3",1200,0.4,"weibull_cox","Clip-IPCW",100,0.91936,0.00176861070854607,0.921,0.890175,0.8979,0.86,0.98,0.02,0.00142,0.0222,0.415924714912761,0.894980609601397,0.0150755672288882,0.0176861070854607,2.16570072760062,267.093647875198,0.103633766429954,2.16570072760062,0.801129371952389,NA
"C","C3",1200,0.4,"weibull_cox","Clip-IPCW",100,0.91766,0.00174247125101279,0.91775,0.88745,0.88945,0.84,0.99,0.02,0.00165500000000001,0.02097,0.473706132482171,0.883584372273307,0.0181049131118567,0.0174247125101279,2.14930115848177,269.544183208163,0.0997783811735057,2.14930115848177,0.805444595203876,NA
"A","C1",300,0.6,"weibull_cox","Clip-IPCW",100,0.93177,0.00324702210113398,0.93375,0.874175,0.8893,0.86,0.92,0.02,0.003775,0.03932,0.216031951932964,0.912053794575166,0.0368281567732235,0.0324702210113398,2.83194652548749,43.3288273918995,0.129019160644481,2.83745040577308,0.656344921703782,NA
"B","C1",300,0.6,"weibull_cox","Clip-IPCW",100,0.93244,0.00267068144748478,0.9365,0.88325,0.8924,0.88,0.95,0.02,0.002415,0.03727,0.372053026215967,0.900788605763842,0.0254455250972494,0.0267068144748478,3.12486041108968,42.23940057537,0.128237224065193,3.12486041108968,0.690943470198343,NA
"C","C1",300,0.6,"weibull_cox","Clip-IPCW",100,0.9295,0.00332221631025453,0.93675,0.87065,0.88795,0.85,0.93,0.02,0.004425,0.03835,0.409065845758419,0.895818674511957,0.0322319560358814,0.0332221631025453,3.09793530240028,41.729190953438,0.129888067926848,3.09793530240028,0.678963411325865,NA
"A","C2",300,0.6,"weibull_cox","Clip-IPCW",100,0.92733,0.00308680165291592,0.93,0.8777,0.8884,0.79,0.94,0.02,0.00372500000000001,0.03478,0.220702763242688,0.907112318923452,0.0357729935944292,0.0308680165291592,3.40264604617967,41.6869649307528,0.117291492546855,3.41579525195699,0.734722082933151,NA
"B","C2",300,0.6,"weibull_cox","Clip-IPCW",100,0.93711,0.00253315968304368,0.94,0.898575,0.9083,0.94,0.97,0.02,0.001235,0.03958,0.371306791836641,0.905781349707501,0.0284045450908509,0.0253315968304368,3.58992700784114,40.8164754496838,0.131168698699535,3.58992700784114,0.758541913469589,NA
"C","C2",300,0.6,"weibull_cox","Clip-IPCW",100,0.91653,0.00972636949927174,0.92975,0.875225,0.8872,0.79,0.93,0.02,0.012435,0.0414,0.435865392207331,0.879640657507688,0.032859664875917,0.0972636949927174,3.36933877991908,41.6644049870365,0.134384129889503,3.36933877991908,0.763111136680594,NA
"A","C3",300,0.6,"weibull_cox","Clip-IPCW",100,0.933025,0.00314192387018855,0.9355,0.88275,0.9,0.91,0.95,0.02,0.00289,0.038805,0.2198702033467,0.914627586102482,0.033525958584206,0.0314192387018855,2.77817487183733,43.3737065896561,0.129038973879383,2.79023286360168,0.640047054908813,NA
"B","C3",300,0.6,"weibull_cox","Clip-IPCW",100,0.93088,0.00273802369189416,0.93275,0.8783,0.89845,0.88,0.94,0.02,0.0027,0.03628,0.383178033775387,0.896745604154049,0.0255878364411174,0.0273802369189416,3.0980334629808,41.8927216234781,0.127832518375949,3.0980334629808,0.669279436904349,NA
"C","C3",300,0.6,"weibull_cox","Clip-IPCW",100,0.925665,0.00355277708279031,0.93325,0.865425,0.88,0.81,0.91,0.02,0.00579500000000001,0.037255,0.418829735871228,0.888672568703912,0.0311243838931355,0.0355277708279031,3.09126640608198,41.4929629779982,0.123742574066105,3.0966054597948,0.662549017857062,NA
"A","C1",600,0.6,"weibull_cox","Clip-IPCW",100,0.92104,0.00962006184486305,0.9325,0.8934,0.898,0.88,0.98,0.02,0.01056,0.04216,0.221896656760276,0.906850322423055,0.0251610971160005,0.0962006184486305,3.00157004313083,83.4895662322418,0.109022071356049,3.00157004313083,0.644480915827762,NA
"B","C1",600,0.6,"weibull_cox","Clip-IPCW",100,0.9316,0.00207735505881976,0.93325,0.89845,0.9049,0.94,0.98,0.02,0.000625000000000003,0.03285,0.376486845943721,0.903932178464315,0.0229401945338858,0.0207735505881976,3.08565931271057,83.2755406400604,0.114653700188218,3.08565931271057,0.670585136161239,NA
"C","C1",600,0.6,"weibull_cox","Clip-IPCW",100,0.910215,0.0133707321237564,0.931,0.86785,0.88175,0.83,0.9,0.02,0.021445,0.053105,0.43852587307967,0.879435407195552,0.0301015117577342,0.133707321237564,3.12594779989251,81.6510526834369,0.114224594706907,3.12594779989251,0.660755090718051,NA
"A","C2",600,0.6,"weibull_cox","Clip-IPCW",100,0.914835,0.00953873563556788,0.92225,0.88285,0.8943,0.84,0.96,0.02,0.010825,0.036485,0.239287779689887,0.899379382169386,0.0259401019444583,0.0953873563556788,3.43677553485808,82.5449036451773,0.104241390849359,3.43677553485808,0.726860910025052,NA
"B","C2",600,0.6,"weibull_cox","Clip-IPCW",100,0.935545,0.00210217654161614,0.938,0.898475,0.9034,0.93,1,0.02,0.000470000000000003,0.036485,0.383827822672267,0.902132999689942,0.0237018517795082,0.0210217654161614,3.60074657188379,81.835038249787,0.11072283151632,3.60074657188379,0.764554237318984,NA
"C","C2",600,0.6,"weibull_cox","Clip-IPCW",100,0.92333,0.0026382981582295,0.929,0.879175,0.8894,0.78,0.94,0.02,0.00331500000000001,0.02996,0.450096077851884,0.890319786811035,0.0265040496238716,0.026382981582295,3.49479656928462,82.4808966072358,0.108023232097498,3.49479656928462,0.760899047320981,NA
"A","C3",600,0.6,"weibull_cox","Clip-IPCW",100,0.93137,0.00219589401043186,0.932,0.895175,0.90385,0.92,0.98,0.02,0.001005,0.03338,0.220737371313918,0.916931989103395,0.0238215164602224,0.0219589401043186,2.9276844793098,84.0076477207279,0.10964891101078,2.93069128596252,0.630857484209901,NA
"B","C3",600,0.6,"weibull_cox","Clip-IPCW",100,0.931355,0.00218311119619443,0.935,0.896475,0.90345,0.94,0.98,0.02,0.001075,0.033505,0.375713856266193,0.903524361737426,0.023234422390892,0.0218311119619443,3.12346449085996,82.2759905624759,0.10938168720689,3.12346449085996,0.656284034609691,NA
"C","C3",600,0.6,"weibull_cox","Clip-IPCW",100,0.925975,0.00275144934259173,0.9305,0.87195,0.8836,0.83,0.91,0.02,0.00357,0.033115,0.438612725080321,0.89360369703738,0.0266020049369717,0.0275144934259173,3.07745303684471,81.434476014533,0.116115472607836,3.07745303684471,0.646929642455882,NA
"A","C1",1200,0.6,"weibull_cox","Clip-IPCW",100,0.934745,0.0017375893989064,0.93425,0.90295,0.91085,0.96,1,0.02,0.000380000000000001,0.035505,0.217441255664866,0.920017502781313,0.0166881679490275,0.017375893989064,3.0602361454749,165.497465588616,0.102793585998653,3.0602361454749,0.641343271109418,NA
"B","C1",1200,0.6,"weibull_cox","Clip-IPCW",100,0.93292,0.00167120170880572,0.93425,0.902925,0.91195,0.96,0.99,0.02,0.000385000000000002,0.03369,0.381367088028619,0.911846086766367,0.0147610598836564,0.0167120170880572,3.16460489087642,165.784867237006,0.107499243479852,3.16460489087642,0.676630006574987,NA
"C","C1",1200,0.6,"weibull_cox","Clip-IPCW",100,0.93037,0.00166362783571254,0.928,0.905,0.9084,0.98,1,0.02,7.50000000000006e-05,0.03052,0.437220793771928,0.900407049085223,0.018302729277075,0.0166362783571254,3.16409357537782,165.062066702211,0.107027569782351,3.16409357537782,0.673229172931383,NA
"A","C2",1200,0.6,"weibull_cox","Clip-IPCW",100,0.921225,0.0094238397860496,0.93175,0.8989,0.91145,0.94,0.99,0.02,0.00942,0.040065,0.228604948215219,0.906118147168037,0.017102188412155,0.094238397860496,3.47503826428257,163.823419996854,0.102352968048549,3.47503826428257,0.725843895460858,NA
"B","C2",1200,0.6,"weibull_cox","Clip-IPCW",100,0.93643,0.00147434320251015,0.93925,0.91095,0.91495,0.98,1,0.02,1.00000000000011e-05,0.03645,0.37709538668616,0.903389530771999,0.0149057645956797,0.0147434320251015,3.64381426765787,162.706962398466,0.107352215863552,3.64381426765787,0.76367962738857,NA
"C","C2",1200,0.6,"weibull_cox","Clip-IPCW",100,0.914945,0.00941790390102218,0.92625,0.890425,0.8954,0.88,0.99,0.02,0.010035,0.035015,0.45433407087043,0.883888402105241,0.0211096224887174,0.0941790390102218,3.48579223781703,165.247765713882,0.109451704137873,3.48579223781703,0.768195858740403,NA
"A","C3",1200,0.6,"weibull_cox","Clip-IPCW",100,0.917605,0.0131753410148878,0.939,0.90125,0.91005,0.95,0.98,0.02,0.01817,0.053945,0.209559562900337,0.903218172739072,0.0172031826982537,0.131753410148878,2.99878872864329,165.769874619269,0.104805427676891,2.99878872864329,0.630002034063778,NA
"B","C3",1200,0.6,"weibull_cox","Clip-IPCW",100,0.93136,0.00178087596196905,0.932,0.898725,0.9143,0.93,0.98,0.02,0.000780000000000003,0.03292,0.385136950513592,0.909278577248379,0.0149409612552982,0.0178087596196905,3.16702690242961,164.548685771593,0.108448959002137,3.16702690242961,0.663598778944461,NA
"C","C3",1200,0.6,"weibull_cox","Clip-IPCW",100,0.92775,0.00170353909686436,0.927,0.900925,0.90435,0.95,1,0.02,0.000205000000000002,0.02816,0.446326665843589,0.896372592962687,0.0179223916152985,0.0170353909686436,3.15301401674967,164.30076126421,0.109296169206987,3.15301401674967,0.662078346104884,NA
"A","C1",300,0.8,"weibull_cox","Clip-IPCW",100,0.94762,0.00351606787951162,0.954,0.8945,0.9105,0.93,0.96,0.02,0.00285,0.05332,0.163137812040455,0.928655024405548,0.0358892797927237,0.0351606787951162,4.22991220580258,19.3923049195526,0.134250558579616,4.31213043825708,0.412063163085177,NA
"B","C1",300,0.8,"weibull_cox","Clip-IPCW",100,0.947265,0.00363414958165156,0.95825,0.89265,0.9108,0.93,0.95,0.02,0.00343,0.054125,0.316170520157829,0.912813832694791,0.025995337577296,0.0363414958165156,4.63053897329742,19.0926844113891,0.146805353580414,4.80022589083283,0.444030067734856,NA
"C","C1",300,0.8,"weibull_cox","Clip-IPCW",100,0.930565,0.00570349731004202,0.9495,0.80245,0.83295,0.8,0.83,0.02,0.013525,0.057615,0.369089193302124,0.877615547778389,0.0376582184143304,0.0570349731004202,4.81071412164056,18.5542935404742,0.136573402056774,4.91910655927397,0.439605429011941,NA
"A","C2",300,0.8,"weibull_cox","Clip-IPCW",100,0.936925,0.00418519742966237,0.94825,0.84635,0.88845,0.87,0.91,0.02,0.00611,0.049145,0.183479937734822,0.913440347887171,0.0370501979983532,0.0418519742966237,5.86722761666343,18.4937091073737,0.140018414374202,5.90390734228601,0.540143100500782,NA
"B","C2",300,0.8,"weibull_cox","Clip-IPCW",100,0.95548,0.00289971193274941,0.965,0.899125,0.9104,0.94,0.97,0.02,0.000855000000000002,0.05719,0.303880093547528,0.92799127903743,0.0390776228302158,0.0289971193274941,6.22273371633073,18.4921621477884,0.146148295503841,6.4222770407412,0.577469415779567,NA
"C","C2",300,0.8,"weibull_cox","Clip-IPCW",100,0.929085,0.00500690964487269,0.941,0.822725,0.85235,0.78,0.84,0.02,0.010765,0.050615,0.38066240288056,0.883937388291647,0.0400449242675768,0.0500690964487269,6.39755569603378,17.8194806027583,0.157062364220898,6.46056680262055,0.591113860555265,NA
"A","C3",300,0.8,"weibull_cox","Clip-IPCW",100,0.948675,0.00319040840772476,0.95375,0.89775,0.9149,0.94,0.97,0.02,0.001825,0.052325,0.168337999546095,0.930050416233452,0.0337872129299793,0.0319040840772476,4.27232500311773,19.472790237309,0.133896880101076,4.3353568418361,0.399521320300344,NA
"B","C3",300,0.8,"weibull_cox","Clip-IPCW",100,0.95025,0.00380528938094428,0.95875,0.8911,0.91305,0.94,0.95,0.02,0.00382,0.05789,0.30384282187419,0.917573330762722,0.026448157790384,0.0380528938094428,4.5381702699388,18.9190834570673,0.140755218373932,4.72103661026394,0.422981716719496,NA
"C","C3",300,0.8,"weibull_cox","Clip-IPCW",100,0.93071,0.00564180902644791,0.9505,0.814875,0.82695,0.78,0.81,0.02,0.013835,0.05838,0.367241884044022,0.87553225673059,0.0379594414068383,0.0564180902644791,4.88600677502076,18.4360509497426,0.125812228440693,4.98486807040557,0.426993561774526,NA
"A","C1",600,0.8,"weibull_cox","Clip-IPCW",100,0.943445,0.00292711889064999,0.94725,0.893325,0.90935,0.94,0.96,0.02,0.00219,0.047825,0.187711079762991,0.926690730355875,0.0267014924109065,0.0292711889064999,4.65640647234126,37.3790578061735,0.123412820457771,4.65640647234126,0.425942357099917,NA
"B","C1",600,0.8,"weibull_cox","Clip-IPCW",100,0.94857,0.00220159515173004,0.94975,0.911275,0.9213,0.98,0.99,0.02,0.000320000000000001,0.04921,0.340559243277713,0.925058669327913,0.0214266425298274,0.0220159515173004,5.19145262633046,37.653284828813,0.12131764225481,5.22333227410192,0.482268318762353,NA
"C","C1",600,0.8,"weibull_cox","Clip-IPCW",100,0.940585,0.00321329352892485,0.947,0.880775,0.8991,0.89,0.95,0.02,0.002325,0.045235,0.387746106437856,0.909775197302352,0.0272556175286616,0.0321329352892485,5.1014712619535,36.8386957972628,0.117573372201031,5.1014712619535,0.457365200597317,NA
"A","C2",600,0.8,"weibull_cox","Clip-IPCW",100,0.942145,0.00285762576276181,0.947,0.88995,0.90885,0.94,0.96,0.02,0.00191,0.045965,0.183472999254096,0.924824726579855,0.0258738196920081,0.0285762576276181,6.02137465615807,36.6972088661523,0.109379550106444,6.06150968698558,0.537167321395366,NA
"B","C2",600,0.8,"weibull_cox","Clip-IPCW",100,0.951545,0.00239203323133229,0.95375,0.92145,0.925,0.99,0.99,0.02,0.001005,0.053555,0.33916958068697,0.923524054971883,0.0283199611938329,0.0239203323133229,6.49019112356974,36.2044853460339,0.124451618191088,6.49019112356974,0.57853737450094,NA
"C","C2",600,0.8,"weibull_cox","Clip-IPCW",100,0.931895,0.00338386169183892,0.938,0.8755,0.8889,0.81,0.93,0.02,0.00366000000000001,0.039215,0.417132264503339,0.895993349522654,0.0323508231359846,0.0338386169183892,6.61710248239569,35.710092643435,0.118339732056403,6.61710248239569,0.586347098304829,NA
"A","C3",600,0.8,"weibull_cox","Clip-IPCW",100,0.94707,0.00253210715939643,0.949,0.90095,0.9105,0.96,1,0.02,0.000530000000000003,0.04813,0.17993308593983,0.930652251844177,0.0255137119006525,0.0253210715939643,4.57615528785979,37.5539767985289,0.122751550671193,4.57615528785979,0.412204994962844,NA
"B","C3",600,0.8,"weibull_cox","Clip-IPCW",100,0.951175,0.00209585178315875,0.9495,0.911375,0.9275,0.99,1,0.02,6.50000000000006e-05,0.051305,0.333551089177858,0.928498191855494,0.0227171896825005,0.0209585178315875,5.07801248732296,37.2317926302582,0.121486372668152,5.11983876550166,0.460192653721339,NA
"C","C3",600,0.8,"weibull_cox","Clip-IPCW",100,0.92917,0.0097560476452591,0.94675,0.87685,0.89385,0.86,0.93,0.02,0.011735,0.05264,0.394288182876704,0.894837633976486,0.0266808674309642,0.097560476452591,5.06136623575935,36.5352874933166,0.117558733248037,5.06136623575935,0.442842499350992,NA
"A","C1",1200,0.8,"weibull_cox","Clip-IPCW",100,0.95336,0.00168738755704692,0.95525,0.9205,0.9293,0.99,1,0.02,1e-05,0.05338,0.174002697861188,0.94025987259976,0.0151527575248224,0.0168738755704692,4.73630178505698,74.4248495742751,0.108716630367421,4.73630178505698,0.424199201458274,NA
"B","C1",1200,0.8,"weibull_cox","Clip-IPCW",100,0.951415,0.00158318268820829,0.952,0.92395,0.93185,0.99,1,0.02,0.00015,0.051715,0.325867315038567,0.933438321250104,0.0143913554299486,0.0158318268820829,5.42211379718487,73.661242955944,0.107768996178478,5.42211379718487,0.478768510304058,NA
"C","C1",1200,0.8,"weibull_cox","Clip-IPCW",100,0.944885,0.00195294203082364,0.94925,0.907925,0.9179,0.97,1,0.02,0.000265000000000001,0.045415,0.391677623369451,0.917162328096817,0.0163472420680775,0.0195294203082364,5.32932532028717,70.8077117844627,0.104729381851932,5.32932532028717,0.449525124118234,NA
"A","C2",1200,0.8,"weibull_cox","Clip-IPCW",100,0.94688,0.00179786798540084,0.9505,0.9159,0.91945,0.99,1,0.02,2.50000000000006e-05,0.04693,0.190289847681862,0.932505345760251,0.0178093154605032,0.0179786798540084,6.19296976058245,71.5899427369018,0.10675308074319,6.19296976058245,0.53393076938583,NA
"B","C2",1200,0.8,"weibull_cox","Clip-IPCW",100,0.954325,0.00128309472398069,0.95425,0.933425,0.93685,1,1,0.02,0,0.054325,0.334541215174812,0.927459742993637,0.0154641978175854,0.0128309472398069,6.68354708735368,71.6738493114079,0.113076493447915,6.68354708735368,0.589865739870838,NA
"C","C2",1200,0.8,"weibull_cox","Clip-IPCW",100,0.935215,0.00230694225670206,0.935,0.89525,0.9027,0.91,0.98,0.02,0.001005,0.037225,0.422926417720785,0.905894872436464,0.0208350908349594,0.0230694225670206,6.97736941740125,68.908061227769,0.104197621777492,6.97736941740125,0.588208440240524,NA
"A","C3",1200,0.8,"weibull_cox","Clip-IPCW",100,0.954765,0.0017068852694989,0.9575,0.922475,0.92945,1,1,0.02,0,0.054765,0.166264106044073,0.941698713790955,0.0162443463358421,0.017068852694989,4.59763239180821,74.4762355594038,0.103103652375303,4.59763239180821,0.406295858680267,NA
"B","C3",1200,0.8,"weibull_cox","Clip-IPCW",100,0.95199,0.00151853830569353,0.9545,0.923975,0.93045,1,1,0.02,0,0.05199,0.324060840096341,0.934216641256252,0.0138720706253372,0.0151853830569353,5.33156484661792,72.5839801263467,0.106677122610524,5.33156484661792,0.456694511287325,NA
"C","C3",1200,0.8,"weibull_cox","Clip-IPCW",100,0.942,0.00196113757958502,0.94425,0.912875,0.91695,0.97,1,0.02,0.000320000000000001,0.04264,0.397351488771029,0.914082346579895,0.0178535003500007,0.0196113757958502,5.10614100320311,70.8836131760619,0.108989771735733,5.10614100320311,0.434065220827765,NA
"A","C1",300,0.4,"weibull_cox","H-AIPCW",100,0.928635,0.0041305089018036,0.9295,0.872875,0.88395,0.78,0.93,0.02,0.00568000000000001,0.039995,0.22721797996651,0.912284450001088,0.0433282048247251,0.041305089018036,58.6257743062528,43.4267361660049,NA,NA,NA,NA
"B","C1",300,0.4,"weibull_cox","H-AIPCW",100,0.91635,0.00688364149284521,0.917,0.841625,0.8619,0.67,0.8,0.02,0.015225,0.0468,0.416101018421488,0.885900717745318,0.0669436669555421,0.0688364149284521,21.1202911462085,44.5219663491512,NA,NA,NA,NA
"C","C1",300,0.4,"weibull_cox","H-AIPCW",100,0.919205,0.00445823545630313,0.918,0.844425,0.87035,0.71,0.87,0.02,0.00905500000000001,0.037315,0.467834202094939,0.88533739565993,0.0508811250749125,0.0445823545630313,19.058150785577,43.4203895862266,NA,NA,NA,NA
"A","C2",300,0.4,"weibull_cox","H-AIPCW",100,0.917695,0.00432199504414526,0.92,0.850425,0.86,0.71,0.8,0.02,0.010305,0.038305,0.248707746139852,0.898353418100451,0.0471810396775072,0.0432199504414526,145104.698718705,45.3443777260216,NA,NA,NA,NA
"B","C2",300,0.4,"weibull_cox","H-AIPCW",100,0.9234,0.00372570242851715,0.921,0.87015,0.88245,0.73,0.91,0.02,0.00528500000000001,0.03397,0.410819254538976,0.887972548600098,0.0404863114415405,0.0372570242851715,15.6044217329833,47.037362316905,NA,NA,NA,NA
"C","C2",300,0.4,"weibull_cox","H-AIPCW",100,0.917335,0.00454002989688906,0.91625,0.858125,0.8734,0.71,0.86,0.02,0.00934000000000001,0.036015,0.472824729620408,0.8839410510772,0.0496553780134294,0.0454002989688906,109.152881943984,50.4765938750117,NA,NA,NA,NA
"A","C3",300,0.4,"weibull_cox","H-AIPCW",100,0.924065,0.00672806069811917,0.9315,0.837675,0.86525,0.81,0.87,0.02,0.0134,0.050865,0.226996779139947,0.906862013500257,0.0683019883763395,0.0672806069811917,25.1782110531012,41.9336856825605,NA,NA,NA,NA
"B","C3",300,0.4,"weibull_cox","H-AIPCW",100,0.900945,0.010487758364162,0.918,0.800225,0.8439,0.6,0.77,0.02,0.02939,0.059725,0.406391663313832,0.866248080001204,0.0830175836309344,0.10487758364162,130.70427137501,41.738979320348,NA,NA,NA,NA
"C","C3",300,0.4,"weibull_cox","H-AIPCW",100,0.919405,0.00570794101726408,0.922,0.82765,0.85275,0.73,0.83,0.02,0.01347,0.046345,0.45014048345692,0.885481360421623,0.0569958353963274,0.0570794101726408,23.6556223933883,42.506143184969,NA,NA,NA,NA
"A","C1",600,0.4,"weibull_cox","H-AIPCW",100,0.89454,0.00361213359261657,0.896,0.839475,0.8475,0.44,0.75,0.02,0.015935,0.02641,0.288701295794091,0.876354931704232,0.0368776300209164,0.0361213359261657,19.3935460026907,80.96585974494,NA,NA,NA,NA
"B","C1",600,0.4,"weibull_cox","H-AIPCW",100,0.89535,0.00800227713803636,0.90875,0.82295,0.8516,0.59,0.79,0.02,0.022465,0.04028,0.439101780058621,0.860763230751032,0.0640189365924196,0.0800227713803636,131.917239362046,83.363317182927,NA,NA,NA,NA
"C","C1",600,0.4,"weibull_cox","H-AIPCW",100,0.906225,0.00618666036033508,0.90975,0.841475,0.85815,0.62,0.81,0.02,0.014605,0.035435,0.501791647354372,0.873918092658551,0.0572391756782296,0.0618666036033508,11505.2670011429,76.6773625194708,NA,NA,NA,NA
"A","C2",600,0.4,"weibull_cox","H-AIPCW",100,0.903815,0.00571242954115202,0.90275,0.84945,0.86085,0.57,0.79,0.02,0.015805,0.035425,0.281591009258013,0.886785578892855,0.0546522523494566,0.0571242954115202,137.087686711709,76.4170748065865,NA,NA,NA,NA
"B","C2",600,0.4,"weibull_cox","H-AIPCW",100,0.915825,0.00299045092204699,0.917,0.8675,0.8793,0.68,0.89,0.02,0.00521500000000001,0.026255,0.431006839003272,0.875216771513716,0.0319564097046605,0.0299045092204699,19.0280194362338,90.0097569590019,NA,NA,NA,NA
"C","C2",600,0.4,"weibull_cox","H-AIPCW",100,0.90858,0.00413571363524208,0.907,0.859925,0.86645,0.63,0.79,0.02,0.010195,0.02897,0.500455564195985,0.877202998664092,0.0419488625675008,0.0413571363524208,20.6670422288239,94.7954551105111,NA,NA,NA,NA
"A","C3",600,0.4,"weibull_cox","H-AIPCW",100,0.895275,0.00627757905066704,0.90075,0.8194,0.84305,0.51,0.75,0.02,0.021655,0.038585,0.281260217241699,0.878106561662351,0.0656802016507934,0.0627757905066704,39.0028374152752,72.3171315329947,NA,NA,NA,NA
"B","C3",600,0.4,"weibull_cox","H-AIPCW",100,0.90258,0.00734959189411909,0.908,0.82305,0.85395,0.6,0.79,0.02,0.019555,0.04169,0.436898696064079,0.868743419200197,0.0652674373929173,0.0734959189411909,1321.8980841919,75.1435392522524,NA,NA,NA,NA
"C","C3",600,0.4,"weibull_cox","H-AIPCW",100,0.90722,0.00417282163578081,0.90525,0.848725,0.85145,0.61,0.76,0.02,0.01202,0.03126,0.505747679614991,0.872940009404461,0.0450071823673341,0.0417282163578081,76.7983391759618,73.1555270989499,NA,NA,NA,NA
"A","C1",1200,0.4,"weibull_cox","H-AIPCW",100,0.8996,0.00386389006891325,0.90275,0.85235,0.8724,0.52,0.8,0.02,0.01238,0.02436,0.282578809410641,0.883794745897836,0.0405113776261894,0.0386389006891325,35.2820778604386,146.042993413113,NA,NA,NA,NA
"B","C1",1200,0.4,"weibull_cox","H-AIPCW",100,0.88995,0.00842711622554168,0.901,0.843875,0.86345,0.54,0.79,0.02,0.022335,0.03462,0.454508422937073,0.861934923317673,0.0666503010215455,0.0842711622554168,54.1686044673061,162.067048265176,NA,NA,NA,NA
"C","C1",1200,0.4,"weibull_cox","H-AIPCW",100,0.90458,0.00346192653785943,0.904,0.847975,0.86815,0.54,0.82,0.02,0.010735,0.02605,0.510827777942854,0.869405065044427,0.0366523387984169,0.0346192653785943,97.5361308535202,145.030419580383,NA,NA,NA,NA
"A","C2",1200,0.4,"weibull_cox","H-AIPCW",100,0.89524,0.00764802238913083,0.9065,0.7859,0.8572,0.59,0.81,0.02,0.02232,0.03988,0.273259490915836,0.8792642199687,0.0765980588935687,0.0764802238913083,116.347629578874,146.215674805173,NA,NA,NA,NA
"B","C2",1200,0.4,"weibull_cox","H-AIPCW",100,0.90671,0.00323745582240441,0.909,0.870975,0.8807,0.71,0.9,0.02,0.00707000000000001,0.02085,0.445402313249516,0.86323501557584,0.0307114297809776,0.0323745582240441,39.7858374341957,160.785706709968,NA,NA,NA,NA
"C","C2",1200,0.4,"weibull_cox","H-AIPCW",100,0.916845,0.00650365357691235,0.91225,0.8672,0.8739,0.7,0.87,0.02,0.0112,0.039245,0.491705577808324,0.888312232404237,0.0646282297514645,0.0650365357691235,3457.98172950222,168.57587534143,NA,NA,NA,NA
"A","C3",1200,0.4,"weibull_cox","H-AIPCW",100,0.90594,0.00344895885329431,0.90825,0.860775,0.87295,0.58,0.84,0.02,0.00947500000000002,0.02489,0.27355619508687,0.890678008125252,0.0332439711250268,0.0344895885329431,123.259995517326,132.196586533541,NA,NA,NA,NA
"B","C3",1200,0.4,"weibull_cox","H-AIPCW",100,0.889515,0.00738890943074535,0.8945,0.84545,0.86275,0.42,0.77,0.02,0.021935,0.033385,0.466446010049234,0.861316669252448,0.0563067895147161,0.0738890943074535,50.4140963281875,143.350155085269,NA,NA,NA,NA
"C","C3",1200,0.4,"weibull_cox","H-AIPCW",100,0.890115,0.00729477416034966,0.89975,0.821725,0.85815,0.5,0.73,0.02,0.022665,0.035445,0.519256519972806,0.852236561717935,0.063759015999403,0.0729477416034966,251.661285297084,130.822844212486,NA,NA,NA,NA
"A","C1",300,0.6,"weibull_cox","H-AIPCW",100,0.914775,0.00709719454816799,0.93025,0.80275,0.8414,0.73,0.8,0.02,0.019285,0.053345,0.231419169446938,0.891635719960621,0.0750907868025516,0.0709719454816799,47.1915179310418,24.745496194825,NA,NA,NA,NA
"B","C1",300,0.6,"weibull_cox","H-AIPCW",100,0.914935,0.00688987566042825,0.91775,0.84275,0.863,0.65,0.83,0.02,0.01623,0.047395,0.416425215697704,0.881591195731584,0.0622880243690389,0.0688987566042825,5621.08510620031,23.0016694376407,NA,NA,NA,NA
"C","C1",300,0.6,"weibull_cox","H-AIPCW",100,0.91431,0.00738503393781141,0.93025,0.8019,0.8193,0.64,0.68,0.02,0.02328,0.06087,0.432517960378803,0.882276860408634,0.0656906585920908,0.0738503393781141,48.8606336777615,23.0817081224167,NA,NA,NA,NA
"A","C2",300,0.6,"weibull_cox","H-AIPCW",100,0.90909,0.00745360525605772,0.9165,0.79785,0.83545,0.65,0.81,0.02,0.02079,0.05067,0.253309275410751,0.885691730779613,0.0756186605156546,0.0745360525605772,96.4086629808635,26.0537969492303,NA,NA,NA,NA
"B","C2",300,0.6,"weibull_cox","H-AIPCW",100,0.92405,0.00637099448336527,0.92725,0.849925,0.86825,0.74,0.87,0.02,0.012335,0.04872,0.399346576499011,0.890295802782276,0.0659637947833675,0.0637099448336527,124.041855522237,21.4770840964041,NA,NA,NA,NA
"C","C2",300,0.6,"weibull_cox","H-AIPCW",100,0.909045,0.0113492759858962,0.92175,0.820775,0.85715,0.7,0.82,0.02,0.02445,0.057945,0.455921659332194,0.872204428683893,0.0602204703610413,0.113492759858962,102.625991945863,25.6830713411906,NA,NA,NA,NA
"A","C3",300,0.6,"weibull_cox","H-AIPCW",100,0.91972,0.00681910684634126,0.92775,0.83535,0.8574,0.72,0.83,0.02,0.015585,0.05089,0.238599298500371,0.8988019326011,0.0696463650280197,0.0681910684634126,21.9510908107417,23.4947080284875,NA,NA,NA,NA
"B","C3",300,0.6,"weibull_cox","H-AIPCW",100,0.917775,0.0057080015386873,0.91925,0.810675,0.85765,0.68,0.81,0.02,0.01409,0.045955,0.414895665282146,0.88543076244869,0.0541955866852792,0.057080015386873,35982.6166766418,21.8028634207123,NA,NA,NA,NA
"C","C3",300,0.6,"weibull_cox","H-AIPCW",100,0.90969,0.00857618201648018,0.91475,0.731675,0.79675,0.61,0.74,0.02,0.027255,0.0642,0.467009847431332,0.875278221358957,0.072644909169761,0.0857618201648018,59.8388342469311,22.0851256836839,NA,NA,NA,NA
"A","C1",600,0.6,"weibull_cox","H-AIPCW",100,0.893995,0.0106798604363257,0.90025,0.784975,0.85745,0.51,0.78,0.02,0.02618,0.046355,0.280638109941597,0.875524570167965,0.0540179543664826,0.106798604363257,90.932914647291,39.564199953014,NA,NA,NA,NA
"B","C1",600,0.6,"weibull_cox","H-AIPCW",100,0.88345,0.0112479706362678,0.909,0.643325,0.84785,0.54,0.73,0.02,0.037515,0.05848,0.435058016645614,0.848884000881181,0.0927402694397508,0.112479706362678,43.3637582052301,43.5802720900685,NA,NA,NA,NA
"C","C1",600,0.6,"weibull_cox","H-AIPCW",100,0.878075,0.015363266854232,0.90275,0.655425,0.83585,0.59,0.72,0.02,0.044685,0.067445,0.50899545880027,0.844774147431062,0.0772703505279164,0.15363266854232,35.3397109442926,44.7490334684439,NA,NA,NA,NA
"A","C2",600,0.6,"weibull_cox","H-AIPCW",100,0.89731,0.0113159286589365,0.89875,0.834975,0.85885,0.49,0.72,0.02,0.027625,0.05256,0.279481212771988,0.879715547541027,0.0659350767303288,0.113159286589365,83305.413325527,42.9773770472418,NA,NA,NA,NA
"B","C2",600,0.6,"weibull_cox","H-AIPCW",100,0.925625,0.00478384473562275,0.927,0.872925,0.88965,0.82,0.92,0.02,0.006215,0.038055,0.410228172909146,0.89191568387967,0.0541135170477093,0.0478384473562275,132.946735237234,42.4525880694688,NA,NA,NA,NA
"C","C2",600,0.6,"weibull_cox","H-AIPCW",100,0.897845,0.00758688626393056,0.90875,0.79155,0.83985,0.6,0.71,0.02,0.0245,0.046845,0.498485585363363,0.862026556652211,0.067451142063397,0.0758688626393056,56.8985618373085,50.557849719174,NA,NA,NA,NA
"A","C3",600,0.6,"weibull_cox","H-AIPCW",100,0.896295,0.00808325396712052,0.90325,0.789525,0.8405,0.54,0.74,0.02,0.025435,0.047165,0.268969269231227,0.877706299412003,0.0807575245892157,0.0808325396712053,138.985936502413,37.0573082544331,NA,NA,NA,NA
"B","C3",600,0.6,"weibull_cox","H-AIPCW",100,0.869425,0.0129573920538966,0.89875,0.495925,0.71515,0.49,0.66,0.02,0.052545,0.074515,0.448709737563239,0.83374291067267,0.105247375744054,0.129573920538966,500.545935978055,37.4856620146634,NA,NA,NA,NA
"C","C3",600,0.6,"weibull_cox","H-AIPCW",100,0.894465,0.0110143828261235,0.911,0.7229,0.82085,0.62,0.66,0.02,0.0359,0.066265,0.490478772704787,0.861945652719491,0.0950259932541586,0.110143828261235,1790.99477135287,37.5146271122927,NA,NA,NA,NA
"A","C1",1200,0.6,"weibull_cox","H-AIPCW",100,0.887075,0.00666165104887442,0.8975,0.7929,0.82595,0.48,0.68,0.02,0.02658,0.040235,0.287021009588197,0.867116249797989,0.063077633744362,0.0666165104887442,179.070659971793,67.374056143812,NA,NA,NA,NA
"B","C1",1200,0.6,"weibull_cox","H-AIPCW",100,0.877785,0.0101931876017686,0.8945,0.7701,0.8163,0.42,0.62,0.02,0.03771,0.053205,0.470827475547029,0.851357242632936,0.0829980527944889,0.101931876017686,56.2676968962091,71.1182257914524,NA,NA,NA,NA
"C","C1",1200,0.6,"weibull_cox","H-AIPCW",100,0.89873,0.00511542734966464,0.90175,0.8228,0.84555,0.51,0.71,0.02,0.018495,0.03572,0.523040034380064,0.864244880696248,0.0498761091368028,0.0511542734966464,62.3282816744436,75.0353976015004,NA,NA,NA,NA
"A","C2",1200,0.6,"weibull_cox","H-AIPCW",100,0.875295,0.0128683232074625,0.90325,0.60145,0.79085,0.52,0.7,0.02,0.04339,0.062075,0.279976930847534,0.856974999807156,0.0935397608971012,0.128683232074625,563.864629700161,78.1849137346827,NA,NA,NA,NA
"B","C2",1200,0.6,"weibull_cox","H-AIPCW",100,0.916725,0.00572599237131553,0.918,0.8655,0.88045,0.76,0.92,0.02,0.01083,0.038385,0.430338651174207,0.879611521314923,0.0615473046288033,0.0572599237131553,348.698431350775,68.8300540071117,NA,NA,NA,NA
"C","C2",1200,0.6,"weibull_cox","H-AIPCW",100,0.87582,0.0134571852310739,0.897,0.6404,0.77475,0.48,0.69,0.02,0.046235,0.06829,0.526774292672048,0.840970005152212,0.0941552554094147,0.134571852310739,270.528226752903,89.2302482912294,NA,NA,NA,NA
"A","C3",1200,0.6,"weibull_cox","H-AIPCW",100,0.8724,0.0141612396021926,0.89675,0.748725,0.81645,0.47,0.64,0.02,0.045155,0.06271,0.294003435842387,0.853818626910386,0.0675295670372795,0.141612396021926,1766.70629235583,58.9993535800803,NA,NA,NA,NA
"B","C3",1200,0.6,"weibull_cox","H-AIPCW",100,0.874415,0.0118734213304721,0.893,0.467175,0.8161,0.42,0.67,0.02,0.04352,0.061455,0.460924322196744,0.846822898049598,0.0986762894570428,0.118734213304721,102.258472382666,52.9145064229801,NA,NA,NA,NA
"C","C3",1200,0.6,"weibull_cox","H-AIPCW",100,0.894175,0.00795938990289222,0.8985,0.7756,0.8281,0.48,0.67,0.02,0.028875,0.051925,0.51848102026865,0.85944313035979,0.0747555612606443,0.0795938990289222,30695.5456648239,63.6126765702466,NA,NA,NA,NA
"A","C1",300,0.8,"weibull_cox","H-AIPCW",100,0.921455,0.00668994079407904,0.93375,0.820275,0.8299,0.71,0.77,0.02,0.017425,0.056305,0.216283885691501,0.895575707659499,0.0678125759320899,0.0668994079407904,62.6723990582142,11.7347720430205,NA,NA,NA,NA
"B","C1",300,0.8,"weibull_cox","H-AIPCW",100,0.8892,0.0115023273885564,0.919,0.6347,0.72205,0.64,0.69,0.02,0.04524,0.07968,0.405215174955799,0.842648965942922,0.109689368563036,0.115023273885564,277.602342212781,11.0623963953304,NA,NA,NA,NA
"C","C1",300,0.8,"weibull_cox","H-AIPCW",100,0.8845,0.012553602243696,0.925,0.672975,0.71905,0.61,0.69,0.02,0.051655,0.08781,0.449524884109869,0.822020404041104,0.091005827319247,0.12553602243696,2106.15962246518,10.8363781071846,NA,NA,NA,NA
"A","C2",300,0.8,"weibull_cox","H-AIPCW",100,0.918405,0.0062141850396549,0.91925,0.784325,0.86155,0.68,0.82,0.02,0.01569,0.049785,0.237693067947462,0.891319494894688,0.0598398536161986,0.062141850396549,673.742698806005,11.2375757116076,NA,NA,NA,NA
"B","C2",300,0.8,"weibull_cox","H-AIPCW",100,0.94448,0.00569902047227717,0.95725,0.849425,0.8801,0.84,0.9,0.02,0.00899,0.06246,0.315128148448278,0.915581508581997,0.0755039633717892,0.0569902047227717,1344.86678767359,10.4482551339859,NA,NA,NA,NA
"C","C2",300,0.8,"weibull_cox","H-AIPCW",100,0.89891,0.00962898974110698,0.91075,0.74265,0.78005,0.58,0.66,0.02,0.035585,0.07008,0.457585825182551,0.847481236595459,0.0793011775932537,0.0962898974110698,111.083406308789,9.72015584008676,NA,NA,NA,NA
"A","C3",300,0.8,"weibull_cox","H-AIPCW",100,0.917005,0.00705724963953717,0.9395,0.787275,0.82225,0.65,0.72,0.02,0.022605,0.062215,0.196199114185097,0.890098427808671,0.072520216617036,0.0705724963953717,130.860790159154,11.4306049758511,NA,NA,NA,NA
"B","C3",300,0.8,"weibull_cox","H-AIPCW",100,0.88095,0.01379987831157,0.92275,0.550525,0.6188,0.65,0.7,0.02,0.056595,0.09414,0.38819134487876,0.833911916688821,0.134348408808943,0.1379987831157,89.484309875218,10.4097774678643,NA,NA,NA,NA
"C","C3",300,0.8,"weibull_cox","H-AIPCW",100,0.891665,0.0117594987503118,0.93325,0.665425,0.72375,0.61,0.69,0.02,0.047255,0.086175,0.425086296220349,0.82771440789176,0.0719710940853228,0.117594987503118,35.0772165206933,10.4369196302936,NA,NA,NA,NA
"A","C1",600,0.8,"weibull_cox","H-AIPCW",100,0.90428,0.00776225105327967,0.91025,0.803325,0.82605,0.62,0.72,0.02,0.02523,0.05474,0.249401627855958,0.879312741388108,0.0808771983449057,0.0776225105327967,58.9890983650988,18.0096658770624,NA,NA,NA,NA
"B","C1",600,0.8,"weibull_cox","H-AIPCW",100,0.892425,0.00909421331996841,0.91775,0.727525,0.7488,0.61,0.72,0.02,0.034875,0.062175,0.419373516976563,0.85525508926637,0.0867074496117941,0.0909421331996841,279.790136622617,18.9627547450406,NA,NA,NA,NA
"C","C1",600,0.8,"weibull_cox","H-AIPCW",100,0.89656,0.00736640024199422,0.90575,0.729325,0.81745,0.54,0.69,0.02,0.027875,0.05231,0.49100693753472,0.854323369520448,0.0578290759065197,0.0736640024199422,145.254607841674,18.7629412873104,NA,NA,NA,NA
"A","C2",600,0.8,"weibull_cox","H-AIPCW",100,0.90141,0.00700383149108797,0.90825,0.779425,0.8264,0.57,0.7,0.02,0.0253,0.05201,0.264539656823892,0.876152960171649,0.0690614570399789,0.0700383149108797,63.2447320370918,20.3248475806949,NA,NA,NA,NA
"B","C2",600,0.8,"weibull_cox","H-AIPCW",100,0.92035,0.00590594846512626,0.933,0.837125,0.85175,0.72,0.83,0.02,0.014175,0.0487,0.386325977681025,0.883017290080955,0.0726476900437094,0.0590594846512626,146.424054117011,17.8417099207436,NA,NA,NA,NA
"C","C2",600,0.8,"weibull_cox","H-AIPCW",100,0.87891,0.00959547552261223,0.889,0.755325,0.79935,0.43,0.56,0.02,0.042465,0.06384,0.542284170272415,0.832650001413484,0.0831061144719585,0.0959547552261223,310.775315961076,20.5636557571838,NA,NA,NA,NA
"A","C3",600,0.8,"weibull_cox","H-AIPCW",100,0.88664,0.0107816625093093,0.916,0.705375,0.7666,0.61,0.71,0.02,0.041735,0.07011,0.249896667267905,0.85768682637557,0.0998546418297592,0.107816625093093,138.968386839073,16.408682151087,NA,NA,NA,NA
"B","C3",600,0.8,"weibull_cox","H-AIPCW",100,0.873185,0.0131331557729114,0.91675,0.558275,0.65345,0.61,0.69,0.02,0.057755,0.088695,0.411114888862419,0.835645073718306,0.121651057529229,0.131331557729114,688.266020946579,16.5667365741452,NA,NA,NA,NA
"C","C3",600,0.8,"weibull_cox","H-AIPCW",100,0.888565,0.012171679446796,0.91325,0.726275,0.7912,0.59,0.63,0.02,0.042305,0.073175,0.480742170257722,0.847293832656262,0.0721320338201433,0.12171679446796,921.574255687749,17.3662481023154,NA,NA,NA,NA
"A","C1",1200,0.8,"weibull_cox","H-AIPCW",100,0.8955,0.00612969259532085,0.90125,0.791275,0.81975,0.52,0.62,0.02,0.025525,0.04655,0.285233889376853,0.873940427330658,0.0591010092378235,0.0612969259532085,358.659350613051,28.1568547885706,NA,NA,NA,NA
"B","C1",1200,0.8,"weibull_cox","H-AIPCW",100,0.85454,0.0117002496735857,0.894,0.55095,0.63585,0.45,0.58,0.02,0.059875,0.07429,0.453399775270236,0.821920373290804,0.108909377581788,0.117002496735857,157.906945273306,29.613758669507,NA,NA,NA,NA
"C","C1",1200,0.8,"weibull_cox","H-AIPCW",100,0.88952,0.00771817322815431,0.898,0.7816,0.83365,0.49,0.6,0.02,0.029745,0.04901,0.51849660866756,0.852377707406033,0.0683452317800643,0.0771817322815431,66.0958851408762,29.2733519396687,NA,NA,NA,NA
"A","C2",1200,0.8,"weibull_cox","H-AIPCW",100,0.889905,0.00810661188864567,0.9035,0.76445,0.7976,0.53,0.66,0.02,0.031535,0.052975,0.284629483959356,0.869157226528197,0.0796636870242837,0.0810661188864567,183.655417727743,29.9400017505144,NA,NA,NA,NA
"B","C2",1200,0.8,"weibull_cox","H-AIPCW",100,0.914735,0.0074634139796961,0.925,0.75605,0.8635,0.72,0.84,0.02,0.019095,0.052925,0.406830723173506,0.876787269244534,0.0931545907498808,0.074634139796961,4316.30462120963,26.9105784321252,NA,NA,NA,NA
"C","C2",1200,0.8,"weibull_cox","H-AIPCW",100,0.879485,0.0084218344621033,0.891,0.7689,0.79015,0.43,0.59,0.02,0.0383,0.056085,0.538189187039974,0.841988528354169,0.0754780053587089,0.084218344621033,88.0761559576941,36.6541676841766,NA,NA,NA,NA
"A","C3",1200,0.8,"weibull_cox","H-AIPCW",100,0.89101,0.0080567274730971,0.89875,0.74895,0.79555,0.5,0.63,0.02,0.034455,0.05992,0.287908236850629,0.867914472356463,0.0816651824231234,0.080567274730971,576.765139520895,25.2254419300786,NA,NA,NA,NA
"B","C3",1200,0.8,"weibull_cox","H-AIPCW",100,0.84924,0.0131726961261666,0.88625,0.5389,0.5967,0.43,0.55,0.02,0.07024,0.08972,0.472750969755861,0.816480301857107,0.121624359601541,0.131726961261665,806.813886834498,24.0733244123114,NA,NA,NA,NA
"C","C3",1200,0.8,"weibull_cox","H-AIPCW",100,0.873635,0.00866859784719326,0.882,0.7144,0.7905,0.39,0.5,0.02,0.0453,0.064235,0.556493835742737,0.83560509094299,0.0763574793092638,0.0866859784719326,127.902940009565,24.9746096854662,NA,NA,NA,NA
"A","C1",300,0.4,"weibull_cox","H-IPCW",100,0.89455,0.00832665944876801,0.91275,0.803875,0.8251,0.65,0.79,0.02,0.02598,0.04651,0.264797928524341,0.873158731166595,0.0824422050391495,0.0832665944876801,58.6257743062528,43.4267361660049,NA,NA,NA,NA
"B","C1",300,0.4,"weibull_cox","H-IPCW",100,0.89848,0.00478163532315424,0.906,0.80525,0.8403,0.59,0.74,0.02,0.0176,0.03368,0.441874869595494,0.859585563496174,0.0358406969178273,0.0478163532315424,21.1202911462085,44.5219663491512,NA,NA,NA,NA
"C","C1",300,0.4,"weibull_cox","H-IPCW",100,0.897135,0.00539206700775886,0.90625,0.834425,0.8448,0.61,0.71,0.02,0.019,0.035135,0.489202128711463,0.85762391960912,0.0500908265962033,0.0539206700775886,19.058150785577,43.4203895862266,NA,NA,NA,NA
"A","C2",300,0.4,"weibull_cox","H-IPCW",100,0.89515,0.00714820207669683,0.9085,0.796775,0.84315,0.62,0.75,0.02,0.02386,0.04287,0.268376334706174,0.871943430503053,0.0740195851778365,0.0714820207669683,145104.698718705,45.3443777260216,NA,NA,NA,NA
"B","C2",300,0.4,"weibull_cox","H-IPCW",100,0.907835,0.00348055242770745,0.90925,0.855625,0.86995,0.63,0.83,0.02,0.00979500000000001,0.027425,0.438268057529176,0.86713227285343,0.0336017976912071,0.0348055242770745,15.6044217329833,47.037362316905,NA,NA,NA,NA
"C","C2",300,0.4,"weibull_cox","H-IPCW",100,0.901325,0.00492526661843055,0.90825,0.83885,0.8621,0.6,0.79,0.02,0.015415,0.032155,0.479677892143779,0.863724553684942,0.0451837997248545,0.0492526661843055,109.152881943984,50.4765938750117,NA,NA,NA,NA
"A","C3",300,0.4,"weibull_cox","H-IPCW",100,0.895795,0.00699676727301454,0.91275,0.7705,0.8266,0.65,0.73,0.02,0.024795,0.045385,0.254832490984275,0.873474596853164,0.0719828122021171,0.0699676727301454,25.1782110531012,41.9336856825605,NA,NA,NA,NA
"B","C3",300,0.4,"weibull_cox","H-IPCW",100,0.876385,0.010558200544476,0.89825,0.696175,0.81595,0.46,0.69,0.02,0.03926,0.054905,0.455366390239319,0.833775755523616,0.0760708733864531,0.10558200544476,130.70427137501,41.738979320348,NA,NA,NA,NA
"C","C3",300,0.4,"weibull_cox","H-IPCW",100,0.900885,0.00604755504065047,0.9145,0.8149,0.84555,0.61,0.75,0.02,0.01869,0.038265,0.474955605946904,0.86224248515759,0.0575840185461139,0.0604755504065047,23.6556223933883,42.506143184969,NA,NA,NA,NA
"A","C1",600,0.4,"weibull_cox","H-IPCW",100,0.90032,0.00329104631668803,0.904,0.8515,0.86325,0.57,0.81,0.02,0.011365,0.02305,0.274422311017387,0.882530934095211,0.0334760580810594,0.0329104631668803,19.3935460026907,80.96585974494,NA,NA,NA,NA
"B","C1",600,0.4,"weibull_cox","H-IPCW",100,0.90176,0.00618961120496973,0.912,0.843275,0.8633,0.65,0.8,0.02,0.015595,0.03295,0.430024108805538,0.867787841442647,0.0467154506917501,0.0618961120496973,131.917239362046,83.363317182927,NA,NA,NA,NA
"C","C1",600,0.4,"weibull_cox","H-IPCW",100,0.89734,0.00572288459439888,0.9075,0.836925,0.8433,0.61,0.76,0.02,0.017255,0.03185,0.500427329528843,0.863110667593401,0.0474394883035752,0.0572288459439888,11505.2670011429,76.6773625194708,NA,NA,NA,NA
"A","C2",600,0.4,"weibull_cox","H-IPCW",100,0.883785,0.00655750882345552,0.89575,0.7554,0.84925,0.47,0.72,0.02,0.025445,0.034675,0.288407854991586,0.863531468454335,0.0632994327132415,0.0655750882345552,137.087686711709,76.4170748065865,NA,NA,NA,NA
"B","C2",600,0.4,"weibull_cox","H-IPCW",100,0.91071,0.00313828734738352,0.91425,0.8669,0.8785,0.66,0.88,0.02,0.00736500000000001,0.02544,0.433134851319321,0.868585258285572,0.0284500270721144,0.0313828734738352,19.0280194362338,90.0097569590019,NA,NA,NA,NA
"C","C2",600,0.4,"weibull_cox","H-IPCW",100,0.90189,0.0034863628988713,0.906,0.8452,0.86245,0.63,0.79,0.02,0.01136,0.02461,0.50506212760869,0.868195638616802,0.0303546378730506,0.034863628988713,20.6670422288239,94.7954551105111,NA,NA,NA,NA
"A","C3",600,0.4,"weibull_cox","H-IPCW",100,0.894065,0.00449968941127938,0.901,0.8349,0.8516,0.52,0.79,0.02,0.016335,0.026735,0.281237508952227,0.876755813424789,0.0483542274587374,0.0449968941127938,39.0028374152752,72.3171315329947,NA,NA,NA,NA
"B","C3",600,0.4,"weibull_cox","H-IPCW",100,0.8958,0.00630557313217859,0.90575,0.8342,0.8569,0.58,0.8,0.02,0.01879,0.03338,0.44068164070135,0.859174202148736,0.0472149608201948,0.0630557313217859,1321.8980841919,75.1435392522524,NA,NA,NA,NA
"C","C3",600,0.4,"weibull_cox","H-IPCW",100,0.893295,0.00596034494544459,0.905,0.827125,0.8498,0.6,0.76,0.02,0.01956,0.032415,0.506015353841666,0.857952839340879,0.050434876501056,0.0596034494544459,76.7983391759618,73.1555270989499,NA,NA,NA,NA
"A","C1",1200,0.4,"weibull_cox","H-IPCW",100,0.905665,0.00321390645429666,0.9065,0.867475,0.87745,0.62,0.89,0.02,0.00783500000000001,0.021335,0.267122882401174,0.890480373252967,0.0308983344325721,0.0321390645429666,35.2820778604386,146.042993413113,NA,NA,NA,NA
"B","C1",1200,0.4,"weibull_cox","H-IPCW",100,0.904125,0.00529145191642505,0.9115,0.859475,0.88435,0.71,0.9,0.02,0.00972500000000001,0.023575,0.436692241551739,0.877336848439133,0.0389799223118049,0.0529145191642506,54.1686044673061,162.067048265176,NA,NA,NA,NA
"C","C1",1200,0.4,"weibull_cox","H-IPCW",100,0.90123,0.00537220878901102,0.90875,0.861325,0.87815,0.62,0.87,0.02,0.01208,0.02539,0.501762205589037,0.865486344129544,0.0433794626266598,0.0537220878901102,97.5361308535202,145.030419580383,NA,NA,NA,NA
"A","C2",1200,0.4,"weibull_cox","H-IPCW",100,0.892305,0.0068239362400363,0.9035,0.846725,0.87575,0.57,0.84,0.02,0.01931,0.030925,0.272137827062236,0.875996465928374,0.0675893721847099,0.068239362400363,116.347629578874,146.215674805173,NA,NA,NA,NA
"B","C2",1200,0.4,"weibull_cox","H-IPCW",100,0.907545,0.00285712908636653,0.911,0.874975,0.88555,0.73,0.92,0.02,0.00578500000000001,0.019115,0.441191737035132,0.863919140151117,0.0261224776463458,0.0285712908636653,39.7858374341957,160.785706709968,NA,NA,NA,NA
"C","C2",1200,0.4,"weibull_cox","H-IPCW",100,0.88646,0.00918380128599297,0.904,0.822125,0.8723,0.6,0.85,0.02,0.02428,0.03502,0.509225691339023,0.849972279685171,0.0743575853901302,0.0918380128599297,3457.98172950222,168.57587534143,NA,NA,NA,NA
"A","C3",1200,0.4,"weibull_cox","H-IPCW",100,0.900875,0.00493107736604274,0.9075,0.84675,0.87145,0.65,0.86,0.02,0.013245,0.027365,0.269706511556834,0.884667957740927,0.0506539058890643,0.0493107736604274,123.259995517326,132.196586533541,NA,NA,NA,NA
"B","C3",1200,0.4,"weibull_cox","H-IPCW",100,0.898965,0.00416335174195896,0.905,0.8369,0.86895,0.6,0.84,0.02,0.01262,0.024205,0.447287354673996,0.871062628197723,0.0291502551230238,0.0416335174195896,50.4140963281875,143.350155085269,NA,NA,NA,NA
"C","C3",1200,0.4,"weibull_cox","H-IPCW",100,0.88285,0.00873179057620295,0.90075,0.81955,0.8618,0.51,0.77,0.02,0.02707,0.03699,0.517552109157404,0.84494130260027,0.0735943014921754,0.0873179057620295,251.661285297084,130.822844212486,NA,NA,NA,NA
"A","C1",300,0.6,"weibull_cox","H-IPCW",100,0.90551,0.00672339868660114,0.91925,0.8177,0.8408,0.68,0.78,0.02,0.019785,0.04508,0.244549032563764,0.880655872293057,0.0737735410125836,0.0672339868660114,47.1915179310418,24.745496194825,NA,NA,NA,NA
"B","C1",300,0.6,"weibull_cox","H-IPCW",100,0.88072,0.0122109660932005,0.915,0.55515,0.81975,0.62,0.75,0.02,0.04067,0.06206,0.422497836402584,0.839056454208564,0.0931350165787891,0.122109660932005,5621.08510620031,23.0016694376407,NA,NA,NA,NA
"C","C1",300,0.6,"weibull_cox","H-IPCW",100,0.883945,0.0111256594288731,0.91775,0.745525,0.80855,0.58,0.7,0.02,0.039045,0.062035,0.463795203666154,0.841974782383103,0.0847336885766103,0.111256594288731,48.8606336777615,23.0817081224167,NA,NA,NA,NA
"A","C2",300,0.6,"weibull_cox","H-IPCW",100,0.900905,0.00734198076581903,0.91625,0.784475,0.83845,0.63,0.78,0.02,0.023065,0.047035,0.246412937774297,0.876365072523033,0.0806664162280109,0.0734198076581903,96.4086629808635,26.0537969492303,NA,NA,NA,NA
"B","C2",300,0.6,"weibull_cox","H-IPCW",100,0.90306,0.00695304337115857,0.91275,0.775525,0.85655,0.65,0.81,0.02,0.02026,0.04358,0.431609917343093,0.861290517796715,0.0729189393585214,0.0695304337115857,124.041855522237,21.4770840964041,NA,NA,NA,NA
"C","C2",300,0.6,"weibull_cox","H-IPCW",100,0.8867,0.0116596494047816,0.905,0.80515,0.83715,0.55,0.76,0.02,0.03195,0.0506,0.4858212027597,0.841593462744331,0.0611568607448225,0.116596494047816,102.625991945863,25.6830713411906,NA,NA,NA,NA
"A","C3",300,0.6,"weibull_cox","H-IPCW",100,0.90676,0.00520988027935888,0.9125,0.8217,0.8418,0.62,0.76,0.02,0.01632,0.0394,0.249858744087177,0.883128122249321,0.0557396545639556,0.0520988027935888,21.9510908107417,23.4947080284875,NA,NA,NA,NA
"B","C3",300,0.6,"weibull_cox","H-IPCW",100,0.87632,0.0117214353414864,0.91025,0.6562,0.81625,0.58,0.7,0.02,0.04231,0.06094,0.430055779565817,0.831680169026462,0.0872286557493487,0.117214353414864,35982.6166766418,21.8028634207123,NA,NA,NA,NA
"C","C3",300,0.6,"weibull_cox","H-IPCW",100,0.87727,0.0100008015335338,0.915,0.685525,0.7734,0.57,0.63,0.02,0.04371,0.06469,0.480235948007056,0.832115141298167,0.0831877516236737,0.100008015335338,59.8388342469311,22.0851256836839,NA,NA,NA,NA
"A","C1",600,0.6,"weibull_cox","H-IPCW",100,0.88996,0.0117279358280935,0.9155,0.7696,0.857,0.64,0.78,0.02,0.02933,0.04862,0.260502984418895,0.872157497601211,0.0701959019207293,0.117279358280935,90.932914647291,39.564199953014,NA,NA,NA,NA
"B","C1",600,0.6,"weibull_cox","H-IPCW",100,0.908135,0.00469223975185507,0.91525,0.8352,0.86945,0.67,0.84,0.02,0.012305,0.032745,0.413979700085044,0.875580945567604,0.037936150505178,0.0469223975185507,43.3637582052301,43.5802720900685,NA,NA,NA,NA
"C","C1",600,0.6,"weibull_cox","H-IPCW",100,0.891895,0.0133816799518346,0.91825,0.8364,0.85615,0.68,0.76,0.02,0.02982,0.051535,0.47390676227958,0.857940030669302,0.0393117557661082,0.133816799518346,35.3397109442926,44.7490334684439,NA,NA,NA,NA
"A","C2",600,0.6,"weibull_cox","H-IPCW",100,0.882415,0.0116707201940791,0.904,0.79745,0.8511,0.54,0.75,0.02,0.03306,0.048535,0.274879940180218,0.863315814780838,0.079359239467682,0.116707201940791,83305.413325527,42.9773770472418,NA,NA,NA,NA
"B","C2",600,0.6,"weibull_cox","H-IPCW",100,0.91471,0.00640059253885801,0.9265,0.8687,0.8866,0.72,0.92,0.02,0.01247,0.03965,0.410345682450246,0.876007700432913,0.0673578563204086,0.0640059253885801,132.946735237234,42.4525880694688,NA,NA,NA,NA
"C","C2",600,0.6,"weibull_cox","H-IPCW",100,0.89593,0.00782296225120883,0.91225,0.821475,0.85415,0.59,0.76,0.02,0.022475,0.04088,0.49539670122342,0.858576732288175,0.0621383272801233,0.0782296225120883,56.8985618373085,50.557849719174,NA,NA,NA,NA
"A","C3",600,0.6,"weibull_cox","H-IPCW",100,0.89483,0.00809435587120414,0.912,0.8156,0.85535,0.6,0.77,0.02,0.02391,0.04265,0.256503691918603,0.876437904200942,0.0701789919355565,0.0809435587120414,138.985936502413,37.0573082544331,NA,NA,NA,NA
"B","C3",600,0.6,"weibull_cox","H-IPCW",100,0.88296,0.0100628848003468,0.90825,0.74685,0.83075,0.6,0.76,0.02,0.034475,0.05191,0.426928928112587,0.845977205754859,0.0767635093233521,0.100628848003468,500.545935978055,37.4856620146634,NA,NA,NA,NA
"C","C3",600,0.6,"weibull_cox","H-IPCW",100,0.89019,0.00814692970611406,0.90775,0.78365,0.84275,0.57,0.68,0.02,0.028045,0.04628,0.491669620324471,0.851669534786858,0.0709744583450535,0.0814692970611405,1790.99477135287,37.5146271122927,NA,NA,NA,NA
"A","C1",1200,0.6,"weibull_cox","H-IPCW",100,0.90109,0.00752743594587107,0.9165,0.827575,0.87855,0.74,0.88,0.02,0.018205,0.0375,0.256571891438998,0.883584408410811,0.0715690667336896,0.0752743594587107,179.070659971793,67.374056143812,NA,NA,NA,NA
"B","C1",1200,0.6,"weibull_cox","H-IPCW",100,0.91248,0.00282165078124723,0.91475,0.86185,0.87805,0.75,0.89,0.02,0.00611500000000001,0.02471,0.426402430496015,0.887934865971971,0.0230526406822351,0.0282165078124723,56.2676968962091,71.1182257914524,NA,NA,NA,NA
"C","C1",1200,0.6,"weibull_cox","H-IPCW",100,0.909655,0.00331898194656376,0.91225,0.8532,0.87685,0.7,0.87,0.02,0.00795000000000001,0.025555,0.495362587423342,0.876427232405055,0.0291043056275288,0.0331898194656376,62.3282816744436,75.0353976015004,NA,NA,NA,NA
"A","C2",1200,0.6,"weibull_cox","H-IPCW",100,0.89484,0.0101127179653377,0.915,0.82265,0.8476,0.68,0.8,0.02,0.02274,0.04032,0.259189944265196,0.877861518931575,0.0435842386486888,0.101127179653377,563.864629700161,78.1849137346827,NA,NA,NA,NA
"B","C2",1200,0.6,"weibull_cox","H-IPCW",100,0.90993,0.00630261297423777,0.92075,0.840325,0.8731,0.85,0.89,0.02,0.01443,0.03879,0.418971465002953,0.868173608267503,0.0653236696625489,0.0630261297423777,348.698431350775,68.8300540071117,NA,NA,NA,NA
"C","C2",1200,0.6,"weibull_cox","H-IPCW",100,0.89279,0.0105486754877309,0.9125,0.814425,0.86835,0.62,0.86,0.02,0.02343,0.03965,0.492297624963605,0.858284188261002,0.0508126883064584,0.105486754877309,270.528226752903,89.2302482912294,NA,NA,NA,NA
"A","C3",1200,0.6,"weibull_cox","H-IPCW",100,0.880355,0.0144956355239232,0.91425,0.695275,0.84895,0.69,0.79,0.02,0.03842,0.057195,0.259893773746519,0.862892011544471,0.0711237362529969,0.144956355239232,1766.70629235583,58.9993535800803,NA,NA,NA,NA
"B","C3",1200,0.6,"weibull_cox","H-IPCW",100,0.893905,0.00531946442489061,0.905,0.79095,0.85375,0.56,0.76,0.02,0.01863,0.031165,0.445462202987551,0.866081961334963,0.040558101483669,0.0531946442489061,102.258472382666,52.9145064229801,NA,NA,NA,NA
"C","C3",1200,0.6,"weibull_cox","H-IPCW",100,0.89075,0.00837127272705334,0.90625,0.790675,0.87015,0.62,0.81,0.02,0.02372,0.03819,0.503898817349239,0.854656096620866,0.067342858612184,0.0837127272705334,30695.5456648239,63.6126765702466,NA,NA,NA,NA
"A","C1",300,0.8,"weibull_cox","H-IPCW",100,0.9171,0.00678015896241051,0.93375,0.790325,0.83285,0.72,0.78,0.02,0.018725,0.05455,0.209971996370225,0.890100233471492,0.0730254556419689,0.0678015896241051,62.6723990582142,11.7347720430205,NA,NA,NA,NA
"B","C1",300,0.8,"weibull_cox","H-IPCW",100,0.907905,0.00846404664484197,0.92525,0.754325,0.8238,0.76,0.81,0.02,0.025085,0.058075,0.375286880859999,0.863146027341995,0.0756906916871606,0.0846404664484197,277.602342212781,11.0623963953304,NA,NA,NA,NA
"C","C1",300,0.8,"weibull_cox","H-IPCW",100,0.89847,0.00910438849670805,0.92875,0.752725,0.7738,0.64,0.74,0.02,0.032735,0.06394,0.433729547829261,0.833479697574685,0.06508199955953,0.0910438849670805,2106.15962246518,10.8363781071846,NA,NA,NA,NA
"A","C2",300,0.8,"weibull_cox","H-IPCW",100,0.9083,0.00695578387336246,0.92725,0.778725,0.8352,0.68,0.74,0.02,0.0223,0.0529,0.231391331442375,0.87859871264866,0.0798926046817118,0.0695578387336246,673.742698806005,11.2375757116076,NA,NA,NA,NA
"B","C2",300,0.8,"weibull_cox","H-IPCW",100,0.920005,0.00769444406337745,0.94925,0.764875,0.82255,0.72,0.77,0.02,0.021105,0.062215,0.34803811475296,0.882747341800768,0.0906169092522154,0.0769444406337745,1344.86678767359,10.4482551339859,NA,NA,NA,NA
"C","C2",300,0.8,"weibull_cox","H-IPCW",100,0.880775,0.0108178032624116,0.91,0.67025,0.77375,0.57,0.65,0.02,0.043975,0.068725,0.465824597634962,0.82350064677802,0.0853732742700897,0.108178032624116,111.083406308789,9.72015584008676,NA,NA,NA,NA
"A","C3",300,0.8,"weibull_cox","H-IPCW",100,0.90726,0.00831873108524893,0.929,0.73645,0.78585,0.7,0.8,0.02,0.026385,0.06003,0.21713814356792,0.878155398005312,0.0863757354629625,0.0831873108524893,130.860790159154,11.4306049758511,NA,NA,NA,NA
"B","C3",300,0.8,"weibull_cox","H-IPCW",100,0.893365,0.0113054198475463,0.92975,0.660425,0.74815,0.7,0.76,0.02,0.03947,0.072305,0.36950028035352,0.847016386870605,0.103162126007679,0.113054198475463,89.484309875218,10.4097774678643,NA,NA,NA,NA
"C","C3",300,0.8,"weibull_cox","H-IPCW",100,0.89036,0.0101622023978938,0.927,0.73675,0.76625,0.62,0.66,0.02,0.04017,0.0707,0.445773472905448,0.82002155584571,0.0729878916206813,0.101622023978938,35.0772165206933,10.4369196302936,NA,NA,NA,NA
"A","C1",600,0.8,"weibull_cox","H-IPCW",100,0.914525,0.00657383232708642,0.931,0.825825,0.83575,0.74,0.8,0.02,0.01703,0.048585,0.22203192224399,0.891924975700694,0.0652887912480103,0.0657383232708642,58.9890983650988,18.0096658770624,NA,NA,NA,NA
"B","C1",600,0.8,"weibull_cox","H-IPCW",100,0.905035,0.00861718466000622,0.92775,0.7644,0.845,0.7,0.82,0.02,0.02411,0.053255,0.387876192759817,0.870977021670808,0.0744251369505022,0.0861718466000622,279.790136622617,18.9627547450406,NA,NA,NA,NA
"C","C1",600,0.8,"weibull_cox","H-IPCW",100,0.90661,0.00947785451790785,0.93275,0.75805,0.8519,0.71,0.81,0.02,0.02603,0.05867,0.421769497020729,0.869046851382097,0.0754003456305879,0.0947785451790785,145.254607841674,18.7629412873104,NA,NA,NA,NA
"A","C2",600,0.8,"weibull_cox","H-IPCW",100,0.90751,0.00775033717089949,0.92275,0.79195,0.84035,0.71,0.77,0.02,0.02143,0.05037,0.237189392807321,0.882467152812945,0.0791421174058083,0.0775033717089949,63.2447320370918,20.3248475806949,NA,NA,NA,NA
"B","C2",600,0.8,"weibull_cox","H-IPCW",100,0.932075,0.00487756860587839,0.94,0.88295,0.8963,0.89,0.97,0.02,0.00682,0.045715,0.373632617458637,0.896823552343623,0.0596288181972103,0.0487756860587839,146.424054117011,17.8417099207436,NA,NA,NA,NA
"C","C2",600,0.8,"weibull_cox","H-IPCW",100,0.90786,0.00585129304539008,0.9185,0.80995,0.83325,0.61,0.76,0.02,0.018715,0.04529,0.46587516788182,0.866110993792227,0.0436450328088878,0.0585129304539008,310.775315961076,20.5636557571838,NA,NA,NA,NA
"A","C3",600,0.8,"weibull_cox","H-IPCW",100,0.908695,0.00806831906128826,0.92525,0.73135,0.8406,0.75,0.84,0.02,0.02232,0.053335,0.228177692888742,0.885411076574996,0.086555639838654,0.0806831906128826,138.968386839073,16.408682151087,NA,NA,NA,NA
"B","C3",600,0.8,"weibull_cox","H-IPCW",100,0.886115,0.0116086715563423,0.92525,0.5876,0.719,0.71,0.75,0.02,0.042565,0.071245,0.394351342088729,0.850425086780316,0.109968360922769,0.116086715563423,688.266020946579,16.5667365741452,NA,NA,NA,NA
"C","C3",600,0.8,"weibull_cox","H-IPCW",100,0.893645,0.0120573718910545,0.926,0.720025,0.8173,0.63,0.72,0.02,0.035375,0.064395,0.44342171455942,0.852015774154653,0.0667593295413314,0.120573718910545,921.574255687749,17.3662481023154,NA,NA,NA,NA
"A","C1",1200,0.8,"weibull_cox","H-IPCW",100,0.924615,0.00424269934443542,0.935,0.864125,0.87835,0.8,0.89,0.02,0.007755,0.040125,0.217272678394565,0.907378776420169,0.0383859980785292,0.0424269934443542,358.659350613051,28.1568547885706,NA,NA,NA,NA
"B","C1",1200,0.8,"weibull_cox","H-IPCW",100,0.91244,0.00681183714224916,0.935,0.798725,0.84495,0.78,0.83,0.02,0.01764,0.04772,0.373145426972535,0.886430759298568,0.0570998593640469,0.0681183714224916,157.906945273306,29.613758669507,NA,NA,NA,NA
"C","C1",1200,0.8,"weibull_cox","H-IPCW",100,0.921175,0.00343137171823265,0.93175,0.861675,0.87995,0.75,0.9,0.02,0.00655000000000001,0.034275,0.442122366817453,0.889254668314564,0.02584647759445,0.0343137171823265,66.0958851408762,29.2733519396687,NA,NA,NA,NA
"A","C2",1200,0.8,"weibull_cox","H-IPCW",100,0.90677,0.00668238457710746,0.922,0.817025,0.8658,0.67,0.86,0.02,0.017385,0.04154,0.242471012283741,0.887018900425705,0.069797687438175,0.0668238457710746,183.655417727743,29.9400017505144,NA,NA,NA,NA
"B","C2",1200,0.8,"weibull_cox","H-IPCW",100,0.926425,0.00521509258370028,0.9355,0.82995,0.89035,0.87,0.91,0.02,0.01013,0.046685,0.385418856460174,0.89031825823869,0.0601455305777981,0.0521509258370028,4316.30462120963,26.9105784321252,NA,NA,NA,NA
"C","C2",1200,0.8,"weibull_cox","H-IPCW",100,0.91875,0.00456903555015562,0.92225,0.85275,0.8748,0.77,0.84,0.02,0.00962500000000001,0.038,0.461181517217822,0.885626948789303,0.036167399797066,0.0456903555015562,88.0761559576941,36.6541676841766,NA,NA,NA,NA
"A","C3",1200,0.8,"weibull_cox","H-IPCW",100,0.914865,0.00640682186533553,0.9345,0.758225,0.8697,0.79,0.87,0.02,0.0163,0.047465,0.223710089993476,0.896264584053553,0.0596230583827188,0.0640682186533553,576.765139520895,25.2254419300786,NA,NA,NA,NA
"B","C3",1200,0.8,"weibull_cox","H-IPCW",100,0.899195,0.0085949183218688,0.9255,0.68585,0.8043,0.71,0.78,0.02,0.028475,0.056145,0.392850417105783,0.872120882468885,0.0750041076316235,0.085949183218688,806.813886834498,24.0733244123114,NA,NA,NA,NA
"C","C3",1200,0.8,"weibull_cox","H-IPCW",100,0.90407,0.00820744002214891,0.926,0.81125,0.86055,0.71,0.82,0.02,0.02084,0.04575,0.448614363231326,0.87044704487196,0.0638653887390336,0.0820744002214891,127.902940009565,24.9746096854662,NA,NA,NA,NA
"A","C1",300,0.4,"weibull_cox","Stab-IPCW",100,0.926855,0.0061335939297405,0.93725,0.853,0.88845,0.85,0.92,0.02,0.01103,0.048915,0.213657987207796,0.910020928713738,0.0613987628605665,0.061335939297405,10.8747340836039,58.2686527061689,NA,NA,NA,NA
"B","C1",300,0.4,"weibull_cox","Stab-IPCW",100,0.934925,0.00258352760755327,0.94,0.888375,0.8979,0.87,0.97,0.02,0.00146,0.037845,0.370220949143966,0.906143080255117,0.0261804152261598,0.0258352760755327,6.96384953143386,55.5260006262637,NA,NA,NA,NA
"C","C1",300,0.4,"weibull_cox","Stab-IPCW",100,0.933755,0.00343058506510025,0.941,0.8731,0.88855,0.85,0.94,0.02,0.00460500000000001,0.042965,0.398750876897827,0.903619274366395,0.0338559038015857,0.0343058506510025,6.75775542009826,57.6201646956653,NA,NA,NA,NA
"A","C2",300,0.4,"weibull_cox","Stab-IPCW",100,0.92932,0.00535386445910472,0.9345,0.88285,0.89465,0.84,0.95,0.02,0.007595,0.04451,0.216536980986669,0.912142396278343,0.0558801025284122,0.0535386445910472,15591.1502592971,59.4846763343955,NA,NA,NA,NA
"B","C2",300,0.4,"weibull_cox","Stab-IPCW",100,0.942565,0.0021388264388102,0.9435,0.9054,0.9148,0.99,1,0.02,1e-05,0.042585,0.368610458038268,0.913751220013911,0.0247133056216176,0.021388264388102,3.83664187468408,62.2248661616305,NA,NA,NA,NA
"C","C2",300,0.4,"weibull_cox","Stab-IPCW",100,0.930355,0.00353617877850305,0.9365,0.872825,0.8935,0.88,0.94,0.02,0.004575,0.039505,0.412423777643434,0.900076927269012,0.0365209224661396,0.0353617877850305,42.09124296529,61.6104186575306,NA,NA,NA,NA
"A","C3",300,0.4,"weibull_cox","Stab-IPCW",100,0.93014,0.00552951712140939,0.93875,0.865625,0.88285,0.83,0.93,0.02,0.00778500000000001,0.04571,0.206544071768479,0.913664551294987,0.0553660910702936,0.0552951712140939,8.20577906745369,55.4142318813999,NA,NA,NA,NA
"B","C3",300,0.4,"weibull_cox","Stab-IPCW",100,0.914425,0.00859613600944804,0.936,0.852475,0.8794,0.81,0.9,0.02,0.01775,0.049925,0.373599330407781,0.880346889270386,0.0630036074003271,0.0859613600944804,51.133718933115,51.0140701434867,NA,NA,NA,NA
"C","C3",300,0.4,"weibull_cox","Stab-IPCW",100,0.93223,0.00368762207467855,0.9435,0.869475,0.88645,0.85,0.91,0.02,0.00523000000000001,0.04269,0.404580685716951,0.90140647822455,0.039162443357086,0.0368762207467855,6.82064244153112,55.3728328181269,NA,NA,NA,NA
"A","C1",600,0.4,"weibull_cox","Stab-IPCW",100,0.934435,0.00205444400057903,0.938,0.89775,0.911,0.93,0.99,0.02,0.000805000000000002,0.036045,0.215225582827414,0.921163847933929,0.0216641024123626,0.0205444400057903,4.60347818661053,124.39940758025,NA,NA,NA,NA
"B","C1",600,0.4,"weibull_cox","Stab-IPCW",100,0.933035,0.00527123533620886,0.93925,0.906325,0.91085,0.97,0.99,0.02,0.00471,0.042455,0.371565721775032,0.907540768291912,0.0423902027941515,0.0527123533620886,33.7776457738386,112.219347078707,NA,NA,NA,NA
"C","C1",600,0.4,"weibull_cox","Stab-IPCW",100,0.92866,0.00545728999975392,0.93875,0.886,0.8963,0.89,0.97,0.02,0.006015,0.04069,0.418436292112688,0.899987013307892,0.0455160089496769,0.0545728999975392,2466.41207150039,115.144721619589,NA,NA,NA,NA
"A","C2",600,0.4,"weibull_cox","Stab-IPCW",100,0.925285,0.00351463214880507,0.9325,0.89285,0.8974,0.87,0.96,0.02,0.004785,0.034855,0.223844615418792,0.910629884098428,0.0352337074605291,0.0351463214880507,19.8008123042668,112.79032753975,NA,NA,NA,NA
"B","C2",600,0.4,"weibull_cox","Stab-IPCW",100,0.940565,0.00185711374574808,0.939,0.906925,0.91645,0.98,1,0.02,0.00014,0.040845,0.377005828188872,0.90909903938994,0.0191904332226432,0.0185711374574808,3.95205680825358,128.892737430822,NA,NA,NA,NA
"C","C2",600,0.4,"weibull_cox","Stab-IPCW",100,0.93239,0.00257981265469672,0.936,0.888375,0.8988,0.89,0.98,0.02,0.0021,0.03659,0.428448727892361,0.904804769506842,0.0252990198237087,0.0257981265469672,5.50935884973636,123.374168901564,NA,NA,NA,NA
"A","C3",600,0.4,"weibull_cox","Stab-IPCW",100,0.931375,0.00235180325183752,0.93425,0.886975,0.8994,0.88,0.96,0.02,0.00157500000000001,0.034525,0.220280661897885,0.917644147539695,0.0255477370560852,0.0235180325183752,8.29047925487837,110.57243512744,NA,NA,NA,NA
"B","C3",600,0.4,"weibull_cox","Stab-IPCW",100,0.930075,0.00546647438224283,0.93925,0.90535,0.909,0.96,0.97,0.02,0.00599,0.042055,0.375477569007455,0.902586126798295,0.0428768497259797,0.0546647438224283,338.871349909411,103.423038409862,NA,NA,NA,NA
"C","C3",600,0.4,"weibull_cox","Stab-IPCW",100,0.92588,0.0051672586171162,0.9345,0.874875,0.88725,0.86,0.94,0.02,0.00701,0.0399,0.43141983866992,0.896926321042572,0.0458944771220136,0.051672586171162,16.628626877346,106.294561147234,NA,NA,NA,NA
"A","C1",1200,0.4,"weibull_cox","Stab-IPCW",100,0.94028,0.00151473103256324,0.94175,0.91395,0.91995,1,1,0.02,0,0.04028,0.208851902877124,0.927402786807527,0.0149541386454139,0.0151473103256324,5.94700817177145,244.679397040463,NA,NA,NA,NA
"B","C1",1200,0.4,"weibull_cox","Stab-IPCW",100,0.937035,0.00143162786132896,0.938,0.91635,0.9204,0.99,1,0.02,0.000175000000000001,0.037385,0.378220093021725,0.915915423143893,0.0144986937760655,0.0143162786132896,8.31811199964872,230.278394866287,NA,NA,NA,NA
"C","C1",1200,0.4,"weibull_cox","Stab-IPCW",100,0.936255,0.00244873184041508,0.937,0.911475,0.91845,0.99,0.99,0.02,0.00145,0.039155,0.423981622712901,0.908214701180672,0.0225565507070115,0.0244873184041508,15.203313327776,232.286835167848,NA,NA,NA,NA
"A","C2",1200,0.4,"weibull_cox","Stab-IPCW",100,0.934915,0.00207937265937726,0.93875,0.89595,0.91745,0.94,0.97,0.02,0.001565,0.038045,0.211134585791322,0.922048502324728,0.0214391315970672,0.0207937265937726,14.1533197105768,234.20966197792,NA,NA,NA,NA
"B","C2",1200,0.4,"weibull_cox","Stab-IPCW",100,0.94108,0.00125713559292142,0.94225,0.921425,0.92495,0.99,1,0.02,3e-05,0.04114,0.377172942905671,0.910085759540617,0.0133166562369588,0.0125713559292142,6.53294614153351,252.056576546497,NA,NA,NA,NA
"C","C2",1200,0.4,"weibull_cox","Stab-IPCW",100,0.920575,0.00824128978517515,0.93375,0.902475,0.90995,0.96,0.96,0.02,0.013365,0.047305,0.428837130024593,0.89100980438725,0.0683114525204562,0.0824128978517515,689.860944542761,231.106208541351,NA,NA,NA,NA
"A","C3",1200,0.4,"weibull_cox","Stab-IPCW",100,0.93738,0.00269584528825039,0.94225,0.906725,0.9164,0.96,0.98,0.02,0.001975,0.04133,0.206287893076364,0.923905262212551,0.0297131063147004,0.0269584528825039,17.9386165662951,218.322423403317,NA,NA,NA,NA
"B","C3",1200,0.4,"weibull_cox","Stab-IPCW",100,0.933065,0.00207254363553873,0.93425,0.901875,0.90985,0.95,0.98,0.02,0.00106,0.035185,0.384615310065387,0.911599269688368,0.018805490279343,0.0207254363553874,14.6075712994749,205.996579318305,NA,NA,NA,NA
"C","C3",1200,0.4,"weibull_cox","Stab-IPCW",100,0.928045,0.00403528687350914,0.93325,0.906,0.91085,0.96,0.96,0.02,0.00541,0.038865,0.430207853288591,0.897177868560056,0.0375635488475224,0.0403528687350914,31.6053339746988,209.859705553257,NA,NA,NA,NA
"A","C1",300,0.6,"weibull_cox","Stab-IPCW",100,0.95085,0.00468506923506726,0.95525,0.910775,0.9215,0.96,0.97,0.02,0.00407,0.05899,0.16769924768196,0.935765552413721,0.0502844434445212,0.0468506923506726,6.78274017226327,37.6900991733321,NA,NA,NA,NA
"B","C1",300,0.6,"weibull_cox","Stab-IPCW",100,0.929135,0.00918473111234404,0.94875,0.8368,0.89455,0.89,0.92,0.02,0.01664,0.062415,0.341792472040585,0.899607252263308,0.066376565780767,0.0918473111234404,754.728980242338,32.8177431867603,NA,NA,NA,NA
"C","C1",300,0.6,"weibull_cox","Stab-IPCW",100,0.94126,0.0052296816056974,0.95225,0.86685,0.897,0.89,0.92,0.02,0.007965,0.05719,0.367586355270853,0.912542540777177,0.0423161501752766,0.052296816056974,8.5904136412964,34.495851221658,NA,NA,NA,NA
"A","C2",300,0.6,"weibull_cox","Stab-IPCW",100,0.94885,0.00474348303603284,0.957,0.90885,0.91495,0.98,0.99,0.02,0.003575,0.056,0.164846712142103,0.934405607590381,0.0520585334896298,0.0474348303603284,22.8093233375147,37.4882236536996,NA,NA,NA,NA
"B","C2",300,0.6,"weibull_cox","Stab-IPCW",100,0.95238,0.00304974017770615,0.95825,0.8905,0.919,0.93,0.98,0.02,0.001795,0.05597,0.32731926691555,0.92658633097832,0.0326095666696729,0.0304974017770615,20.9204187522259,34.110067529081,NA,NA,NA,NA
"C","C2",300,0.6,"weibull_cox","Stab-IPCW",100,0.93072,0.0110299759608519,0.953,0.870475,0.9007,0.9,0.92,0.02,0.01695,0.06462,0.368584679979029,0.899453662920505,0.0456782776657029,0.110299759608519,25.422946253313,37.0736503823042,NA,NA,NA,NA
"A","C3",300,0.6,"weibull_cox","Stab-IPCW",100,0.95433,0.00279410653217291,0.957,0.9128,0.9219,0.98,0.99,0.02,0.000935000000000001,0.0562,0.1727444204389,0.940244780674502,0.0291696535267165,0.0279410653217291,4.99691618116774,35.0834585761339,NA,NA,NA,NA
"B","C3",300,0.6,"weibull_cox","Stab-IPCW",100,0.92817,0.00916413524275339,0.948,0.85845,0.8977,0.89,0.92,0.02,0.016245,0.06066,0.33646288921958,0.895965284449004,0.0650591028887339,0.0916413524275339,4680.2498840668,30.8922968143456,NA,NA,NA,NA
"C","C3",300,0.6,"weibull_cox","Stab-IPCW",100,0.930235,0.00751236507635272,0.94925,0.836575,0.87245,0.8,0.86,0.02,0.015245,0.060725,0.369844645102423,0.896872610639426,0.0612987385966086,0.0751236507635272,11.9370553357211,31.9261234960492,NA,NA,NA,NA
"A","C1",600,0.6,"weibull_cox","Stab-IPCW",100,0.939115,0.0105808094222655,0.955,0.895475,0.92235,0.94,0.97,0.02,0.013795,0.066705,0.171880819854286,0.927860504262748,0.0422808073085965,0.105808094222655,13.553043000179,73.0902956592365,NA,NA,NA,NA
"B","C1",600,0.6,"weibull_cox","Stab-IPCW",100,0.95339,0.00192349350732652,0.95525,0.92285,0.92695,0.99,1,0.02,6.00000000000001e-05,0.05351,0.327639244980224,0.932894416716067,0.0208939119256198,0.0192349350732652,6.49947125463434,67.5346827490496,NA,NA,NA,NA
"C","C1",600,0.6,"weibull_cox","Stab-IPCW",100,0.93317,0.0136364192625128,0.95775,0.893975,0.91045,0.94,0.96,0.02,0.01897,0.07111,0.359400669996186,0.910134353339048,0.0268649822766975,0.136364192625128,5.04259152964315,74.286893764095,NA,NA,NA,NA
"A","C2",600,0.6,"weibull_cox","Stab-IPCW",100,0.92458,0.0123148073800641,0.9505,0.79745,0.91785,0.92,0.93,0.02,0.02374,0.07206,0.179287077181289,0.911909848011374,0.0837757347766866,0.123148073800641,7847.24133517498,72.5687492507621,NA,NA,NA,NA
"B","C2",600,0.6,"weibull_cox","Stab-IPCW",100,0.952405,0.00465625296420487,0.96125,0.927975,0.9337,0.97,0.97,0.02,0.00476,0.061925,0.329903837976865,0.926256095085751,0.0491918528197341,0.0465625296420487,16.7022322117504,73.0488751494597,NA,NA,NA,NA
"C","C2",600,0.6,"weibull_cox","Stab-IPCW",100,0.94766,0.00303571235378939,0.95325,0.90495,0.9175,0.97,0.98,0.02,0.00187,0.0514,0.368348704685837,0.921807128015133,0.0261996992811796,0.0303571235378939,8.65739418880216,74.1240731834101,NA,NA,NA,NA
"A","C3",600,0.6,"weibull_cox","Stab-IPCW",100,0.948985,0.0032828330260261,0.956,0.914525,0.92595,0.95,0.97,0.02,0.003285,0.055555,0.177766023620217,0.93691286411507,0.0273776433159495,0.032828330260261,12.5270522389203,65.7389167101518,NA,NA,NA,NA
"B","C3",600,0.6,"weibull_cox","Stab-IPCW",100,0.934275,0.00709464649143168,0.94825,0.870775,0.9084,0.92,0.94,0.02,0.01015,0.054575,0.34816878606163,0.908483626648973,0.0608774227941739,0.0709464649143168,34.7735720317324,58.9374328023024,NA,NA,NA,NA
"C","C3",600,0.6,"weibull_cox","Stab-IPCW",100,0.94217,0.00566478676482258,0.9545,0.898,0.9114,0.94,0.98,0.02,0.005325,0.05282,0.369434454116334,0.916203423418795,0.0490001030714232,0.0566478676482258,119.773211525417,61.7440870212221,NA,NA,NA,NA
"A","C1",1200,0.6,"weibull_cox","Stab-IPCW",100,0.957565,0.0022343694453205,0.9625,0.919325,0.9349,0.98,0.99,0.02,0.000900000000000001,0.059365,0.156533843038292,0.94629576304851,0.0216454441517205,0.022343694453205,15.3010402190486,144.998675833091,NA,NA,NA,NA
"B","C1",1200,0.6,"weibull_cox","Stab-IPCW",100,0.953,0.00151245669442971,0.954,0.926,0.93295,1,1,0.02,0,0.053,0.338570339346634,0.936842009450491,0.0161717424084498,0.0151245669442971,9.42302176999992,129.007853655169,NA,NA,NA,NA
"C","C1",1200,0.6,"weibull_cox","Stab-IPCW",100,0.95571,0.0015727987664021,0.95475,0.929975,0.93745,1,1,0.02,0,0.05571,0.364469749468328,0.933115807181093,0.0178217889566722,0.015727987664021,7.14208517852008,141.91859803068,NA,NA,NA,NA
"A","C2",1200,0.6,"weibull_cox","Stab-IPCW",100,0.94315,0.0101540321393459,0.95825,0.9252,0.93885,0.97,0.97,0.02,0.011845,0.06684,0.163910463686984,0.931190170862881,0.0322394763974826,0.101540321393459,38.960882583757,144.159399900734,NA,NA,NA,NA
"B","C2",1200,0.6,"weibull_cox","Stab-IPCW",100,0.954295,0.00305940423823484,0.959,0.9323,0.9368,0.97,0.97,0.02,0.00281,0.059915,0.328082873464944,0.929200186945319,0.0311040937251778,0.0305940423823484,34.3981276468832,135.912610771807,NA,NA,NA,NA
"C","C2",1200,0.6,"weibull_cox","Stab-IPCW",100,0.9396,0.0102286239286987,0.95225,0.922875,0.93,0.97,0.97,0.02,0.01242,0.06444,0.368095923694378,0.915668140836655,0.0388241307863181,0.102286239286987,37.1996153504387,140.874076397901,NA,NA,NA,NA
"A","C3",1200,0.6,"weibull_cox","Stab-IPCW",100,0.93363,0.0141742236885029,0.95925,0.9058,0.9299,0.96,0.97,0.02,0.02199,0.07761,0.163909800648496,0.92171807089989,0.0478477171911476,0.141742236885029,86.1637756965366,127.071435111555,NA,NA,NA,NA
"B","C3",1200,0.6,"weibull_cox","Stab-IPCW",100,0.94624,0.00179199228894445,0.94875,0.91245,0.924,0.98,1,0.02,0.000110000000000001,0.04646,0.348809785211258,0.92770981189841,0.0170785470013338,0.0179199228894445,16.7626209320655,102.980040979135,NA,NA,NA,NA
"C","C3",1200,0.6,"weibull_cox","Stab-IPCW",100,0.93948,0.00751194308344312,0.95,0.912875,0.9245,0.96,0.97,0.02,0.010155,0.05979,0.378062963847054,0.914361539358825,0.062187318854109,0.0751194308344312,1376.48534082857,119.994299467794,NA,NA,NA,NA
"A","C1",300,0.8,"weibull_cox","Stab-IPCW",100,0.9643,0.00484884136946783,0.97325,0.91875,0.93845,0.97,0.98,0.02,0.004005,0.07231,0.117723071857339,0.950530922240879,0.0516275511757438,0.0484884136946783,5.72898821994854,17.6192535285765,NA,NA,NA,NA
"B","C1",300,0.8,"weibull_cox","Stab-IPCW",100,0.960665,0.00381478420560764,0.9725,0.87555,0.9085,0.93,0.94,0.02,0.003115,0.066895,0.260145388861839,0.933967433519148,0.0294707524933662,0.0381478420560764,49.9897719278479,15.9003391956401,NA,NA,NA,NA
"C","C1",300,0.8,"weibull_cox","Stab-IPCW",100,0.956075,0.00472449759500971,0.97125,0.83275,0.9,0.9,0.91,0.02,0.00652500000000001,0.069125,0.270514992573445,0.914922548791162,0.0303878963145566,0.0472449759500971,84.9577520207112,17.0416994870487,NA,NA,NA,NA
"A","C2",300,0.8,"weibull_cox","Stab-IPCW",100,0.96218,0.00311211805493924,0.97025,0.900325,0.92845,0.95,0.96,0.02,0.001825,0.06583,0.128204003561772,0.946368427980584,0.0275715781048514,0.0311211805493924,164.897874215414,18.6923457596026,NA,NA,NA,NA
"B","C2",300,0.8,"weibull_cox","Stab-IPCW",100,0.959885,0.00619751846314395,0.97625,0.901175,0.9199,0.95,0.95,0.02,0.007695,0.075275,0.25982300307105,0.936914417421654,0.0752914203598124,0.0619751846314395,57.3487671630472,17.166694802917,NA,NA,NA,NA
"C","C2",300,0.8,"weibull_cox","Stab-IPCW",100,0.94794,0.00691109589462094,0.96725,0.858275,0.8728,0.87,0.89,0.02,0.010645,0.06923,0.295167961715232,0.913001860262363,0.0450448710070348,0.0691109589462094,13.1576110896136,15.8680716292335,NA,NA,NA,NA
"A","C3",300,0.8,"weibull_cox","Stab-IPCW",100,0.96482,0.00430728487916727,0.974,0.93045,0.93915,0.98,0.98,0.02,0.003345,0.07151,0.122134364105316,0.951063806560934,0.0507519218922552,0.0430728487916727,11.2163242545782,16.5178590306821,NA,NA,NA,NA
"B","C3",300,0.8,"weibull_cox","Stab-IPCW",100,0.95303,0.00636833953906735,0.9715,0.862,0.90785,0.93,0.94,0.02,0.009175,0.07138,0.266491763957575,0.925139713094315,0.0602026040579104,0.0636833953906735,11.2630103558388,14.493024164998,NA,NA,NA,NA
"C","C3",300,0.8,"weibull_cox","Stab-IPCW",100,0.95448,0.00481596104719305,0.96875,0.825925,0.90445,0.9,0.92,0.02,0.006775,0.06803,0.284857697409659,0.910750942024982,0.0295547770839986,0.0481596104719305,3.83104116164877,16.3752665574688,NA,NA,NA,NA
"A","C1",600,0.8,"weibull_cox","Stab-IPCW",100,0.97149,0.00171558483122558,0.97525,0.93445,0.94685,1,1,0.02,0,0.07149,0.115717789931232,0.960372960675837,0.0173205080756888,0.0171558483122558,4.23331752574379,34.0308648220045,NA,NA,NA,NA
"B","C1",600,0.8,"weibull_cox","Stab-IPCW",100,0.955945,0.0075329541839423,0.9675,0.9244,0.93595,0.97,0.98,0.02,0.00908,0.074105,0.289074997200831,0.937335927775179,0.0645790565543857,0.075329541839423,28.9816886667952,30.4594440321816,NA,NA,NA,NA
"C","C1",600,0.8,"weibull_cox","Stab-IPCW",100,0.962275,0.00449624071370245,0.97525,0.898725,0.9283,0.94,0.96,0.02,0.004555,0.071385,0.281962176645415,0.940740552337706,0.0358414014877496,0.0449624071370245,9.41134581669608,31.9704439531366,NA,NA,NA,NA
"A","C2",600,0.8,"weibull_cox","Stab-IPCW",100,0.969975,0.00200169593499153,0.97525,0.930925,0.9436,0.99,0.99,0.02,0.00021,0.070395,0.121283875122232,0.959224437264312,0.0197097627452678,0.0200169593499153,4.95134678610593,36.782972218278,NA,NA,NA,NA
"B","C2",600,0.8,"weibull_cox","Stab-IPCW",100,0.970485,0.00350081126961374,0.976,0.945,0.9543,0.98,0.98,0.02,0.00266,0.075805,0.27577281398178,0.952174287125765,0.0438597397128251,0.0350081126961374,13.1193960210565,34.240674792841,NA,NA,NA,NA
"C","C2",600,0.8,"weibull_cox","Stab-IPCW",100,0.96332,0.00277555636428323,0.971,0.905975,0.9241,0.96,1,0.02,0.000390000000000003,0.0641,0.280024391802888,0.939576956745222,0.0259157531749757,0.0277555636428323,28.6472475927497,33.9760935476987,NA,NA,NA,NA
"A","C3",600,0.8,"weibull_cox","Stab-IPCW",100,0.9674,0.00328065957891508,0.9745,0.922825,0.9419,0.97,0.98,0.02,0.002155,0.07171,0.116100847134076,0.955610928017805,0.0319296891701916,0.0328065957891508,8.08011982924326,29.7850615239731,NA,NA,NA,NA
"B","C3",600,0.8,"weibull_cox","Stab-IPCW",100,0.946945,0.00873867490763984,0.967,0.839475,0.9293,0.93,0.93,0.02,0.015095,0.077135,0.290571606494653,0.925921554263373,0.0804128237423747,0.0873867490763984,67.2089654842954,25.824484363949,NA,NA,NA,NA
"C","C3",600,0.8,"weibull_cox","Stab-IPCW",100,0.946655,0.0112361580276455,0.97225,0.8759,0.91545,0.93,0.94,0.02,0.01606,0.078775,0.304296450642432,0.923345362806597,0.0533166640616859,0.112361580276455,40.5881911939486,28.5882993664788,NA,NA,NA,NA
"A","C1",1200,0.8,"weibull_cox","Stab-IPCW",100,0.97714,0.00304153968186569,0.9835,0.9485,0.96185,0.99,0.99,0.02,0.00199,0.08112,0.0954553349738801,0.968932136955339,0.0249646214317847,0.0304153968186569,10.9043326897753,66.5885254250477,NA,NA,NA,NA
"B","C1",1200,0.8,"weibull_cox","Stab-IPCW",100,0.967855,0.002520434616602,0.972,0.939475,0.94795,0.98,0.98,0.02,0.001455,0.070765,0.274621663322914,0.954235160117144,0.0222190654323459,0.02520434616602,13.7284877954177,56.495478868752,NA,NA,NA,NA
"C","C1",1200,0.8,"weibull_cox","Stab-IPCW",100,0.974355,0.00128772948332413,0.97575,0.949975,0.9538,1,1,0.02,0,0.074355,0.282860798012012,0.957982848879826,0.0138808057286588,0.0128772948332413,5.3198502199763,63.0345504152081,NA,NA,NA,NA
"A","C2",1200,0.8,"weibull_cox","Stab-IPCW",100,0.9752,0.00266431714677248,0.98025,0.950125,0.962,0.99,0.99,0.02,0.001545,0.07829,0.108793224380204,0.96626891767066,0.0295152759626522,0.0266431714677248,9.56725858640936,69.869831325259,NA,NA,NA,NA
"B","C2",1200,0.8,"weibull_cox","Stab-IPCW",100,0.971735,0.00285158519622212,0.97725,0.95035,0.96025,0.99,0.99,0.02,0.00171,0.075155,0.27276615908235,0.954632797680237,0.0291251219271736,0.0285158519622212,362.974606377431,60.2826663321399,NA,NA,NA,NA
"C","C2",1200,0.8,"weibull_cox","Stab-IPCW",100,0.969515,0.00200455863047961,0.973,0.945875,0.94945,0.99,0.99,0.02,6e-04,0.070715,0.295235248582045,0.951268008603421,0.0196049365047055,0.0200455863047961,9.91316105805255,64.8162610916712,NA,NA,NA,NA
"A","C3",1200,0.8,"weibull_cox","Stab-IPCW",100,0.97601,0.00312936547607151,0.9825,0.945975,0.96185,0.99,0.99,0.02,0.001975,0.07996,0.0954063643332119,0.967225346705522,0.0261070059098273,0.0312936547607151,16.8977578282616,57.1297007886217,NA,NA,NA,NA
"B","C3",1200,0.8,"weibull_cox","Stab-IPCW",100,0.95749,0.00595109691951446,0.9725,0.911825,0.93195,0.96,0.97,0.02,0.006825,0.07114,0.278795386837187,0.942060408412272,0.0524944441504686,0.0595109691951446,52.1863836935279,45.6869658171067,NA,NA,NA,NA
"C","C3",1200,0.8,"weibull_cox","Stab-IPCW",100,0.96962,0.00159251912758283,0.97375,0.94355,0.9484,1,1,0.02,0,0.06962,0.294742655174901,0.951473983124744,0.0159050211244656,0.0159251912758283,9.20206071955999,52.5108759368464,NA,NA,NA,NA
